Country;HS Number;Date from;Date to;Lang 1;Desc 1;Desc 2;Desc 3;Desc 4;Desc 5;Desc 6;Desc 7;Lang 2;Desc 21;Desc 22;Desc 23;Desc 24;Desc 25;Desc 26;Desc 27;Unit of measure;Restriction code;Rate type;Champ24;Champ25;Base rate %;Rate amount;Rate curr;Rate qty;Rate qty uom;Spec App;Cert Ori;Cty Grp
AU;--;20240101;99991231;EN;;;;;;;;ES;;;;;;;;N/A;;_DAU1 ;20240101;99991231;0;0;;;;;;
AU;0000000000;20240101;99991231;EN;;;;;;;;ES;;;;;;;;N/A;;_DAU1 ;20240101;99991231;0;0;;;;;;
AU;2501000032;20240101;99991231;EN;Salt. sulfur. earths and stone. plastering materials, lime and cement---Salt (including table salt and denatured salt) and pure sodium chloride, whether or not in aqueous solution or containing added anti-caking or free-flowing agents. sea water.---SALT (INCLUDING TABLE SALT AND DENATURED SALT) AND PURE SODIUM CHLORIDE, WHETHER OR NOT IN AQUEOUS SOLUTION OR CONTAINING ADDED ANTI-CAKING OR FREE-FLOWING AGENTS. SEA WATER;;;;;;;ES;Salt. sulfur. earths and stone. plastering materials, lime and cement---Salt (including table salt and denatured salt) and pure sodium chloride, whether or not in aqueous solution or containing added anti-caking or free-flowing agents. sea water.---SALT (INCLUDING TABLE SALT AND DENATURED SALT) AND PURE SODIUM CHLORIDE, WHETHER OR NOT IN AQUEOUS SOLUTION OR CONTAINING ADDED ANTI-CAKING OR FREE-FLOWING AGENTS. SEA WATER;;;;;;;KG;;_DAU1;20240101;99991231;0;0;;;;;;
AU;2501000032;20240101;99991231;EN;Salt. sulfur. earths and stone. plastering materials, lime and cement---Salt (including table salt and denatured salt) and pure sodium chloride, whether or not in aqueous solution or containing added anti-caking or free-flowing agents. sea water.---SALT (INCLUDING TABLE SALT AND DENATURED SALT) AND PURE SODIUM CHLORIDE, WHETHER OR NOT IN AQUEOUS SOLUTION OR CONTAINING ADDED ANTI-CAKING OR FREE-FLOWING AGENTS. SEA WATER;;;;;;;ES;Salt. sulfur. earths and stone. plastering materials, lime and cement---Salt (including table salt and denatured salt) and pure sodium chloride, whether or not in aqueous solution or containing added anti-caking or free-flowing agents. sea water.---SALT (INCLUDING TABLE SALT AND DENATURED SALT) AND PURE SODIUM CHLORIDE, WHETHER OR NOT IN AQUEOUS SOLUTION OR CONTAINING ADDED ANTI-CAKING OR FREE-FLOWING AGENTS. SEA WATER;;;;;;;KG;;_DAU13;20240101;99991231;0;0;;;;;;
AU;2501000032;20240101;99991231;EN;Salt. sulfur. earths and stone. plastering materials, lime and cement---Salt (including table salt and denatured salt) and pure sodium chloride, whether or not in aqueous solution or containing added anti-caking or free-flowing agents. sea water.---SALT (INCLUDING TABLE SALT AND DENATURED SALT) AND PURE SODIUM CHLORIDE, WHETHER OR NOT IN AQUEOUS SOLUTION OR CONTAINING ADDED ANTI-CAKING OR FREE-FLOWING AGENTS. SEA WATER;;;;;;;ES;Salt. sulfur. earths and stone. plastering materials, lime and cement---Salt (including table salt and denatured salt) and pure sodium chloride, whether or not in aqueous solution or containing added anti-caking or free-flowing agents. sea water.---SALT (INCLUDING TABLE SALT AND DENATURED SALT) AND PURE SODIUM CHLORIDE, WHETHER OR NOT IN AQUEOUS SOLUTION OR CONTAINING ADDED ANTI-CAKING OR FREE-FLOWING AGENTS. SEA WATER;;;;;;;KG;;_DAU17;20240101;99991231;0;0;;;;;;
AU;2501000032;20240101;99991231;EN;Salt. sulfur. earths and stone. plastering materials, lime and cement---Salt (including table salt and denatured salt) and pure sodium chloride, whether or not in aqueous solution or containing added anti-caking or free-flowing agents. sea water.---SALT (INCLUDING TABLE SALT AND DENATURED SALT) AND PURE SODIUM CHLORIDE, WHETHER OR NOT IN AQUEOUS SOLUTION OR CONTAINING ADDED ANTI-CAKING OR FREE-FLOWING AGENTS. SEA WATER;;;;;;;ES;Salt. sulfur. earths and stone. plastering materials, lime and cement---Salt (including table salt and denatured salt) and pure sodium chloride, whether or not in aqueous solution or containing added anti-caking or free-flowing agents. sea water.---SALT (INCLUDING TABLE SALT AND DENATURED SALT) AND PURE SODIUM CHLORIDE, WHETHER OR NOT IN AQUEOUS SOLUTION OR CONTAINING ADDED ANTI-CAKING OR FREE-FLOWING AGENTS. SEA WATER;;;;;;;KG;;_DAU2;20240101;99991231;0;0;;;;;;
AU;2501000032;20240101;99991231;EN;Salt. sulfur. earths and stone. plastering materials, lime and cement---Salt (including table salt and denatured salt) and pure sodium chloride, whether or not in aqueous solution or containing added anti-caking or free-flowing agents. sea water.---SALT (INCLUDING TABLE SALT AND DENATURED SALT) AND PURE SODIUM CHLORIDE, WHETHER OR NOT IN AQUEOUS SOLUTION OR CONTAINING ADDED ANTI-CAKING OR FREE-FLOWING AGENTS. SEA WATER;;;;;;;ES;Salt. sulfur. earths and stone. plastering materials, lime and cement---Salt (including table salt and denatured salt) and pure sodium chloride, whether or not in aqueous solution or containing added anti-caking or free-flowing agents. sea water.---SALT (INCLUDING TABLE SALT AND DENATURED SALT) AND PURE SODIUM CHLORIDE, WHETHER OR NOT IN AQUEOUS SOLUTION OR CONTAINING ADDED ANTI-CAKING OR FREE-FLOWING AGENTS. SEA WATER;;;;;;;KG;;_DAU30;20240101;99991231;0;0;;;;;;
AU;2502000002;20240101;99991231;EN;Salt. sulfur. earths and stone. plastering materials, lime and cement---Unroasted iron pyrites.---UNROASTED IRON PYRITES;;;;;;;ES;Salt. sulfur. earths and stone. plastering materials, lime and cement---Unroasted iron pyrites.---UNROASTED IRON PYRITES;;;;;;;TNE;;_DAU1;20240101;99991231;0;0;;;;;;
AU;2502000002;20240101;99991231;EN;Salt. sulfur. earths and stone. plastering materials, lime and cement---Unroasted iron pyrites.---UNROASTED IRON PYRITES;;;;;;;ES;Salt. sulfur. earths and stone. plastering materials, lime and cement---Unroasted iron pyrites.---UNROASTED IRON PYRITES;;;;;;;TNE;;_DAU13;20240101;99991231;0;0;;;;;;
AU;2502000002;20240101;99991231;EN;Salt. sulfur. earths and stone. plastering materials, lime and cement---Unroasted iron pyrites.---UNROASTED IRON PYRITES;;;;;;;ES;Salt. sulfur. earths and stone. plastering materials, lime and cement---Unroasted iron pyrites.---UNROASTED IRON PYRITES;;;;;;;TNE;;_DAU17;20240101;99991231;0;0;;;;;;
AU;2502000002;20240101;99991231;EN;Salt. sulfur. earths and stone. plastering materials, lime and cement---Unroasted iron pyrites.---UNROASTED IRON PYRITES;;;;;;;ES;Salt. sulfur. earths and stone. plastering materials, lime and cement---Unroasted iron pyrites.---UNROASTED IRON PYRITES;;;;;;;TNE;;_DAU2;20240101;99991231;0;0;;;;;;
AU;2502000002;20240101;99991231;EN;Salt. sulfur. earths and stone. plastering materials, lime and cement---Unroasted iron pyrites.---UNROASTED IRON PYRITES;;;;;;;ES;Salt. sulfur. earths and stone. plastering materials, lime and cement---Unroasted iron pyrites.---UNROASTED IRON PYRITES;;;;;;;TNE;;_DAU30;20240101;99991231;0;0;;;;;;
AU;2503000038;20240101;99991231;EN;Salt. sulfur. earths and stone. plastering materials, lime and cement---Sulphur of all kinds, other than sublimed sulphur, precipitated sulphur and colloidal sulphur.---Crude or unrefined sulphur;;;;;;;ES;Salt. sulfur. earths and stone. plastering materials, lime and cement---Sulphur of all kinds, other than sublimed sulphur, precipitated sulphur and colloidal sulphur.---Crude or unrefined sulphur;;;;;;;TNE;;_DAU1;20240101;99991231;0;0;;;;;;
AU;2503000038;20240101;99991231;EN;Salt. sulfur. earths and stone. plastering materials, lime and cement---Sulphur of all kinds, other than sublimed sulphur, precipitated sulphur and colloidal sulphur.---Crude or unrefined sulphur;;;;;;;ES;Salt. sulfur. earths and stone. plastering materials, lime and cement---Sulphur of all kinds, other than sublimed sulphur, precipitated sulphur and colloidal sulphur.---Crude or unrefined sulphur;;;;;;;TNE;;_DAU13;20240101;99991231;0;0;;;;;;
AU;2503000038;20240101;99991231;EN;Salt. sulfur. earths and stone. plastering materials, lime and cement---Sulphur of all kinds, other than sublimed sulphur, precipitated sulphur and colloidal sulphur.---Crude or unrefined sulphur;;;;;;;ES;Salt. sulfur. earths and stone. plastering materials, lime and cement---Sulphur of all kinds, other than sublimed sulphur, precipitated sulphur and colloidal sulphur.---Crude or unrefined sulphur;;;;;;;TNE;;_DAU17;20240101;99991231;0;0;;;;;;
AU;2503000038;20240101;99991231;EN;Salt. sulfur. earths and stone. plastering materials, lime and cement---Sulphur of all kinds, other than sublimed sulphur, precipitated sulphur and colloidal sulphur.---Crude or unrefined sulphur;;;;;;;ES;Salt. sulfur. earths and stone. plastering materials, lime and cement---Sulphur of all kinds, other than sublimed sulphur, precipitated sulphur and colloidal sulphur.---Crude or unrefined sulphur;;;;;;;TNE;;_DAU2;20240101;99991231;0;0;;;;;;
AU;2503000038;20240101;99991231;EN;Salt. sulfur. earths and stone. plastering materials, lime and cement---Sulphur of all kinds, other than sublimed sulphur, precipitated sulphur and colloidal sulphur.---Crude or unrefined sulphur;;;;;;;ES;Salt. sulfur. earths and stone. plastering materials, lime and cement---Sulphur of all kinds, other than sublimed sulphur, precipitated sulphur and colloidal sulphur.---Crude or unrefined sulphur;;;;;;;TNE;;_DAU30;20240101;99991231;0;0;;;;;;
AU;2503000041;20240101;99991231;EN;Salt. sulfur. earths and stone. plastering materials, lime and cement---Sulphur of all kinds, other than sublimed sulphur, precipitated sulphur and colloidal sulphur.---Other;;;;;;;ES;Salt. sulfur. earths and stone. plastering materials, lime and cement---Sulphur of all kinds, other than sublimed sulphur, precipitated sulphur and colloidal sulphur.---Other;;;;;;;TNE;;_DAU1;20240101;99991231;0;0;;;;;;
AU;2503000041;20240101;99991231;EN;Salt. sulfur. earths and stone. plastering materials, lime and cement---Sulphur of all kinds, other than sublimed sulphur, precipitated sulphur and colloidal sulphur.---Other;;;;;;;ES;Salt. sulfur. earths and stone. plastering materials, lime and cement---Sulphur of all kinds, other than sublimed sulphur, precipitated sulphur and colloidal sulphur.---Other;;;;;;;TNE;;_DAU13;20240101;99991231;0;0;;;;;;
AU;2503000041;20240101;99991231;EN;Salt. sulfur. earths and stone. plastering materials, lime and cement---Sulphur of all kinds, other than sublimed sulphur, precipitated sulphur and colloidal sulphur.---Other;;;;;;;ES;Salt. sulfur. earths and stone. plastering materials, lime and cement---Sulphur of all kinds, other than sublimed sulphur, precipitated sulphur and colloidal sulphur.---Other;;;;;;;TNE;;_DAU17;20240101;99991231;0;0;;;;;;
AU;2503000041;20240101;99991231;EN;Salt. sulfur. earths and stone. plastering materials, lime and cement---Sulphur of all kinds, other than sublimed sulphur, precipitated sulphur and colloidal sulphur.---Other;;;;;;;ES;Salt. sulfur. earths and stone. plastering materials, lime and cement---Sulphur of all kinds, other than sublimed sulphur, precipitated sulphur and colloidal sulphur.---Other;;;;;;;TNE;;_DAU2;20240101;99991231;0;0;;;;;;
AU;2503000041;20240101;99991231;EN;Salt. sulfur. earths and stone. plastering materials, lime and cement---Sulphur of all kinds, other than sublimed sulphur, precipitated sulphur and colloidal sulphur.---Other;;;;;;;ES;Salt. sulfur. earths and stone. plastering materials, lime and cement---Sulphur of all kinds, other than sublimed sulphur, precipitated sulphur and colloidal sulphur.---Other;;;;;;;TNE;;_DAU30;20240101;99991231;0;0;;;;;;
AU;2504100007;20240101;99991231;EN;Salt. sulfur. earths and stone. plastering materials, lime and cement---NATURAL GRAPHITE:---In powder or in flakes;;;;;;;ES;Salt. sulfur. earths and stone. plastering materials, lime and cement---NATURAL GRAPHITE:---In powder or in flakes;;;;;;;KG;;_DAU1;20240101;99991231;0;0;;;;;;
AU;2504100007;20240101;99991231;EN;Salt. sulfur. earths and stone. plastering materials, lime and cement---NATURAL GRAPHITE:---In powder or in flakes;;;;;;;ES;Salt. sulfur. earths and stone. plastering materials, lime and cement---NATURAL GRAPHITE:---In powder or in flakes;;;;;;;KG;;_DAU13;20240101;99991231;0;0;;;;;;
AU;2504100007;20240101;99991231;EN;Salt. sulfur. earths and stone. plastering materials, lime and cement---NATURAL GRAPHITE:---In powder or in flakes;;;;;;;ES;Salt. sulfur. earths and stone. plastering materials, lime and cement---NATURAL GRAPHITE:---In powder or in flakes;;;;;;;KG;;_DAU17;20240101;99991231;0;0;;;;;;
AU;2504100007;20240101;99991231;EN;Salt. sulfur. earths and stone. plastering materials, lime and cement---NATURAL GRAPHITE:---In powder or in flakes;;;;;;;ES;Salt. sulfur. earths and stone. plastering materials, lime and cement---NATURAL GRAPHITE:---In powder or in flakes;;;;;;;KG;;_DAU2;20240101;99991231;0;0;;;;;;
AU;2504100007;20240101;99991231;EN;Salt. sulfur. earths and stone. plastering materials, lime and cement---NATURAL GRAPHITE:---In powder or in flakes;;;;;;;ES;Salt. sulfur. earths and stone. plastering materials, lime and cement---NATURAL GRAPHITE:---In powder or in flakes;;;;;;;KG;;_DAU30;20240101;99991231;0;0;;;;;;
AU;2504900008;20240101;99991231;EN;Salt. sulfur. earths and stone. plastering materials, lime and cement---NATURAL GRAPHITE:---Other;;;;;;;ES;Salt. sulfur. earths and stone. plastering materials, lime and cement---NATURAL GRAPHITE:---Other;;;;;;;KG;;_DAU1;20240101;99991231;0;0;;;;;;
AU;2504900008;20240101;99991231;EN;Salt. sulfur. earths and stone. plastering materials, lime and cement---NATURAL GRAPHITE:---Other;;;;;;;ES;Salt. sulfur. earths and stone. plastering materials, lime and cement---NATURAL GRAPHITE:---Other;;;;;;;KG;;_DAU13;20240101;99991231;0;0;;;;;;
AU;2504900008;20240101;99991231;EN;Salt. sulfur. earths and stone. plastering materials, lime and cement---NATURAL GRAPHITE:---Other;;;;;;;ES;Salt. sulfur. earths and stone. plastering materials, lime and cement---NATURAL GRAPHITE:---Other;;;;;;;KG;;_DAU17;20240101;99991231;0;0;;;;;;
AU;2504900008;20240101;99991231;EN;Salt. sulfur. earths and stone. plastering materials, lime and cement---NATURAL GRAPHITE:---Other;;;;;;;ES;Salt. sulfur. earths and stone. plastering materials, lime and cement---NATURAL GRAPHITE:---Other;;;;;;;KG;;_DAU2;20240101;99991231;0;0;;;;;;
AU;2504900008;20240101;99991231;EN;Salt. sulfur. earths and stone. plastering materials, lime and cement---NATURAL GRAPHITE:---Other;;;;;;;ES;Salt. sulfur. earths and stone. plastering materials, lime and cement---NATURAL GRAPHITE:---Other;;;;;;;KG;;_DAU30;20240101;99991231;0;0;;;;;;
AU;2505100009;20240101;99991231;EN;Salt. sulfur. earths and stone. plastering materials, lime and cement---NATURAL SANDS OF ALL KINDS, WHETHER OR NOT COLOURED, OTHER THAN METAL- BEARING SANDS OF CHAPTER 26:---Silica sands and quartz sands;;;;;;;ES;Salt. sulfur. earths and stone. plastering materials, lime and cement---NATURAL SANDS OF ALL KINDS, WHETHER OR NOT COLOURED, OTHER THAN METAL- BEARING SANDS OF CHAPTER 26:---Silica sands and quartz sands;;;;;;;KG;;_DAU1;20240101;99991231;0;0;;;;;;
AU;2505100009;20240101;99991231;EN;Salt. sulfur. earths and stone. plastering materials, lime and cement---NATURAL SANDS OF ALL KINDS, WHETHER OR NOT COLOURED, OTHER THAN METAL- BEARING SANDS OF CHAPTER 26:---Silica sands and quartz sands;;;;;;;ES;Salt. sulfur. earths and stone. plastering materials, lime and cement---NATURAL SANDS OF ALL KINDS, WHETHER OR NOT COLOURED, OTHER THAN METAL- BEARING SANDS OF CHAPTER 26:---Silica sands and quartz sands;;;;;;;KG;;_DAU13;20240101;99991231;0;0;;;;;;
AU;2505100009;20240101;99991231;EN;Salt. sulfur. earths and stone. plastering materials, lime and cement---NATURAL SANDS OF ALL KINDS, WHETHER OR NOT COLOURED, OTHER THAN METAL- BEARING SANDS OF CHAPTER 26:---Silica sands and quartz sands;;;;;;;ES;Salt. sulfur. earths and stone. plastering materials, lime and cement---NATURAL SANDS OF ALL KINDS, WHETHER OR NOT COLOURED, OTHER THAN METAL- BEARING SANDS OF CHAPTER 26:---Silica sands and quartz sands;;;;;;;KG;;_DAU17;20240101;99991231;0;0;;;;;;
AU;2505100009;20240101;99991231;EN;Salt. sulfur. earths and stone. plastering materials, lime and cement---NATURAL SANDS OF ALL KINDS, WHETHER OR NOT COLOURED, OTHER THAN METAL- BEARING SANDS OF CHAPTER 26:---Silica sands and quartz sands;;;;;;;ES;Salt. sulfur. earths and stone. plastering materials, lime and cement---NATURAL SANDS OF ALL KINDS, WHETHER OR NOT COLOURED, OTHER THAN METAL- BEARING SANDS OF CHAPTER 26:---Silica sands and quartz sands;;;;;;;KG;;_DAU2;20240101;99991231;0;0;;;;;;
AU;2505100009;20240101;99991231;EN;Salt. sulfur. earths and stone. plastering materials, lime and cement---NATURAL SANDS OF ALL KINDS, WHETHER OR NOT COLOURED, OTHER THAN METAL- BEARING SANDS OF CHAPTER 26:---Silica sands and quartz sands;;;;;;;ES;Salt. sulfur. earths and stone. plastering materials, lime and cement---NATURAL SANDS OF ALL KINDS, WHETHER OR NOT COLOURED, OTHER THAN METAL- BEARING SANDS OF CHAPTER 26:---Silica sands and quartz sands;;;;;;;KG;;_DAU30;20240101;99991231;0;0;;;;;;
AU;2505900010;20240101;99991231;EN;Salt. sulfur. earths and stone. plastering materials, lime and cement---NATURAL SANDS OF ALL KINDS, WHETHER OR NOT COLOURED, OTHER THAN METAL- BEARING SANDS OF CHAPTER 26:---Other;;;;;;;ES;Salt. sulfur. earths and stone. plastering materials, lime and cement---NATURAL SANDS OF ALL KINDS, WHETHER OR NOT COLOURED, OTHER THAN METAL- BEARING SANDS OF CHAPTER 26:---Other;;;;;;;KG;;_DAU1;20240101;99991231;0;0;;;;;;
AU;2505900010;20240101;99991231;EN;Salt. sulfur. earths and stone. plastering materials, lime and cement---NATURAL SANDS OF ALL KINDS, WHETHER OR NOT COLOURED, OTHER THAN METAL- BEARING SANDS OF CHAPTER 26:---Other;;;;;;;ES;Salt. sulfur. earths and stone. plastering materials, lime and cement---NATURAL SANDS OF ALL KINDS, WHETHER OR NOT COLOURED, OTHER THAN METAL- BEARING SANDS OF CHAPTER 26:---Other;;;;;;;KG;;_DAU13;20240101;99991231;0;0;;;;;;
AU;2505900010;20240101;99991231;EN;Salt. sulfur. earths and stone. plastering materials, lime and cement---NATURAL SANDS OF ALL KINDS, WHETHER OR NOT COLOURED, OTHER THAN METAL- BEARING SANDS OF CHAPTER 26:---Other;;;;;;;ES;Salt. sulfur. earths and stone. plastering materials, lime and cement---NATURAL SANDS OF ALL KINDS, WHETHER OR NOT COLOURED, OTHER THAN METAL- BEARING SANDS OF CHAPTER 26:---Other;;;;;;;KG;;_DAU17;20240101;99991231;0;0;;;;;;
AU;2505900010;20240101;99991231;EN;Salt. sulfur. earths and stone. plastering materials, lime and cement---NATURAL SANDS OF ALL KINDS, WHETHER OR NOT COLOURED, OTHER THAN METAL- BEARING SANDS OF CHAPTER 26:---Other;;;;;;;ES;Salt. sulfur. earths and stone. plastering materials, lime and cement---NATURAL SANDS OF ALL KINDS, WHETHER OR NOT COLOURED, OTHER THAN METAL- BEARING SANDS OF CHAPTER 26:---Other;;;;;;;KG;;_DAU2;20240101;99991231;0;0;;;;;;
AU;2505900010;20240101;99991231;EN;Salt. sulfur. earths and stone. plastering materials, lime and cement---NATURAL SANDS OF ALL KINDS, WHETHER OR NOT COLOURED, OTHER THAN METAL- BEARING SANDS OF CHAPTER 26:---Other;;;;;;;ES;Salt. sulfur. earths and stone. plastering materials, lime and cement---NATURAL SANDS OF ALL KINDS, WHETHER OR NOT COLOURED, OTHER THAN METAL- BEARING SANDS OF CHAPTER 26:---Other;;;;;;;KG;;_DAU30;20240101;99991231;0;0;;;;;;
AU;2506100011;20240101;99991231;EN;Salt. sulfur. earths and stone. plastering materials, lime and cement---QUARTZ (OTHER THAN NATURAL SANDS). QUARTZITE, WHETHER OR NOT ROUGHLY TRIMMED OR MERELY CUT, BY SAWING OR OTHERWISE, INTO BLOCKS OR SLABS OF A RECTANGULAR (INCLUDING SQUARE) SHAPE:---Quartz;;;;;;;ES;Salt. sulfur. earths and stone. plastering materials, lime and cement---QUARTZ (OTHER THAN NATURAL SANDS). QUARTZITE, WHETHER OR NOT ROUGHLY TRIMMED OR MERELY CUT, BY SAWING OR OTHERWISE, INTO BLOCKS OR SLABS OF A RECTANGULAR (INCLUDING SQUARE) SHAPE:---Quartz;;;;;;;KG;;_DAU1;20240101;99991231;0;0;;;;;;
AU;2506100011;20240101;99991231;EN;Salt. sulfur. earths and stone. plastering materials, lime and cement---QUARTZ (OTHER THAN NATURAL SANDS). QUARTZITE, WHETHER OR NOT ROUGHLY TRIMMED OR MERELY CUT, BY SAWING OR OTHERWISE, INTO BLOCKS OR SLABS OF A RECTANGULAR (INCLUDING SQUARE) SHAPE:---Quartz;;;;;;;ES;Salt. sulfur. earths and stone. plastering materials, lime and cement---QUARTZ (OTHER THAN NATURAL SANDS). QUARTZITE, WHETHER OR NOT ROUGHLY TRIMMED OR MERELY CUT, BY SAWING OR OTHERWISE, INTO BLOCKS OR SLABS OF A RECTANGULAR (INCLUDING SQUARE) SHAPE:---Quartz;;;;;;;KG;;_DAU13;20240101;99991231;0;0;;;;;;
AU;2506100011;20240101;99991231;EN;Salt. sulfur. earths and stone. plastering materials, lime and cement---QUARTZ (OTHER THAN NATURAL SANDS). QUARTZITE, WHETHER OR NOT ROUGHLY TRIMMED OR MERELY CUT, BY SAWING OR OTHERWISE, INTO BLOCKS OR SLABS OF A RECTANGULAR (INCLUDING SQUARE) SHAPE:---Quartz;;;;;;;ES;Salt. sulfur. earths and stone. plastering materials, lime and cement---QUARTZ (OTHER THAN NATURAL SANDS). QUARTZITE, WHETHER OR NOT ROUGHLY TRIMMED OR MERELY CUT, BY SAWING OR OTHERWISE, INTO BLOCKS OR SLABS OF A RECTANGULAR (INCLUDING SQUARE) SHAPE:---Quartz;;;;;;;KG;;_DAU17;20240101;99991231;0;0;;;;;;
AU;2506100011;20240101;99991231;EN;Salt. sulfur. earths and stone. plastering materials, lime and cement---QUARTZ (OTHER THAN NATURAL SANDS). QUARTZITE, WHETHER OR NOT ROUGHLY TRIMMED OR MERELY CUT, BY SAWING OR OTHERWISE, INTO BLOCKS OR SLABS OF A RECTANGULAR (INCLUDING SQUARE) SHAPE:---Quartz;;;;;;;ES;Salt. sulfur. earths and stone. plastering materials, lime and cement---QUARTZ (OTHER THAN NATURAL SANDS). QUARTZITE, WHETHER OR NOT ROUGHLY TRIMMED OR MERELY CUT, BY SAWING OR OTHERWISE, INTO BLOCKS OR SLABS OF A RECTANGULAR (INCLUDING SQUARE) SHAPE:---Quartz;;;;;;;KG;;_DAU2;20240101;99991231;0;0;;;;;;
AU;2506100011;20240101;99991231;EN;Salt. sulfur. earths and stone. plastering materials, lime and cement---QUARTZ (OTHER THAN NATURAL SANDS). QUARTZITE, WHETHER OR NOT ROUGHLY TRIMMED OR MERELY CUT, BY SAWING OR OTHERWISE, INTO BLOCKS OR SLABS OF A RECTANGULAR (INCLUDING SQUARE) SHAPE:---Quartz;;;;;;;ES;Salt. sulfur. earths and stone. plastering materials, lime and cement---QUARTZ (OTHER THAN NATURAL SANDS). QUARTZITE, WHETHER OR NOT ROUGHLY TRIMMED OR MERELY CUT, BY SAWING OR OTHERWISE, INTO BLOCKS OR SLABS OF A RECTANGULAR (INCLUDING SQUARE) SHAPE:---Quartz;;;;;;;KG;;_DAU30;20240101;99991231;0;0;;;;;;
AU;2506200012;20240101;99991231;EN;Salt. sulfur. earths and stone. plastering materials, lime and cement---QUARTZ (OTHER THAN NATURAL SANDS). QUARTZITE, WHETHER OR NOT ROUGHLY TRIMMED OR MERELY CUT, BY SAWING OR OTHERWISE, INTO BLOCKS OR SLABS OF A RECTANGULAR (INCLUDING SQUARE) SHAPE:---Quartzite;;;;;;;ES;Salt. sulfur. earths and stone. plastering materials, lime and cement---QUARTZ (OTHER THAN NATURAL SANDS). QUARTZITE, WHETHER OR NOT ROUGHLY TRIMMED OR MERELY CUT, BY SAWING OR OTHERWISE, INTO BLOCKS OR SLABS OF A RECTANGULAR (INCLUDING SQUARE) SHAPE:---Quartzite;;;;;;;KG;;_DAU1;20240101;99991231;0;0;;;;;;
AU;2506200012;20240101;99991231;EN;Salt. sulfur. earths and stone. plastering materials, lime and cement---QUARTZ (OTHER THAN NATURAL SANDS). QUARTZITE, WHETHER OR NOT ROUGHLY TRIMMED OR MERELY CUT, BY SAWING OR OTHERWISE, INTO BLOCKS OR SLABS OF A RECTANGULAR (INCLUDING SQUARE) SHAPE:---Quartzite;;;;;;;ES;Salt. sulfur. earths and stone. plastering materials, lime and cement---QUARTZ (OTHER THAN NATURAL SANDS). QUARTZITE, WHETHER OR NOT ROUGHLY TRIMMED OR MERELY CUT, BY SAWING OR OTHERWISE, INTO BLOCKS OR SLABS OF A RECTANGULAR (INCLUDING SQUARE) SHAPE:---Quartzite;;;;;;;KG;;_DAU13;20240101;99991231;0;0;;;;;;
AU;2506200012;20240101;99991231;EN;Salt. sulfur. earths and stone. plastering materials, lime and cement---QUARTZ (OTHER THAN NATURAL SANDS). QUARTZITE, WHETHER OR NOT ROUGHLY TRIMMED OR MERELY CUT, BY SAWING OR OTHERWISE, INTO BLOCKS OR SLABS OF A RECTANGULAR (INCLUDING SQUARE) SHAPE:---Quartzite;;;;;;;ES;Salt. sulfur. earths and stone. plastering materials, lime and cement---QUARTZ (OTHER THAN NATURAL SANDS). QUARTZITE, WHETHER OR NOT ROUGHLY TRIMMED OR MERELY CUT, BY SAWING OR OTHERWISE, INTO BLOCKS OR SLABS OF A RECTANGULAR (INCLUDING SQUARE) SHAPE:---Quartzite;;;;;;;KG;;_DAU17;20240101;99991231;0;0;;;;;;
AU;2506200012;20240101;99991231;EN;Salt. sulfur. earths and stone. plastering materials, lime and cement---QUARTZ (OTHER THAN NATURAL SANDS). QUARTZITE, WHETHER OR NOT ROUGHLY TRIMMED OR MERELY CUT, BY SAWING OR OTHERWISE, INTO BLOCKS OR SLABS OF A RECTANGULAR (INCLUDING SQUARE) SHAPE:---Quartzite;;;;;;;ES;Salt. sulfur. earths and stone. plastering materials, lime and cement---QUARTZ (OTHER THAN NATURAL SANDS). QUARTZITE, WHETHER OR NOT ROUGHLY TRIMMED OR MERELY CUT, BY SAWING OR OTHERWISE, INTO BLOCKS OR SLABS OF A RECTANGULAR (INCLUDING SQUARE) SHAPE:---Quartzite;;;;;;;KG;;_DAU2;20240101;99991231;0;0;;;;;;
AU;2506200012;20240101;99991231;EN;Salt. sulfur. earths and stone. plastering materials, lime and cement---QUARTZ (OTHER THAN NATURAL SANDS). QUARTZITE, WHETHER OR NOT ROUGHLY TRIMMED OR MERELY CUT, BY SAWING OR OTHERWISE, INTO BLOCKS OR SLABS OF A RECTANGULAR (INCLUDING SQUARE) SHAPE:---Quartzite;;;;;;;ES;Salt. sulfur. earths and stone. plastering materials, lime and cement---QUARTZ (OTHER THAN NATURAL SANDS). QUARTZITE, WHETHER OR NOT ROUGHLY TRIMMED OR MERELY CUT, BY SAWING OR OTHERWISE, INTO BLOCKS OR SLABS OF A RECTANGULAR (INCLUDING SQUARE) SHAPE:---Quartzite;;;;;;;KG;;_DAU30;20240101;99991231;0;0;;;;;;
AU;2507000014;20240101;99991231;EN;Salt. sulfur. earths and stone. plastering materials, lime and cement---Kaolin and other kaolinic clays, whether or not calcined.---KAOLIN AND OTHER KAOLINIC CLAYS, WHETHER OR NOT CALCINED;;;;;;;ES;Salt. sulfur. earths and stone. plastering materials, lime and cement---Kaolin and other kaolinic clays, whether or not calcined.---KAOLIN AND OTHER KAOLINIC CLAYS, WHETHER OR NOT CALCINED;;;;;;;KG;;_DAU1;20240101;99991231;0;0;;;;;;
AU;2507000014;20240101;99991231;EN;Salt. sulfur. earths and stone. plastering materials, lime and cement---Kaolin and other kaolinic clays, whether or not calcined.---KAOLIN AND OTHER KAOLINIC CLAYS, WHETHER OR NOT CALCINED;;;;;;;ES;Salt. sulfur. earths and stone. plastering materials, lime and cement---Kaolin and other kaolinic clays, whether or not calcined.---KAOLIN AND OTHER KAOLINIC CLAYS, WHETHER OR NOT CALCINED;;;;;;;KG;;_DAU13;20240101;99991231;0;0;;;;;;
AU;2507000014;20240101;99991231;EN;Salt. sulfur. earths and stone. plastering materials, lime and cement---Kaolin and other kaolinic clays, whether or not calcined.---KAOLIN AND OTHER KAOLINIC CLAYS, WHETHER OR NOT CALCINED;;;;;;;ES;Salt. sulfur. earths and stone. plastering materials, lime and cement---Kaolin and other kaolinic clays, whether or not calcined.---KAOLIN AND OTHER KAOLINIC CLAYS, WHETHER OR NOT CALCINED;;;;;;;KG;;_DAU17;20240101;99991231;0;0;;;;;;
AU;2507000014;20240101;99991231;EN;Salt. sulfur. earths and stone. plastering materials, lime and cement---Kaolin and other kaolinic clays, whether or not calcined.---KAOLIN AND OTHER KAOLINIC CLAYS, WHETHER OR NOT CALCINED;;;;;;;ES;Salt. sulfur. earths and stone. plastering materials, lime and cement---Kaolin and other kaolinic clays, whether or not calcined.---KAOLIN AND OTHER KAOLINIC CLAYS, WHETHER OR NOT CALCINED;;;;;;;KG;;_DAU2;20240101;99991231;0;0;;;;;;
AU;2507000014;20240101;99991231;EN;Salt. sulfur. earths and stone. plastering materials, lime and cement---Kaolin and other kaolinic clays, whether or not calcined.---KAOLIN AND OTHER KAOLINIC CLAYS, WHETHER OR NOT CALCINED;;;;;;;ES;Salt. sulfur. earths and stone. plastering materials, lime and cement---Kaolin and other kaolinic clays, whether or not calcined.---KAOLIN AND OTHER KAOLINIC CLAYS, WHETHER OR NOT CALCINED;;;;;;;KG;;_DAU30;20240101;99991231;0;0;;;;;;
AU;2508100015;20240101;99991231;EN;Salt. sulfur. earths and stone. plastering materials, lime and cement---OTHER CLAYS (NOT INCLUDING EXPANDED CLAYS OF 6806), ANDALUSITE, KYANITE AND SILLIMANITE, WHETHER OR NOT CALCINED. MULLITE. CHAMOTTE OR DINAS EARTHS:---Bentonite;;;;;;;ES;Salt. sulfur. earths and stone. plastering materials, lime and cement---OTHER CLAYS (NOT INCLUDING EXPANDED CLAYS OF 6806), ANDALUSITE, KYANITE AND SILLIMANITE, WHETHER OR NOT CALCINED. MULLITE. CHAMOTTE OR DINAS EARTHS:---Bentonite;;;;;;;KG;;_DAU1;20240101;99991231;0;0;;;;;;
AU;2508100015;20240101;99991231;EN;Salt. sulfur. earths and stone. plastering materials, lime and cement---OTHER CLAYS (NOT INCLUDING EXPANDED CLAYS OF 6806), ANDALUSITE, KYANITE AND SILLIMANITE, WHETHER OR NOT CALCINED. MULLITE. CHAMOTTE OR DINAS EARTHS:---Bentonite;;;;;;;ES;Salt. sulfur. earths and stone. plastering materials, lime and cement---OTHER CLAYS (NOT INCLUDING EXPANDED CLAYS OF 6806), ANDALUSITE, KYANITE AND SILLIMANITE, WHETHER OR NOT CALCINED. MULLITE. CHAMOTTE OR DINAS EARTHS:---Bentonite;;;;;;;KG;;_DAU13;20240101;99991231;0;0;;;;;;
AU;2508100015;20240101;99991231;EN;Salt. sulfur. earths and stone. plastering materials, lime and cement---OTHER CLAYS (NOT INCLUDING EXPANDED CLAYS OF 6806), ANDALUSITE, KYANITE AND SILLIMANITE, WHETHER OR NOT CALCINED. MULLITE. CHAMOTTE OR DINAS EARTHS:---Bentonite;;;;;;;ES;Salt. sulfur. earths and stone. plastering materials, lime and cement---OTHER CLAYS (NOT INCLUDING EXPANDED CLAYS OF 6806), ANDALUSITE, KYANITE AND SILLIMANITE, WHETHER OR NOT CALCINED. MULLITE. CHAMOTTE OR DINAS EARTHS:---Bentonite;;;;;;;KG;;_DAU17;20240101;99991231;0;0;;;;;;
AU;2508100015;20240101;99991231;EN;Salt. sulfur. earths and stone. plastering materials, lime and cement---OTHER CLAYS (NOT INCLUDING EXPANDED CLAYS OF 6806), ANDALUSITE, KYANITE AND SILLIMANITE, WHETHER OR NOT CALCINED. MULLITE. CHAMOTTE OR DINAS EARTHS:---Bentonite;;;;;;;ES;Salt. sulfur. earths and stone. plastering materials, lime and cement---OTHER CLAYS (NOT INCLUDING EXPANDED CLAYS OF 6806), ANDALUSITE, KYANITE AND SILLIMANITE, WHETHER OR NOT CALCINED. MULLITE. CHAMOTTE OR DINAS EARTHS:---Bentonite;;;;;;;KG;;_DAU2;20240101;99991231;0;0;;;;;;
AU;2508100015;20240101;99991231;EN;Salt. sulfur. earths and stone. plastering materials, lime and cement---OTHER CLAYS (NOT INCLUDING EXPANDED CLAYS OF 6806), ANDALUSITE, KYANITE AND SILLIMANITE, WHETHER OR NOT CALCINED. MULLITE. CHAMOTTE OR DINAS EARTHS:---Bentonite;;;;;;;ES;Salt. sulfur. earths and stone. plastering materials, lime and cement---OTHER CLAYS (NOT INCLUDING EXPANDED CLAYS OF 6806), ANDALUSITE, KYANITE AND SILLIMANITE, WHETHER OR NOT CALCINED. MULLITE. CHAMOTTE OR DINAS EARTHS:---Bentonite;;;;;;;KG;;_DAU30;20240101;99991231;0;0;;;;;;
AU;2508300017;20240101;99991231;EN;Salt. sulfur. earths and stone. plastering materials, lime and cement---OTHER CLAYS (NOT INCLUDING EXPANDED CLAYS OF 6806), ANDALUSITE, KYANITE AND SILLIMANITE, WHETHER OR NOT CALCINED. MULLITE. CHAMOTTE OR DINAS EARTHS:---Fire-clay;;;;;;;ES;Salt. sulfur. earths and stone. plastering materials, lime and cement---OTHER CLAYS (NOT INCLUDING EXPANDED CLAYS OF 6806), ANDALUSITE, KYANITE AND SILLIMANITE, WHETHER OR NOT CALCINED. MULLITE. CHAMOTTE OR DINAS EARTHS:---Fire-clay;;;;;;;KG;;_DAU1;20240101;99991231;0;0;;;;;;
AU;2508300017;20240101;99991231;EN;Salt. sulfur. earths and stone. plastering materials, lime and cement---OTHER CLAYS (NOT INCLUDING EXPANDED CLAYS OF 6806), ANDALUSITE, KYANITE AND SILLIMANITE, WHETHER OR NOT CALCINED. MULLITE. CHAMOTTE OR DINAS EARTHS:---Fire-clay;;;;;;;ES;Salt. sulfur. earths and stone. plastering materials, lime and cement---OTHER CLAYS (NOT INCLUDING EXPANDED CLAYS OF 6806), ANDALUSITE, KYANITE AND SILLIMANITE, WHETHER OR NOT CALCINED. MULLITE. CHAMOTTE OR DINAS EARTHS:---Fire-clay;;;;;;;KG;;_DAU13;20240101;99991231;0;0;;;;;;
AU;2508300017;20240101;99991231;EN;Salt. sulfur. earths and stone. plastering materials, lime and cement---OTHER CLAYS (NOT INCLUDING EXPANDED CLAYS OF 6806), ANDALUSITE, KYANITE AND SILLIMANITE, WHETHER OR NOT CALCINED. MULLITE. CHAMOTTE OR DINAS EARTHS:---Fire-clay;;;;;;;ES;Salt. sulfur. earths and stone. plastering materials, lime and cement---OTHER CLAYS (NOT INCLUDING EXPANDED CLAYS OF 6806), ANDALUSITE, KYANITE AND SILLIMANITE, WHETHER OR NOT CALCINED. MULLITE. CHAMOTTE OR DINAS EARTHS:---Fire-clay;;;;;;;KG;;_DAU17;20240101;99991231;0;0;;;;;;
AU;2508300017;20240101;99991231;EN;Salt. sulfur. earths and stone. plastering materials, lime and cement---OTHER CLAYS (NOT INCLUDING EXPANDED CLAYS OF 6806), ANDALUSITE, KYANITE AND SILLIMANITE, WHETHER OR NOT CALCINED. MULLITE. CHAMOTTE OR DINAS EARTHS:---Fire-clay;;;;;;;ES;Salt. sulfur. earths and stone. plastering materials, lime and cement---OTHER CLAYS (NOT INCLUDING EXPANDED CLAYS OF 6806), ANDALUSITE, KYANITE AND SILLIMANITE, WHETHER OR NOT CALCINED. MULLITE. CHAMOTTE OR DINAS EARTHS:---Fire-clay;;;;;;;KG;;_DAU2;20240101;99991231;0;0;;;;;;
AU;2508300017;20240101;99991231;EN;Salt. sulfur. earths and stone. plastering materials, lime and cement---OTHER CLAYS (NOT INCLUDING EXPANDED CLAYS OF 6806), ANDALUSITE, KYANITE AND SILLIMANITE, WHETHER OR NOT CALCINED. MULLITE. CHAMOTTE OR DINAS EARTHS:---Fire-clay;;;;;;;ES;Salt. sulfur. earths and stone. plastering materials, lime and cement---OTHER CLAYS (NOT INCLUDING EXPANDED CLAYS OF 6806), ANDALUSITE, KYANITE AND SILLIMANITE, WHETHER OR NOT CALCINED. MULLITE. CHAMOTTE OR DINAS EARTHS:---Fire-clay;;;;;;;KG;;_DAU30;20240101;99991231;0;0;;;;;;
AU;2508400040;20240101;99991231;EN;Salt. sulfur. earths and stone. plastering materials, lime and cement---OTHER CLAYS (NOT INCLUDING EXPANDED CLAYS OF 6806), ANDALUSITE, KYANITE AND SILLIMANITE, WHETHER OR NOT CALCINED. MULLITE. CHAMOTTE OR DINAS EARTHS:---Other clays;;;;;;;ES;Salt. sulfur. earths and stone. plastering materials, lime and cement---OTHER CLAYS (NOT INCLUDING EXPANDED CLAYS OF 6806), ANDALUSITE, KYANITE AND SILLIMANITE, WHETHER OR NOT CALCINED. MULLITE. CHAMOTTE OR DINAS EARTHS:---Other clays;;;;;;;KG;;_DAU1;20240101;99991231;0;0;;;;;;
AU;2508400040;20240101;99991231;EN;Salt. sulfur. earths and stone. plastering materials, lime and cement---OTHER CLAYS (NOT INCLUDING EXPANDED CLAYS OF 6806), ANDALUSITE, KYANITE AND SILLIMANITE, WHETHER OR NOT CALCINED. MULLITE. CHAMOTTE OR DINAS EARTHS:---Other clays;;;;;;;ES;Salt. sulfur. earths and stone. plastering materials, lime and cement---OTHER CLAYS (NOT INCLUDING EXPANDED CLAYS OF 6806), ANDALUSITE, KYANITE AND SILLIMANITE, WHETHER OR NOT CALCINED. MULLITE. CHAMOTTE OR DINAS EARTHS:---Other clays;;;;;;;KG;;_DAU13;20240101;99991231;0;0;;;;;;
AU;2508400040;20240101;99991231;EN;Salt. sulfur. earths and stone. plastering materials, lime and cement---OTHER CLAYS (NOT INCLUDING EXPANDED CLAYS OF 6806), ANDALUSITE, KYANITE AND SILLIMANITE, WHETHER OR NOT CALCINED. MULLITE. CHAMOTTE OR DINAS EARTHS:---Other clays;;;;;;;ES;Salt. sulfur. earths and stone. plastering materials, lime and cement---OTHER CLAYS (NOT INCLUDING EXPANDED CLAYS OF 6806), ANDALUSITE, KYANITE AND SILLIMANITE, WHETHER OR NOT CALCINED. MULLITE. CHAMOTTE OR DINAS EARTHS:---Other clays;;;;;;;KG;;_DAU17;20240101;99991231;0;0;;;;;;
AU;2508400040;20240101;99991231;EN;Salt. sulfur. earths and stone. plastering materials, lime and cement---OTHER CLAYS (NOT INCLUDING EXPANDED CLAYS OF 6806), ANDALUSITE, KYANITE AND SILLIMANITE, WHETHER OR NOT CALCINED. MULLITE. CHAMOTTE OR DINAS EARTHS:---Other clays;;;;;;;ES;Salt. sulfur. earths and stone. plastering materials, lime and cement---OTHER CLAYS (NOT INCLUDING EXPANDED CLAYS OF 6806), ANDALUSITE, KYANITE AND SILLIMANITE, WHETHER OR NOT CALCINED. MULLITE. CHAMOTTE OR DINAS EARTHS:---Other clays;;;;;;;KG;;_DAU2;20240101;99991231;0;0;;;;;;
AU;2508400040;20240101;99991231;EN;Salt. sulfur. earths and stone. plastering materials, lime and cement---OTHER CLAYS (NOT INCLUDING EXPANDED CLAYS OF 6806), ANDALUSITE, KYANITE AND SILLIMANITE, WHETHER OR NOT CALCINED. MULLITE. CHAMOTTE OR DINAS EARTHS:---Other clays;;;;;;;ES;Salt. sulfur. earths and stone. plastering materials, lime and cement---OTHER CLAYS (NOT INCLUDING EXPANDED CLAYS OF 6806), ANDALUSITE, KYANITE AND SILLIMANITE, WHETHER OR NOT CALCINED. MULLITE. CHAMOTTE OR DINAS EARTHS:---Other clays;;;;;;;KG;;_DAU30;20240101;99991231;0;0;;;;;;
AU;2508500019;20240101;99991231;EN;Salt. sulfur. earths and stone. plastering materials, lime and cement---OTHER CLAYS (NOT INCLUDING EXPANDED CLAYS OF 6806), ANDALUSITE, KYANITE AND SILLIMANITE, WHETHER OR NOT CALCINED. MULLITE. CHAMOTTE OR DINAS EARTHS:---Andalusite, kyanite and sillimanite;;;;;;;ES;Salt. sulfur. earths and stone. plastering materials, lime and cement---OTHER CLAYS (NOT INCLUDING EXPANDED CLAYS OF 6806), ANDALUSITE, KYANITE AND SILLIMANITE, WHETHER OR NOT CALCINED. MULLITE. CHAMOTTE OR DINAS EARTHS:---Andalusite, kyanite and sillimanite;;;;;;;KG;;_DAU1;20240101;99991231;0;0;;;;;;
AU;2508500019;20240101;99991231;EN;Salt. sulfur. earths and stone. plastering materials, lime and cement---OTHER CLAYS (NOT INCLUDING EXPANDED CLAYS OF 6806), ANDALUSITE, KYANITE AND SILLIMANITE, WHETHER OR NOT CALCINED. MULLITE. CHAMOTTE OR DINAS EARTHS:---Andalusite, kyanite and sillimanite;;;;;;;ES;Salt. sulfur. earths and stone. plastering materials, lime and cement---OTHER CLAYS (NOT INCLUDING EXPANDED CLAYS OF 6806), ANDALUSITE, KYANITE AND SILLIMANITE, WHETHER OR NOT CALCINED. MULLITE. CHAMOTTE OR DINAS EARTHS:---Andalusite, kyanite and sillimanite;;;;;;;KG;;_DAU13;20240101;99991231;0;0;;;;;;
AU;2508500019;20240101;99991231;EN;Salt. sulfur. earths and stone. plastering materials, lime and cement---OTHER CLAYS (NOT INCLUDING EXPANDED CLAYS OF 6806), ANDALUSITE, KYANITE AND SILLIMANITE, WHETHER OR NOT CALCINED. MULLITE. CHAMOTTE OR DINAS EARTHS:---Andalusite, kyanite and sillimanite;;;;;;;ES;Salt. sulfur. earths and stone. plastering materials, lime and cement---OTHER CLAYS (NOT INCLUDING EXPANDED CLAYS OF 6806), ANDALUSITE, KYANITE AND SILLIMANITE, WHETHER OR NOT CALCINED. MULLITE. CHAMOTTE OR DINAS EARTHS:---Andalusite, kyanite and sillimanite;;;;;;;KG;;_DAU17;20240101;99991231;0;0;;;;;;
AU;2508500019;20240101;99991231;EN;Salt. sulfur. earths and stone. plastering materials, lime and cement---OTHER CLAYS (NOT INCLUDING EXPANDED CLAYS OF 6806), ANDALUSITE, KYANITE AND SILLIMANITE, WHETHER OR NOT CALCINED. MULLITE. CHAMOTTE OR DINAS EARTHS:---Andalusite, kyanite and sillimanite;;;;;;;ES;Salt. sulfur. earths and stone. plastering materials, lime and cement---OTHER CLAYS (NOT INCLUDING EXPANDED CLAYS OF 6806), ANDALUSITE, KYANITE AND SILLIMANITE, WHETHER OR NOT CALCINED. MULLITE. CHAMOTTE OR DINAS EARTHS:---Andalusite, kyanite and sillimanite;;;;;;;KG;;_DAU2;20240101;99991231;0;0;;;;;;
AU;2508500019;20240101;99991231;EN;Salt. sulfur. earths and stone. plastering materials, lime and cement---OTHER CLAYS (NOT INCLUDING EXPANDED CLAYS OF 6806), ANDALUSITE, KYANITE AND SILLIMANITE, WHETHER OR NOT CALCINED. MULLITE. CHAMOTTE OR DINAS EARTHS:---Andalusite, kyanite and sillimanite;;;;;;;ES;Salt. sulfur. earths and stone. plastering materials, lime and cement---OTHER CLAYS (NOT INCLUDING EXPANDED CLAYS OF 6806), ANDALUSITE, KYANITE AND SILLIMANITE, WHETHER OR NOT CALCINED. MULLITE. CHAMOTTE OR DINAS EARTHS:---Andalusite, kyanite and sillimanite;;;;;;;KG;;_DAU30;20240101;99991231;0;0;;;;;;
AU;2508600020;20240101;99991231;EN;Salt. sulfur. earths and stone. plastering materials, lime and cement---OTHER CLAYS (NOT INCLUDING EXPANDED CLAYS OF 6806), ANDALUSITE, KYANITE AND SILLIMANITE, WHETHER OR NOT CALCINED. MULLITE. CHAMOTTE OR DINAS EARTHS:---Mullite;;;;;;;ES;Salt. sulfur. earths and stone. plastering materials, lime and cement---OTHER CLAYS (NOT INCLUDING EXPANDED CLAYS OF 6806), ANDALUSITE, KYANITE AND SILLIMANITE, WHETHER OR NOT CALCINED. MULLITE. CHAMOTTE OR DINAS EARTHS:---Mullite;;;;;;;KG;;_DAU1;20240101;99991231;0;0;;;;;;
AU;2508600020;20240101;99991231;EN;Salt. sulfur. earths and stone. plastering materials, lime and cement---OTHER CLAYS (NOT INCLUDING EXPANDED CLAYS OF 6806), ANDALUSITE, KYANITE AND SILLIMANITE, WHETHER OR NOT CALCINED. MULLITE. CHAMOTTE OR DINAS EARTHS:---Mullite;;;;;;;ES;Salt. sulfur. earths and stone. plastering materials, lime and cement---OTHER CLAYS (NOT INCLUDING EXPANDED CLAYS OF 6806), ANDALUSITE, KYANITE AND SILLIMANITE, WHETHER OR NOT CALCINED. MULLITE. CHAMOTTE OR DINAS EARTHS:---Mullite;;;;;;;KG;;_DAU13;20240101;99991231;0;0;;;;;;
AU;2508600020;20240101;99991231;EN;Salt. sulfur. earths and stone. plastering materials, lime and cement---OTHER CLAYS (NOT INCLUDING EXPANDED CLAYS OF 6806), ANDALUSITE, KYANITE AND SILLIMANITE, WHETHER OR NOT CALCINED. MULLITE. CHAMOTTE OR DINAS EARTHS:---Mullite;;;;;;;ES;Salt. sulfur. earths and stone. plastering materials, lime and cement---OTHER CLAYS (NOT INCLUDING EXPANDED CLAYS OF 6806), ANDALUSITE, KYANITE AND SILLIMANITE, WHETHER OR NOT CALCINED. MULLITE. CHAMOTTE OR DINAS EARTHS:---Mullite;;;;;;;KG;;_DAU17;20240101;99991231;0;0;;;;;;
AU;2508600020;20240101;99991231;EN;Salt. sulfur. earths and stone. plastering materials, lime and cement---OTHER CLAYS (NOT INCLUDING EXPANDED CLAYS OF 6806), ANDALUSITE, KYANITE AND SILLIMANITE, WHETHER OR NOT CALCINED. MULLITE. CHAMOTTE OR DINAS EARTHS:---Mullite;;;;;;;ES;Salt. sulfur. earths and stone. plastering materials, lime and cement---OTHER CLAYS (NOT INCLUDING EXPANDED CLAYS OF 6806), ANDALUSITE, KYANITE AND SILLIMANITE, WHETHER OR NOT CALCINED. MULLITE. CHAMOTTE OR DINAS EARTHS:---Mullite;;;;;;;KG;;_DAU2;20240101;99991231;0;0;;;;;;
AU;2508600020;20240101;99991231;EN;Salt. sulfur. earths and stone. plastering materials, lime and cement---OTHER CLAYS (NOT INCLUDING EXPANDED CLAYS OF 6806), ANDALUSITE, KYANITE AND SILLIMANITE, WHETHER OR NOT CALCINED. MULLITE. CHAMOTTE OR DINAS EARTHS:---Mullite;;;;;;;ES;Salt. sulfur. earths and stone. plastering materials, lime and cement---OTHER CLAYS (NOT INCLUDING EXPANDED CLAYS OF 6806), ANDALUSITE, KYANITE AND SILLIMANITE, WHETHER OR NOT CALCINED. MULLITE. CHAMOTTE OR DINAS EARTHS:---Mullite;;;;;;;KG;;_DAU30;20240101;99991231;0;0;;;;;;
AU;2508700021;20240101;99991231;EN;Salt. sulfur. earths and stone. plastering materials, lime and cement---OTHER CLAYS (NOT INCLUDING EXPANDED CLAYS OF 6806), ANDALUSITE, KYANITE AND SILLIMANITE, WHETHER OR NOT CALCINED. MULLITE. CHAMOTTE OR DINAS EARTHS:---Chamotte or dinas earths;;;;;;;ES;Salt. sulfur. earths and stone. plastering materials, lime and cement---OTHER CLAYS (NOT INCLUDING EXPANDED CLAYS OF 6806), ANDALUSITE, KYANITE AND SILLIMANITE, WHETHER OR NOT CALCINED. MULLITE. CHAMOTTE OR DINAS EARTHS:---Chamotte or dinas earths;;;;;;;KG;;_DAU1;20240101;99991231;0;0;;;;;;
AU;2508700021;20240101;99991231;EN;Salt. sulfur. earths and stone. plastering materials, lime and cement---OTHER CLAYS (NOT INCLUDING EXPANDED CLAYS OF 6806), ANDALUSITE, KYANITE AND SILLIMANITE, WHETHER OR NOT CALCINED. MULLITE. CHAMOTTE OR DINAS EARTHS:---Chamotte or dinas earths;;;;;;;ES;Salt. sulfur. earths and stone. plastering materials, lime and cement---OTHER CLAYS (NOT INCLUDING EXPANDED CLAYS OF 6806), ANDALUSITE, KYANITE AND SILLIMANITE, WHETHER OR NOT CALCINED. MULLITE. CHAMOTTE OR DINAS EARTHS:---Chamotte or dinas earths;;;;;;;KG;;_DAU13;20240101;99991231;0;0;;;;;;
AU;2508700021;20240101;99991231;EN;Salt. sulfur. earths and stone. plastering materials, lime and cement---OTHER CLAYS (NOT INCLUDING EXPANDED CLAYS OF 6806), ANDALUSITE, KYANITE AND SILLIMANITE, WHETHER OR NOT CALCINED. MULLITE. CHAMOTTE OR DINAS EARTHS:---Chamotte or dinas earths;;;;;;;ES;Salt. sulfur. earths and stone. plastering materials, lime and cement---OTHER CLAYS (NOT INCLUDING EXPANDED CLAYS OF 6806), ANDALUSITE, KYANITE AND SILLIMANITE, WHETHER OR NOT CALCINED. MULLITE. CHAMOTTE OR DINAS EARTHS:---Chamotte or dinas earths;;;;;;;KG;;_DAU17;20240101;99991231;0;0;;;;;;
AU;2508700021;20240101;99991231;EN;Salt. sulfur. earths and stone. plastering materials, lime and cement---OTHER CLAYS (NOT INCLUDING EXPANDED CLAYS OF 6806), ANDALUSITE, KYANITE AND SILLIMANITE, WHETHER OR NOT CALCINED. MULLITE. CHAMOTTE OR DINAS EARTHS:---Chamotte or dinas earths;;;;;;;ES;Salt. sulfur. earths and stone. plastering materials, lime and cement---OTHER CLAYS (NOT INCLUDING EXPANDED CLAYS OF 6806), ANDALUSITE, KYANITE AND SILLIMANITE, WHETHER OR NOT CALCINED. MULLITE. CHAMOTTE OR DINAS EARTHS:---Chamotte or dinas earths;;;;;;;KG;;_DAU2;20240101;99991231;0;0;;;;;;
AU;2508700021;20240101;99991231;EN;Salt. sulfur. earths and stone. plastering materials, lime and cement---OTHER CLAYS (NOT INCLUDING EXPANDED CLAYS OF 6806), ANDALUSITE, KYANITE AND SILLIMANITE, WHETHER OR NOT CALCINED. MULLITE. CHAMOTTE OR DINAS EARTHS:---Chamotte or dinas earths;;;;;;;ES;Salt. sulfur. earths and stone. plastering materials, lime and cement---OTHER CLAYS (NOT INCLUDING EXPANDED CLAYS OF 6806), ANDALUSITE, KYANITE AND SILLIMANITE, WHETHER OR NOT CALCINED. MULLITE. CHAMOTTE OR DINAS EARTHS:---Chamotte or dinas earths;;;;;;;KG;;_DAU30;20240101;99991231;0;0;;;;;;
AU;2509000022;20240101;99991231;EN;Salt. sulfur. earths and stone. plastering materials, lime and cement---Chalk.---CHALK;;;;;;;ES;Salt. sulfur. earths and stone. plastering materials, lime and cement---Chalk.---CHALK;;;;;;;KG;;_DAU1;20240101;99991231;5;0;;;;;;
AU;2509000022;20240101;99991231;EN;Salt. sulfur. earths and stone. plastering materials, lime and cement---Chalk.---CHALK;;;;;;;ES;Salt. sulfur. earths and stone. plastering materials, lime and cement---Chalk.---CHALK;;;;;;;KG;;_DAU13;20240101;99991231;0;0;;;;;;
AU;2509000022;20240101;99991231;EN;Salt. sulfur. earths and stone. plastering materials, lime and cement---Chalk.---CHALK;;;;;;;ES;Salt. sulfur. earths and stone. plastering materials, lime and cement---Chalk.---CHALK;;;;;;;KG;;_DAU17;20240101;99991231;0;0;;;;;;
AU;2509000022;20240101;99991231;EN;Salt. sulfur. earths and stone. plastering materials, lime and cement---Chalk.---CHALK;;;;;;;ES;Salt. sulfur. earths and stone. plastering materials, lime and cement---Chalk.---CHALK;;;;;;;KG;;_DAU2;20240101;99991231;0;0;;;;;;
AU;2509000022;20240101;99991231;EN;Salt. sulfur. earths and stone. plastering materials, lime and cement---Chalk.---CHALK;;;;;;;ES;Salt. sulfur. earths and stone. plastering materials, lime and cement---Chalk.---CHALK;;;;;;;KG;;_DAU30;20240101;99991231;0;0;;;;;;
AU;2510100023;20240101;99991231;EN;Salt. sulfur. earths and stone. plastering materials, lime and cement---NATURAL CALCIUM PHOSPHATES, NATURAL ALUMINIUM CALCIUM PHOSPHATES AND PHOSPHATIC CHALK:---Unground;;;;;;;ES;Salt. sulfur. earths and stone. plastering materials, lime and cement---NATURAL CALCIUM PHOSPHATES, NATURAL ALUMINIUM CALCIUM PHOSPHATES AND PHOSPHATIC CHALK:---Unground;;;;;;;TNE;;_DAU1;20240101;99991231;0;0;;;;;;
AU;2510100023;20240101;99991231;EN;Salt. sulfur. earths and stone. plastering materials, lime and cement---NATURAL CALCIUM PHOSPHATES, NATURAL ALUMINIUM CALCIUM PHOSPHATES AND PHOSPHATIC CHALK:---Unground;;;;;;;ES;Salt. sulfur. earths and stone. plastering materials, lime and cement---NATURAL CALCIUM PHOSPHATES, NATURAL ALUMINIUM CALCIUM PHOSPHATES AND PHOSPHATIC CHALK:---Unground;;;;;;;TNE;;_DAU13;20240101;99991231;0;0;;;;;;
AU;2510100023;20240101;99991231;EN;Salt. sulfur. earths and stone. plastering materials, lime and cement---NATURAL CALCIUM PHOSPHATES, NATURAL ALUMINIUM CALCIUM PHOSPHATES AND PHOSPHATIC CHALK:---Unground;;;;;;;ES;Salt. sulfur. earths and stone. plastering materials, lime and cement---NATURAL CALCIUM PHOSPHATES, NATURAL ALUMINIUM CALCIUM PHOSPHATES AND PHOSPHATIC CHALK:---Unground;;;;;;;TNE;;_DAU17;20240101;99991231;0;0;;;;;;
AU;2510100023;20240101;99991231;EN;Salt. sulfur. earths and stone. plastering materials, lime and cement---NATURAL CALCIUM PHOSPHATES, NATURAL ALUMINIUM CALCIUM PHOSPHATES AND PHOSPHATIC CHALK:---Unground;;;;;;;ES;Salt. sulfur. earths and stone. plastering materials, lime and cement---NATURAL CALCIUM PHOSPHATES, NATURAL ALUMINIUM CALCIUM PHOSPHATES AND PHOSPHATIC CHALK:---Unground;;;;;;;TNE;;_DAU2;20240101;99991231;0;0;;;;;;
AU;2510100023;20240101;99991231;EN;Salt. sulfur. earths and stone. plastering materials, lime and cement---NATURAL CALCIUM PHOSPHATES, NATURAL ALUMINIUM CALCIUM PHOSPHATES AND PHOSPHATIC CHALK:---Unground;;;;;;;ES;Salt. sulfur. earths and stone. plastering materials, lime and cement---NATURAL CALCIUM PHOSPHATES, NATURAL ALUMINIUM CALCIUM PHOSPHATES AND PHOSPHATIC CHALK:---Unground;;;;;;;TNE;;_DAU30;20240101;99991231;0;0;;;;;;
AU;2510200024;20240101;99991231;EN;Salt. sulfur. earths and stone. plastering materials, lime and cement---NATURAL CALCIUM PHOSPHATES, NATURAL ALUMINIUM CALCIUM PHOSPHATES AND PHOSPHATIC CHALK:---Ground;;;;;;;ES;Salt. sulfur. earths and stone. plastering materials, lime and cement---NATURAL CALCIUM PHOSPHATES, NATURAL ALUMINIUM CALCIUM PHOSPHATES AND PHOSPHATIC CHALK:---Ground;;;;;;;KG;;_DAU1;20240101;99991231;0;0;;;;;;
AU;2510200024;20240101;99991231;EN;Salt. sulfur. earths and stone. plastering materials, lime and cement---NATURAL CALCIUM PHOSPHATES, NATURAL ALUMINIUM CALCIUM PHOSPHATES AND PHOSPHATIC CHALK:---Ground;;;;;;;ES;Salt. sulfur. earths and stone. plastering materials, lime and cement---NATURAL CALCIUM PHOSPHATES, NATURAL ALUMINIUM CALCIUM PHOSPHATES AND PHOSPHATIC CHALK:---Ground;;;;;;;KG;;_DAU13;20240101;99991231;0;0;;;;;;
AU;2510200024;20240101;99991231;EN;Salt. sulfur. earths and stone. plastering materials, lime and cement---NATURAL CALCIUM PHOSPHATES, NATURAL ALUMINIUM CALCIUM PHOSPHATES AND PHOSPHATIC CHALK:---Ground;;;;;;;ES;Salt. sulfur. earths and stone. plastering materials, lime and cement---NATURAL CALCIUM PHOSPHATES, NATURAL ALUMINIUM CALCIUM PHOSPHATES AND PHOSPHATIC CHALK:---Ground;;;;;;;KG;;_DAU17;20240101;99991231;0;0;;;;;;
AU;2510200024;20240101;99991231;EN;Salt. sulfur. earths and stone. plastering materials, lime and cement---NATURAL CALCIUM PHOSPHATES, NATURAL ALUMINIUM CALCIUM PHOSPHATES AND PHOSPHATIC CHALK:---Ground;;;;;;;ES;Salt. sulfur. earths and stone. plastering materials, lime and cement---NATURAL CALCIUM PHOSPHATES, NATURAL ALUMINIUM CALCIUM PHOSPHATES AND PHOSPHATIC CHALK:---Ground;;;;;;;KG;;_DAU2;20240101;99991231;0;0;;;;;;
AU;2510200024;20240101;99991231;EN;Salt. sulfur. earths and stone. plastering materials, lime and cement---NATURAL CALCIUM PHOSPHATES, NATURAL ALUMINIUM CALCIUM PHOSPHATES AND PHOSPHATIC CHALK:---Ground;;;;;;;ES;Salt. sulfur. earths and stone. plastering materials, lime and cement---NATURAL CALCIUM PHOSPHATES, NATURAL ALUMINIUM CALCIUM PHOSPHATES AND PHOSPHATIC CHALK:---Ground;;;;;;;KG;;_DAU30;20240101;99991231;0;0;;;;;;
AU;2511100025;20240101;99991231;EN;Salt. sulfur. earths and stone. plastering materials, lime and cement---NATURAL BARIUM SULPHATE (BARYTES). NATURAL BARIUM CARBONATE (WITHERITE), WHETHER OR NOT CALCINED, OTHER THAN BARIUM OXIDE OF 2816:---Natural barium sulphate (barytes);;;;;;;ES;Salt. sulfur. earths and stone. plastering materials, lime and cement---NATURAL BARIUM SULPHATE (BARYTES). NATURAL BARIUM CARBONATE (WITHERITE), WHETHER OR NOT CALCINED, OTHER THAN BARIUM OXIDE OF 2816:---Natural barium sulphate (barytes);;;;;;;TNE;;_DAU1;20240101;99991231;0;0;;;;;;
AU;2511100025;20240101;99991231;EN;Salt. sulfur. earths and stone. plastering materials, lime and cement---NATURAL BARIUM SULPHATE (BARYTES). NATURAL BARIUM CARBONATE (WITHERITE), WHETHER OR NOT CALCINED, OTHER THAN BARIUM OXIDE OF 2816:---Natural barium sulphate (barytes);;;;;;;ES;Salt. sulfur. earths and stone. plastering materials, lime and cement---NATURAL BARIUM SULPHATE (BARYTES). NATURAL BARIUM CARBONATE (WITHERITE), WHETHER OR NOT CALCINED, OTHER THAN BARIUM OXIDE OF 2816:---Natural barium sulphate (barytes);;;;;;;TNE;;_DAU13;20240101;99991231;0;0;;;;;;
AU;2511100025;20240101;99991231;EN;Salt. sulfur. earths and stone. plastering materials, lime and cement---NATURAL BARIUM SULPHATE (BARYTES). NATURAL BARIUM CARBONATE (WITHERITE), WHETHER OR NOT CALCINED, OTHER THAN BARIUM OXIDE OF 2816:---Natural barium sulphate (barytes);;;;;;;ES;Salt. sulfur. earths and stone. plastering materials, lime and cement---NATURAL BARIUM SULPHATE (BARYTES). NATURAL BARIUM CARBONATE (WITHERITE), WHETHER OR NOT CALCINED, OTHER THAN BARIUM OXIDE OF 2816:---Natural barium sulphate (barytes);;;;;;;TNE;;_DAU17;20240101;99991231;0;0;;;;;;
AU;2511100025;20240101;99991231;EN;Salt. sulfur. earths and stone. plastering materials, lime and cement---NATURAL BARIUM SULPHATE (BARYTES). NATURAL BARIUM CARBONATE (WITHERITE), WHETHER OR NOT CALCINED, OTHER THAN BARIUM OXIDE OF 2816:---Natural barium sulphate (barytes);;;;;;;ES;Salt. sulfur. earths and stone. plastering materials, lime and cement---NATURAL BARIUM SULPHATE (BARYTES). NATURAL BARIUM CARBONATE (WITHERITE), WHETHER OR NOT CALCINED, OTHER THAN BARIUM OXIDE OF 2816:---Natural barium sulphate (barytes);;;;;;;TNE;;_DAU2;20240101;99991231;0;0;;;;;;
AU;2511100025;20240101;99991231;EN;Salt. sulfur. earths and stone. plastering materials, lime and cement---NATURAL BARIUM SULPHATE (BARYTES). NATURAL BARIUM CARBONATE (WITHERITE), WHETHER OR NOT CALCINED, OTHER THAN BARIUM OXIDE OF 2816:---Natural barium sulphate (barytes);;;;;;;ES;Salt. sulfur. earths and stone. plastering materials, lime and cement---NATURAL BARIUM SULPHATE (BARYTES). NATURAL BARIUM CARBONATE (WITHERITE), WHETHER OR NOT CALCINED, OTHER THAN BARIUM OXIDE OF 2816:---Natural barium sulphate (barytes);;;;;;;TNE;;_DAU30;20240101;99991231;0;0;;;;;;
AU;2511200026;20240101;99991231;EN;Salt. sulfur. earths and stone. plastering materials, lime and cement---NATURAL BARIUM SULPHATE (BARYTES). NATURAL BARIUM CARBONATE (WITHERITE), WHETHER OR NOT CALCINED, OTHER THAN BARIUM OXIDE OF 2816:---Natural barium carbonate (witherite);;;;;;;ES;Salt. sulfur. earths and stone. plastering materials, lime and cement---NATURAL BARIUM SULPHATE (BARYTES). NATURAL BARIUM CARBONATE (WITHERITE), WHETHER OR NOT CALCINED, OTHER THAN BARIUM OXIDE OF 2816:---Natural barium carbonate (witherite);;;;;;;KG;;_DAU1;20240101;99991231;0;0;;;;;;
AU;2511200026;20240101;99991231;EN;Salt. sulfur. earths and stone. plastering materials, lime and cement---NATURAL BARIUM SULPHATE (BARYTES). NATURAL BARIUM CARBONATE (WITHERITE), WHETHER OR NOT CALCINED, OTHER THAN BARIUM OXIDE OF 2816:---Natural barium carbonate (witherite);;;;;;;ES;Salt. sulfur. earths and stone. plastering materials, lime and cement---NATURAL BARIUM SULPHATE (BARYTES). NATURAL BARIUM CARBONATE (WITHERITE), WHETHER OR NOT CALCINED, OTHER THAN BARIUM OXIDE OF 2816:---Natural barium carbonate (witherite);;;;;;;KG;;_DAU13;20240101;99991231;0;0;;;;;;
AU;2511200026;20240101;99991231;EN;Salt. sulfur. earths and stone. plastering materials, lime and cement---NATURAL BARIUM SULPHATE (BARYTES). NATURAL BARIUM CARBONATE (WITHERITE), WHETHER OR NOT CALCINED, OTHER THAN BARIUM OXIDE OF 2816:---Natural barium carbonate (witherite);;;;;;;ES;Salt. sulfur. earths and stone. plastering materials, lime and cement---NATURAL BARIUM SULPHATE (BARYTES). NATURAL BARIUM CARBONATE (WITHERITE), WHETHER OR NOT CALCINED, OTHER THAN BARIUM OXIDE OF 2816:---Natural barium carbonate (witherite);;;;;;;KG;;_DAU17;20240101;99991231;0;0;;;;;;
AU;2511200026;20240101;99991231;EN;Salt. sulfur. earths and stone. plastering materials, lime and cement---NATURAL BARIUM SULPHATE (BARYTES). NATURAL BARIUM CARBONATE (WITHERITE), WHETHER OR NOT CALCINED, OTHER THAN BARIUM OXIDE OF 2816:---Natural barium carbonate (witherite);;;;;;;ES;Salt. sulfur. earths and stone. plastering materials, lime and cement---NATURAL BARIUM SULPHATE (BARYTES). NATURAL BARIUM CARBONATE (WITHERITE), WHETHER OR NOT CALCINED, OTHER THAN BARIUM OXIDE OF 2816:---Natural barium carbonate (witherite);;;;;;;KG;;_DAU2;20240101;99991231;0;0;;;;;;
AU;2511200026;20240101;99991231;EN;Salt. sulfur. earths and stone. plastering materials, lime and cement---NATURAL BARIUM SULPHATE (BARYTES). NATURAL BARIUM CARBONATE (WITHERITE), WHETHER OR NOT CALCINED, OTHER THAN BARIUM OXIDE OF 2816:---Natural barium carbonate (witherite);;;;;;;ES;Salt. sulfur. earths and stone. plastering materials, lime and cement---NATURAL BARIUM SULPHATE (BARYTES). NATURAL BARIUM CARBONATE (WITHERITE), WHETHER OR NOT CALCINED, OTHER THAN BARIUM OXIDE OF 2816:---Natural barium carbonate (witherite);;;;;;;KG;;_DAU30;20240101;99991231;0;0;;;;;;
AU;2512000027;20240101;99991231;EN;Salt. sulfur. earths and stone. plastering materials, lime and cement---Siliceous fossil meals (for example, kieselguhr, tripolite and diatomite) and similar siliceous earths, whether or not calcined, of an apparent specific gravity of 1 or less.---SILICEOUS FOSSIL MEALS (FOR EXAMPLE, KIESELGUHR, TRIPOLITE AND DIATOMITE) AND SIMILAR SILICEOUS EARTHS, WHETHER OR NOT CALCINED, OF AN APPARENT SPECIFIC GRAVITY OF 1 OR LESS;;;;;;;ES;Salt. sulfur. earths and stone. plastering materials, lime and cement---Siliceous fossil meals (for example, kieselguhr, tripolite and diatomite) and similar siliceous earths, whether or not calcined, of an apparent specific gravity of 1 or less.---SILICEOUS FOSSIL MEALS (FOR EXAMPLE, KIESELGUHR, TRIPOLITE AND DIATOMITE) AND SIMILAR SILICEOUS EARTHS, WHETHER OR NOT CALCINED, OF AN APPARENT SPECIFIC GRAVITY OF 1 OR LESS;;;;;;;KG;;_DAU1;20240101;99991231;0;0;;;;;;
AU;2512000027;20240101;99991231;EN;Salt. sulfur. earths and stone. plastering materials, lime and cement---Siliceous fossil meals (for example, kieselguhr, tripolite and diatomite) and similar siliceous earths, whether or not calcined, of an apparent specific gravity of 1 or less.---SILICEOUS FOSSIL MEALS (FOR EXAMPLE, KIESELGUHR, TRIPOLITE AND DIATOMITE) AND SIMILAR SILICEOUS EARTHS, WHETHER OR NOT CALCINED, OF AN APPARENT SPECIFIC GRAVITY OF 1 OR LESS;;;;;;;ES;Salt. sulfur. earths and stone. plastering materials, lime and cement---Siliceous fossil meals (for example, kieselguhr, tripolite and diatomite) and similar siliceous earths, whether or not calcined, of an apparent specific gravity of 1 or less.---SILICEOUS FOSSIL MEALS (FOR EXAMPLE, KIESELGUHR, TRIPOLITE AND DIATOMITE) AND SIMILAR SILICEOUS EARTHS, WHETHER OR NOT CALCINED, OF AN APPARENT SPECIFIC GRAVITY OF 1 OR LESS;;;;;;;KG;;_DAU13;20240101;99991231;0;0;;;;;;
AU;2512000027;20240101;99991231;EN;Salt. sulfur. earths and stone. plastering materials, lime and cement---Siliceous fossil meals (for example, kieselguhr, tripolite and diatomite) and similar siliceous earths, whether or not calcined, of an apparent specific gravity of 1 or less.---SILICEOUS FOSSIL MEALS (FOR EXAMPLE, KIESELGUHR, TRIPOLITE AND DIATOMITE) AND SIMILAR SILICEOUS EARTHS, WHETHER OR NOT CALCINED, OF AN APPARENT SPECIFIC GRAVITY OF 1 OR LESS;;;;;;;ES;Salt. sulfur. earths and stone. plastering materials, lime and cement---Siliceous fossil meals (for example, kieselguhr, tripolite and diatomite) and similar siliceous earths, whether or not calcined, of an apparent specific gravity of 1 or less.---SILICEOUS FOSSIL MEALS (FOR EXAMPLE, KIESELGUHR, TRIPOLITE AND DIATOMITE) AND SIMILAR SILICEOUS EARTHS, WHETHER OR NOT CALCINED, OF AN APPARENT SPECIFIC GRAVITY OF 1 OR LESS;;;;;;;KG;;_DAU17;20240101;99991231;0;0;;;;;;
AU;2512000027;20240101;99991231;EN;Salt. sulfur. earths and stone. plastering materials, lime and cement---Siliceous fossil meals (for example, kieselguhr, tripolite and diatomite) and similar siliceous earths, whether or not calcined, of an apparent specific gravity of 1 or less.---SILICEOUS FOSSIL MEALS (FOR EXAMPLE, KIESELGUHR, TRIPOLITE AND DIATOMITE) AND SIMILAR SILICEOUS EARTHS, WHETHER OR NOT CALCINED, OF AN APPARENT SPECIFIC GRAVITY OF 1 OR LESS;;;;;;;ES;Salt. sulfur. earths and stone. plastering materials, lime and cement---Siliceous fossil meals (for example, kieselguhr, tripolite and diatomite) and similar siliceous earths, whether or not calcined, of an apparent specific gravity of 1 or less.---SILICEOUS FOSSIL MEALS (FOR EXAMPLE, KIESELGUHR, TRIPOLITE AND DIATOMITE) AND SIMILAR SILICEOUS EARTHS, WHETHER OR NOT CALCINED, OF AN APPARENT SPECIFIC GRAVITY OF 1 OR LESS;;;;;;;KG;;_DAU2;20240101;99991231;0;0;;;;;;
AU;2512000027;20240101;99991231;EN;Salt. sulfur. earths and stone. plastering materials, lime and cement---Siliceous fossil meals (for example, kieselguhr, tripolite and diatomite) and similar siliceous earths, whether or not calcined, of an apparent specific gravity of 1 or less.---SILICEOUS FOSSIL MEALS (FOR EXAMPLE, KIESELGUHR, TRIPOLITE AND DIATOMITE) AND SIMILAR SILICEOUS EARTHS, WHETHER OR NOT CALCINED, OF AN APPARENT SPECIFIC GRAVITY OF 1 OR LESS;;;;;;;ES;Salt. sulfur. earths and stone. plastering materials, lime and cement---Siliceous fossil meals (for example, kieselguhr, tripolite and diatomite) and similar siliceous earths, whether or not calcined, of an apparent specific gravity of 1 or less.---SILICEOUS FOSSIL MEALS (FOR EXAMPLE, KIESELGUHR, TRIPOLITE AND DIATOMITE) AND SIMILAR SILICEOUS EARTHS, WHETHER OR NOT CALCINED, OF AN APPARENT SPECIFIC GRAVITY OF 1 OR LESS;;;;;;;KG;;_DAU30;20240101;99991231;0;0;;;;;;
AU;2513100032;20240101;99991231;EN;Salt. sulfur. earths and stone. plastering materials, lime and cement---PUMICE STONE. EMERY. NATURAL CORUNDUM, NATURAL GARNET AND OTHER NATURAL ABRASIVES, WHETHER OR NOT HEAT-TREATED:---Pumice stone;;;;;;;ES;Salt. sulfur. earths and stone. plastering materials, lime and cement---PUMICE STONE. EMERY. NATURAL CORUNDUM, NATURAL GARNET AND OTHER NATURAL ABRASIVES, WHETHER OR NOT HEAT-TREATED:---Pumice stone;;;;;;;KG;;_DAU1;20240101;99991231;0;0;;;;;;
AU;2513100032;20240101;99991231;EN;Salt. sulfur. earths and stone. plastering materials, lime and cement---PUMICE STONE. EMERY. NATURAL CORUNDUM, NATURAL GARNET AND OTHER NATURAL ABRASIVES, WHETHER OR NOT HEAT-TREATED:---Pumice stone;;;;;;;ES;Salt. sulfur. earths and stone. plastering materials, lime and cement---PUMICE STONE. EMERY. NATURAL CORUNDUM, NATURAL GARNET AND OTHER NATURAL ABRASIVES, WHETHER OR NOT HEAT-TREATED:---Pumice stone;;;;;;;KG;;_DAU13;20240101;99991231;0;0;;;;;;
AU;2513100032;20240101;99991231;EN;Salt. sulfur. earths and stone. plastering materials, lime and cement---PUMICE STONE. EMERY. NATURAL CORUNDUM, NATURAL GARNET AND OTHER NATURAL ABRASIVES, WHETHER OR NOT HEAT-TREATED:---Pumice stone;;;;;;;ES;Salt. sulfur. earths and stone. plastering materials, lime and cement---PUMICE STONE. EMERY. NATURAL CORUNDUM, NATURAL GARNET AND OTHER NATURAL ABRASIVES, WHETHER OR NOT HEAT-TREATED:---Pumice stone;;;;;;;KG;;_DAU17;20240101;99991231;0;0;;;;;;
AU;2513100032;20240101;99991231;EN;Salt. sulfur. earths and stone. plastering materials, lime and cement---PUMICE STONE. EMERY. NATURAL CORUNDUM, NATURAL GARNET AND OTHER NATURAL ABRASIVES, WHETHER OR NOT HEAT-TREATED:---Pumice stone;;;;;;;ES;Salt. sulfur. earths and stone. plastering materials, lime and cement---PUMICE STONE. EMERY. NATURAL CORUNDUM, NATURAL GARNET AND OTHER NATURAL ABRASIVES, WHETHER OR NOT HEAT-TREATED:---Pumice stone;;;;;;;KG;;_DAU2;20240101;99991231;0;0;;;;;;
AU;2513100032;20240101;99991231;EN;Salt. sulfur. earths and stone. plastering materials, lime and cement---PUMICE STONE. EMERY. NATURAL CORUNDUM, NATURAL GARNET AND OTHER NATURAL ABRASIVES, WHETHER OR NOT HEAT-TREATED:---Pumice stone;;;;;;;ES;Salt. sulfur. earths and stone. plastering materials, lime and cement---PUMICE STONE. EMERY. NATURAL CORUNDUM, NATURAL GARNET AND OTHER NATURAL ABRASIVES, WHETHER OR NOT HEAT-TREATED:---Pumice stone;;;;;;;KG;;_DAU30;20240101;99991231;0;0;;;;;;
AU;2513200037;20240101;99991231;EN;Salt. sulfur. earths and stone. plastering materials, lime and cement---PUMICE STONE. EMERY. NATURAL CORUNDUM, NATURAL GARNET AND OTHER NATURAL ABRASIVES, WHETHER OR NOT HEAT-TREATED:---Emery, natural corundum, natural garnet and other natural abrasives;;;;;;;ES;Salt. sulfur. earths and stone. plastering materials, lime and cement---PUMICE STONE. EMERY. NATURAL CORUNDUM, NATURAL GARNET AND OTHER NATURAL ABRASIVES, WHETHER OR NOT HEAT-TREATED:---Emery, natural corundum, natural garnet and other natural abrasives;;;;;;;KG;;_DAU1;20240101;99991231;0;0;;;;;;
AU;2513200037;20240101;99991231;EN;Salt. sulfur. earths and stone. plastering materials, lime and cement---PUMICE STONE. EMERY. NATURAL CORUNDUM, NATURAL GARNET AND OTHER NATURAL ABRASIVES, WHETHER OR NOT HEAT-TREATED:---Emery, natural corundum, natural garnet and other natural abrasives;;;;;;;ES;Salt. sulfur. earths and stone. plastering materials, lime and cement---PUMICE STONE. EMERY. NATURAL CORUNDUM, NATURAL GARNET AND OTHER NATURAL ABRASIVES, WHETHER OR NOT HEAT-TREATED:---Emery, natural corundum, natural garnet and other natural abrasives;;;;;;;KG;;_DAU13;20240101;99991231;0;0;;;;;;
AU;2513200037;20240101;99991231;EN;Salt. sulfur. earths and stone. plastering materials, lime and cement---PUMICE STONE. EMERY. NATURAL CORUNDUM, NATURAL GARNET AND OTHER NATURAL ABRASIVES, WHETHER OR NOT HEAT-TREATED:---Emery, natural corundum, natural garnet and other natural abrasives;;;;;;;ES;Salt. sulfur. earths and stone. plastering materials, lime and cement---PUMICE STONE. EMERY. NATURAL CORUNDUM, NATURAL GARNET AND OTHER NATURAL ABRASIVES, WHETHER OR NOT HEAT-TREATED:---Emery, natural corundum, natural garnet and other natural abrasives;;;;;;;KG;;_DAU17;20240101;99991231;0;0;;;;;;
AU;2513200037;20240101;99991231;EN;Salt. sulfur. earths and stone. plastering materials, lime and cement---PUMICE STONE. EMERY. NATURAL CORUNDUM, NATURAL GARNET AND OTHER NATURAL ABRASIVES, WHETHER OR NOT HEAT-TREATED:---Emery, natural corundum, natural garnet and other natural abrasives;;;;;;;ES;Salt. sulfur. earths and stone. plastering materials, lime and cement---PUMICE STONE. EMERY. NATURAL CORUNDUM, NATURAL GARNET AND OTHER NATURAL ABRASIVES, WHETHER OR NOT HEAT-TREATED:---Emery, natural corundum, natural garnet and other natural abrasives;;;;;;;KG;;_DAU2;20240101;99991231;0;0;;;;;;
AU;2513200037;20240101;99991231;EN;Salt. sulfur. earths and stone. plastering materials, lime and cement---PUMICE STONE. EMERY. NATURAL CORUNDUM, NATURAL GARNET AND OTHER NATURAL ABRASIVES, WHETHER OR NOT HEAT-TREATED:---Emery, natural corundum, natural garnet and other natural abrasives;;;;;;;ES;Salt. sulfur. earths and stone. plastering materials, lime and cement---PUMICE STONE. EMERY. NATURAL CORUNDUM, NATURAL GARNET AND OTHER NATURAL ABRASIVES, WHETHER OR NOT HEAT-TREATED:---Emery, natural corundum, natural garnet and other natural abrasives;;;;;;;KG;;_DAU30;20240101;99991231;0;0;;;;;;
AU;2514000001;20240101;99991231;EN;Salt. sulfur. earths and stone. plastering materials, lime and cement---Slate, whether or not roughly trimmed or merely cut, by sawing or otherwise, into blocks or slabs of a rectangular (including square) shape.---SLATE, WHETHER OR NOT ROUGHLY TRIMMED OR MERELY CUT, BY SAWING OR OTHERWISE, INTO BLOCKS OR SLABS OF A RECTANGULAR (INCLUDING SQUARE) SHAPE;;;;;;;ES;Salt. sulfur. earths and stone. plastering materials, lime and cement---Slate, whether or not roughly trimmed or merely cut, by sawing or otherwise, into blocks or slabs of a rectangular (including square) shape.---SLATE, WHETHER OR NOT ROUGHLY TRIMMED OR MERELY CUT, BY SAWING OR OTHERWISE, INTO BLOCKS OR SLABS OF A RECTANGULAR (INCLUDING SQUARE) SHAPE;;;;;;;N/A;;_DAU1;20240101;99991231;5;0;;;;;;
AU;2514000001;20240101;99991231;EN;Salt. sulfur. earths and stone. plastering materials, lime and cement---Slate, whether or not roughly trimmed or merely cut, by sawing or otherwise, into blocks or slabs of a rectangular (including square) shape.---SLATE, WHETHER OR NOT ROUGHLY TRIMMED OR MERELY CUT, BY SAWING OR OTHERWISE, INTO BLOCKS OR SLABS OF A RECTANGULAR (INCLUDING SQUARE) SHAPE;;;;;;;ES;Salt. sulfur. earths and stone. plastering materials, lime and cement---Slate, whether or not roughly trimmed or merely cut, by sawing or otherwise, into blocks or slabs of a rectangular (including square) shape.---SLATE, WHETHER OR NOT ROUGHLY TRIMMED OR MERELY CUT, BY SAWING OR OTHERWISE, INTO BLOCKS OR SLABS OF A RECTANGULAR (INCLUDING SQUARE) SHAPE;;;;;;;N/A;;_DAU13;20240101;99991231;0;0;;;;;;
AU;2514000001;20240101;99991231;EN;Salt. sulfur. earths and stone. plastering materials, lime and cement---Slate, whether or not roughly trimmed or merely cut, by sawing or otherwise, into blocks or slabs of a rectangular (including square) shape.---SLATE, WHETHER OR NOT ROUGHLY TRIMMED OR MERELY CUT, BY SAWING OR OTHERWISE, INTO BLOCKS OR SLABS OF A RECTANGULAR (INCLUDING SQUARE) SHAPE;;;;;;;ES;Salt. sulfur. earths and stone. plastering materials, lime and cement---Slate, whether or not roughly trimmed or merely cut, by sawing or otherwise, into blocks or slabs of a rectangular (including square) shape.---SLATE, WHETHER OR NOT ROUGHLY TRIMMED OR MERELY CUT, BY SAWING OR OTHERWISE, INTO BLOCKS OR SLABS OF A RECTANGULAR (INCLUDING SQUARE) SHAPE;;;;;;;N/A;;_DAU17;20240101;99991231;0;0;;;;;;
AU;2514000001;20240101;99991231;EN;Salt. sulfur. earths and stone. plastering materials, lime and cement---Slate, whether or not roughly trimmed or merely cut, by sawing or otherwise, into blocks or slabs of a rectangular (including square) shape.---SLATE, WHETHER OR NOT ROUGHLY TRIMMED OR MERELY CUT, BY SAWING OR OTHERWISE, INTO BLOCKS OR SLABS OF A RECTANGULAR (INCLUDING SQUARE) SHAPE;;;;;;;ES;Salt. sulfur. earths and stone. plastering materials, lime and cement---Slate, whether or not roughly trimmed or merely cut, by sawing or otherwise, into blocks or slabs of a rectangular (including square) shape.---SLATE, WHETHER OR NOT ROUGHLY TRIMMED OR MERELY CUT, BY SAWING OR OTHERWISE, INTO BLOCKS OR SLABS OF A RECTANGULAR (INCLUDING SQUARE) SHAPE;;;;;;;N/A;;_DAU2;20240101;99991231;0;0;;;;;;
AU;2514000001;20240101;99991231;EN;Salt. sulfur. earths and stone. plastering materials, lime and cement---Slate, whether or not roughly trimmed or merely cut, by sawing or otherwise, into blocks or slabs of a rectangular (including square) shape.---SLATE, WHETHER OR NOT ROUGHLY TRIMMED OR MERELY CUT, BY SAWING OR OTHERWISE, INTO BLOCKS OR SLABS OF A RECTANGULAR (INCLUDING SQUARE) SHAPE;;;;;;;ES;Salt. sulfur. earths and stone. plastering materials, lime and cement---Slate, whether or not roughly trimmed or merely cut, by sawing or otherwise, into blocks or slabs of a rectangular (including square) shape.---SLATE, WHETHER OR NOT ROUGHLY TRIMMED OR MERELY CUT, BY SAWING OR OTHERWISE, INTO BLOCKS OR SLABS OF A RECTANGULAR (INCLUDING SQUARE) SHAPE;;;;;;;N/A;;_DAU30;20240101;99991231;0;0;;;;;;
AU;2515110002;20240101;99991231;EN;Salt. sulfur. earths and stone. plastering materials, lime and cement---MARBLE, TRAVERTINE, ECAUSSINE AND OTHER CALCAREOUS MONUMENTAL OR BUILDING STONE OF AN APPARENT SPECIFIC GRAVITY OF 2.5 OR MORE, AND ALABASTER, WHETHER OR NOT ROUGHLY TRIMMED OR MERELY CUT, BY SAWING OR OTHERWISE, INTO BLOCKS OR SLABS OF A RECTANGULAR (INCLUDING SQUARE) SHAPE:---Marble and travertine:---Crude or roughly trimmed;;;;;;;ES;Salt. sulfur. earths and stone. plastering materials, lime and cement---MARBLE, TRAVERTINE, ECAUSSINE AND OTHER CALCAREOUS MONUMENTAL OR BUILDING STONE OF AN APPARENT SPECIFIC GRAVITY OF 2.5 OR MORE, AND ALABASTER, WHETHER OR NOT ROUGHLY TRIMMED OR MERELY CUT, BY SAWING OR OTHERWISE, INTO BLOCKS OR SLABS OF A RECTANGULAR (INCLUDING SQUARE) SHAPE:---Marble and travertine:---Crude or roughly trimmed;;;;;;;KG;;_DAU1;20240101;99991231;5;0;;;;;;
AU;2515110002;20240101;99991231;EN;Salt. sulfur. earths and stone. plastering materials, lime and cement---MARBLE, TRAVERTINE, ECAUSSINE AND OTHER CALCAREOUS MONUMENTAL OR BUILDING STONE OF AN APPARENT SPECIFIC GRAVITY OF 2.5 OR MORE, AND ALABASTER, WHETHER OR NOT ROUGHLY TRIMMED OR MERELY CUT, BY SAWING OR OTHERWISE, INTO BLOCKS OR SLABS OF A RECTANGULAR (INCLUDING SQUARE) SHAPE:---Marble and travertine:---Crude or roughly trimmed;;;;;;;ES;Salt. sulfur. earths and stone. plastering materials, lime and cement---MARBLE, TRAVERTINE, ECAUSSINE AND OTHER CALCAREOUS MONUMENTAL OR BUILDING STONE OF AN APPARENT SPECIFIC GRAVITY OF 2.5 OR MORE, AND ALABASTER, WHETHER OR NOT ROUGHLY TRIMMED OR MERELY CUT, BY SAWING OR OTHERWISE, INTO BLOCKS OR SLABS OF A RECTANGULAR (INCLUDING SQUARE) SHAPE:---Marble and travertine:---Crude or roughly trimmed;;;;;;;KG;;_DAU13;20240101;99991231;0;0;;;;;;
AU;2515110002;20240101;99991231;EN;Salt. sulfur. earths and stone. plastering materials, lime and cement---MARBLE, TRAVERTINE, ECAUSSINE AND OTHER CALCAREOUS MONUMENTAL OR BUILDING STONE OF AN APPARENT SPECIFIC GRAVITY OF 2.5 OR MORE, AND ALABASTER, WHETHER OR NOT ROUGHLY TRIMMED OR MERELY CUT, BY SAWING OR OTHERWISE, INTO BLOCKS OR SLABS OF A RECTANGULAR (INCLUDING SQUARE) SHAPE:---Marble and travertine:---Crude or roughly trimmed;;;;;;;ES;Salt. sulfur. earths and stone. plastering materials, lime and cement---MARBLE, TRAVERTINE, ECAUSSINE AND OTHER CALCAREOUS MONUMENTAL OR BUILDING STONE OF AN APPARENT SPECIFIC GRAVITY OF 2.5 OR MORE, AND ALABASTER, WHETHER OR NOT ROUGHLY TRIMMED OR MERELY CUT, BY SAWING OR OTHERWISE, INTO BLOCKS OR SLABS OF A RECTANGULAR (INCLUDING SQUARE) SHAPE:---Marble and travertine:---Crude or roughly trimmed;;;;;;;KG;;_DAU17;20240101;99991231;0;0;;;;;;
AU;2515110002;20240101;99991231;EN;Salt. sulfur. earths and stone. plastering materials, lime and cement---MARBLE, TRAVERTINE, ECAUSSINE AND OTHER CALCAREOUS MONUMENTAL OR BUILDING STONE OF AN APPARENT SPECIFIC GRAVITY OF 2.5 OR MORE, AND ALABASTER, WHETHER OR NOT ROUGHLY TRIMMED OR MERELY CUT, BY SAWING OR OTHERWISE, INTO BLOCKS OR SLABS OF A RECTANGULAR (INCLUDING SQUARE) SHAPE:---Marble and travertine:---Crude or roughly trimmed;;;;;;;ES;Salt. sulfur. earths and stone. plastering materials, lime and cement---MARBLE, TRAVERTINE, ECAUSSINE AND OTHER CALCAREOUS MONUMENTAL OR BUILDING STONE OF AN APPARENT SPECIFIC GRAVITY OF 2.5 OR MORE, AND ALABASTER, WHETHER OR NOT ROUGHLY TRIMMED OR MERELY CUT, BY SAWING OR OTHERWISE, INTO BLOCKS OR SLABS OF A RECTANGULAR (INCLUDING SQUARE) SHAPE:---Marble and travertine:---Crude or roughly trimmed;;;;;;;KG;;_DAU2;20240101;99991231;0;0;;;;;;
AU;2515110002;20240101;99991231;EN;Salt. sulfur. earths and stone. plastering materials, lime and cement---MARBLE, TRAVERTINE, ECAUSSINE AND OTHER CALCAREOUS MONUMENTAL OR BUILDING STONE OF AN APPARENT SPECIFIC GRAVITY OF 2.5 OR MORE, AND ALABASTER, WHETHER OR NOT ROUGHLY TRIMMED OR MERELY CUT, BY SAWING OR OTHERWISE, INTO BLOCKS OR SLABS OF A RECTANGULAR (INCLUDING SQUARE) SHAPE:---Marble and travertine:---Crude or roughly trimmed;;;;;;;ES;Salt. sulfur. earths and stone. plastering materials, lime and cement---MARBLE, TRAVERTINE, ECAUSSINE AND OTHER CALCAREOUS MONUMENTAL OR BUILDING STONE OF AN APPARENT SPECIFIC GRAVITY OF 2.5 OR MORE, AND ALABASTER, WHETHER OR NOT ROUGHLY TRIMMED OR MERELY CUT, BY SAWING OR OTHERWISE, INTO BLOCKS OR SLABS OF A RECTANGULAR (INCLUDING SQUARE) SHAPE:---Marble and travertine:---Crude or roughly trimmed;;;;;;;KG;;_DAU30;20240101;99991231;0;0;;;;;;
AU;2515120003;20240101;99991231;EN;Salt. sulfur. earths and stone. plastering materials, lime and cement---MARBLE, TRAVERTINE, ECAUSSINE AND OTHER CALCAREOUS MONUMENTAL OR BUILDING STONE OF AN APPARENT SPECIFIC GRAVITY OF 2.5 OR MORE, AND ALABASTER, WHETHER OR NOT ROUGHLY TRIMMED OR MERELY CUT, BY SAWING OR OTHERWISE, INTO BLOCKS OR SLABS OF A RECTANGULAR (INCLUDING SQUARE) SHAPE:---Marble and travertine:---Merely cut, by sawing or otherwise, into blocks or slabs of a rectangular (including square) shape;;;;;;;ES;Salt. sulfur. earths and stone. plastering materials, lime and cement---MARBLE, TRAVERTINE, ECAUSSINE AND OTHER CALCAREOUS MONUMENTAL OR BUILDING STONE OF AN APPARENT SPECIFIC GRAVITY OF 2.5 OR MORE, AND ALABASTER, WHETHER OR NOT ROUGHLY TRIMMED OR MERELY CUT, BY SAWING OR OTHERWISE, INTO BLOCKS OR SLABS OF A RECTANGULAR (INCLUDING SQUARE) SHAPE:---Marble and travertine:---Merely cut, by sawing or otherwise, into blocks or slabs of a rectangular (including square) shape;;;;;;;KG;;_DAU1;20240101;99991231;5;0;;;;;;
AU;2515120003;20240101;99991231;EN;Salt. sulfur. earths and stone. plastering materials, lime and cement---MARBLE, TRAVERTINE, ECAUSSINE AND OTHER CALCAREOUS MONUMENTAL OR BUILDING STONE OF AN APPARENT SPECIFIC GRAVITY OF 2.5 OR MORE, AND ALABASTER, WHETHER OR NOT ROUGHLY TRIMMED OR MERELY CUT, BY SAWING OR OTHERWISE, INTO BLOCKS OR SLABS OF A RECTANGULAR (INCLUDING SQUARE) SHAPE:---Marble and travertine:---Merely cut, by sawing or otherwise, into blocks or slabs of a rectangular (including square) shape;;;;;;;ES;Salt. sulfur. earths and stone. plastering materials, lime and cement---MARBLE, TRAVERTINE, ECAUSSINE AND OTHER CALCAREOUS MONUMENTAL OR BUILDING STONE OF AN APPARENT SPECIFIC GRAVITY OF 2.5 OR MORE, AND ALABASTER, WHETHER OR NOT ROUGHLY TRIMMED OR MERELY CUT, BY SAWING OR OTHERWISE, INTO BLOCKS OR SLABS OF A RECTANGULAR (INCLUDING SQUARE) SHAPE:---Marble and travertine:---Merely cut, by sawing or otherwise, into blocks or slabs of a rectangular (including square) shape;;;;;;;KG;;_DAU13;20240101;99991231;0;0;;;;;;
AU;2515120003;20240101;99991231;EN;Salt. sulfur. earths and stone. plastering materials, lime and cement---MARBLE, TRAVERTINE, ECAUSSINE AND OTHER CALCAREOUS MONUMENTAL OR BUILDING STONE OF AN APPARENT SPECIFIC GRAVITY OF 2.5 OR MORE, AND ALABASTER, WHETHER OR NOT ROUGHLY TRIMMED OR MERELY CUT, BY SAWING OR OTHERWISE, INTO BLOCKS OR SLABS OF A RECTANGULAR (INCLUDING SQUARE) SHAPE:---Marble and travertine:---Merely cut, by sawing or otherwise, into blocks or slabs of a rectangular (including square) shape;;;;;;;ES;Salt. sulfur. earths and stone. plastering materials, lime and cement---MARBLE, TRAVERTINE, ECAUSSINE AND OTHER CALCAREOUS MONUMENTAL OR BUILDING STONE OF AN APPARENT SPECIFIC GRAVITY OF 2.5 OR MORE, AND ALABASTER, WHETHER OR NOT ROUGHLY TRIMMED OR MERELY CUT, BY SAWING OR OTHERWISE, INTO BLOCKS OR SLABS OF A RECTANGULAR (INCLUDING SQUARE) SHAPE:---Marble and travertine:---Merely cut, by sawing or otherwise, into blocks or slabs of a rectangular (including square) shape;;;;;;;KG;;_DAU17;20240101;99991231;0;0;;;;;;
AU;2515120003;20240101;99991231;EN;Salt. sulfur. earths and stone. plastering materials, lime and cement---MARBLE, TRAVERTINE, ECAUSSINE AND OTHER CALCAREOUS MONUMENTAL OR BUILDING STONE OF AN APPARENT SPECIFIC GRAVITY OF 2.5 OR MORE, AND ALABASTER, WHETHER OR NOT ROUGHLY TRIMMED OR MERELY CUT, BY SAWING OR OTHERWISE, INTO BLOCKS OR SLABS OF A RECTANGULAR (INCLUDING SQUARE) SHAPE:---Marble and travertine:---Merely cut, by sawing or otherwise, into blocks or slabs of a rectangular (including square) shape;;;;;;;ES;Salt. sulfur. earths and stone. plastering materials, lime and cement---MARBLE, TRAVERTINE, ECAUSSINE AND OTHER CALCAREOUS MONUMENTAL OR BUILDING STONE OF AN APPARENT SPECIFIC GRAVITY OF 2.5 OR MORE, AND ALABASTER, WHETHER OR NOT ROUGHLY TRIMMED OR MERELY CUT, BY SAWING OR OTHERWISE, INTO BLOCKS OR SLABS OF A RECTANGULAR (INCLUDING SQUARE) SHAPE:---Marble and travertine:---Merely cut, by sawing or otherwise, into blocks or slabs of a rectangular (including square) shape;;;;;;;KG;;_DAU2;20240101;99991231;0;0;;;;;;
AU;2515120003;20240101;99991231;EN;Salt. sulfur. earths and stone. plastering materials, lime and cement---MARBLE, TRAVERTINE, ECAUSSINE AND OTHER CALCAREOUS MONUMENTAL OR BUILDING STONE OF AN APPARENT SPECIFIC GRAVITY OF 2.5 OR MORE, AND ALABASTER, WHETHER OR NOT ROUGHLY TRIMMED OR MERELY CUT, BY SAWING OR OTHERWISE, INTO BLOCKS OR SLABS OF A RECTANGULAR (INCLUDING SQUARE) SHAPE:---Marble and travertine:---Merely cut, by sawing or otherwise, into blocks or slabs of a rectangular (including square) shape;;;;;;;ES;Salt. sulfur. earths and stone. plastering materials, lime and cement---MARBLE, TRAVERTINE, ECAUSSINE AND OTHER CALCAREOUS MONUMENTAL OR BUILDING STONE OF AN APPARENT SPECIFIC GRAVITY OF 2.5 OR MORE, AND ALABASTER, WHETHER OR NOT ROUGHLY TRIMMED OR MERELY CUT, BY SAWING OR OTHERWISE, INTO BLOCKS OR SLABS OF A RECTANGULAR (INCLUDING SQUARE) SHAPE:---Marble and travertine:---Merely cut, by sawing or otherwise, into blocks or slabs of a rectangular (including square) shape;;;;;;;KG;;_DAU30;20240101;99991231;0;0;;;;;;
AU;2515200004;20240101;99991231;EN;Salt. sulfur. earths and stone. plastering materials, lime and cement---MARBLE, TRAVERTINE, ECAUSSINE AND OTHER CALCAREOUS MONUMENTAL OR BUILDING STONE OF AN APPARENT SPECIFIC GRAVITY OF 2.5 OR MORE, AND ALABASTER, WHETHER OR NOT ROUGHLY TRIMMED OR MERELY CUT, BY SAWING OR OTHERWISE, INTO BLOCKS OR SLABS OF A RECTANGULAR (INCLUDING SQUARE) SHAPE:---Ecaussine and other calcareous monumental or building stone. alabaster;;;;;;;ES;Salt. sulfur. earths and stone. plastering materials, lime and cement---MARBLE, TRAVERTINE, ECAUSSINE AND OTHER CALCAREOUS MONUMENTAL OR BUILDING STONE OF AN APPARENT SPECIFIC GRAVITY OF 2.5 OR MORE, AND ALABASTER, WHETHER OR NOT ROUGHLY TRIMMED OR MERELY CUT, BY SAWING OR OTHERWISE, INTO BLOCKS OR SLABS OF A RECTANGULAR (INCLUDING SQUARE) SHAPE:---Ecaussine and other calcareous monumental or building stone. alabaster;;;;;;;KG;;_DAU1;20240101;99991231;0;0;;;;;;
AU;2515200004;20240101;99991231;EN;Salt. sulfur. earths and stone. plastering materials, lime and cement---MARBLE, TRAVERTINE, ECAUSSINE AND OTHER CALCAREOUS MONUMENTAL OR BUILDING STONE OF AN APPARENT SPECIFIC GRAVITY OF 2.5 OR MORE, AND ALABASTER, WHETHER OR NOT ROUGHLY TRIMMED OR MERELY CUT, BY SAWING OR OTHERWISE, INTO BLOCKS OR SLABS OF A RECTANGULAR (INCLUDING SQUARE) SHAPE:---Ecaussine and other calcareous monumental or building stone. alabaster;;;;;;;ES;Salt. sulfur. earths and stone. plastering materials, lime and cement---MARBLE, TRAVERTINE, ECAUSSINE AND OTHER CALCAREOUS MONUMENTAL OR BUILDING STONE OF AN APPARENT SPECIFIC GRAVITY OF 2.5 OR MORE, AND ALABASTER, WHETHER OR NOT ROUGHLY TRIMMED OR MERELY CUT, BY SAWING OR OTHERWISE, INTO BLOCKS OR SLABS OF A RECTANGULAR (INCLUDING SQUARE) SHAPE:---Ecaussine and other calcareous monumental or building stone. alabaster;;;;;;;KG;;_DAU13;20240101;99991231;0;0;;;;;;
AU;2515200004;20240101;99991231;EN;Salt. sulfur. earths and stone. plastering materials, lime and cement---MARBLE, TRAVERTINE, ECAUSSINE AND OTHER CALCAREOUS MONUMENTAL OR BUILDING STONE OF AN APPARENT SPECIFIC GRAVITY OF 2.5 OR MORE, AND ALABASTER, WHETHER OR NOT ROUGHLY TRIMMED OR MERELY CUT, BY SAWING OR OTHERWISE, INTO BLOCKS OR SLABS OF A RECTANGULAR (INCLUDING SQUARE) SHAPE:---Ecaussine and other calcareous monumental or building stone. alabaster;;;;;;;ES;Salt. sulfur. earths and stone. plastering materials, lime and cement---MARBLE, TRAVERTINE, ECAUSSINE AND OTHER CALCAREOUS MONUMENTAL OR BUILDING STONE OF AN APPARENT SPECIFIC GRAVITY OF 2.5 OR MORE, AND ALABASTER, WHETHER OR NOT ROUGHLY TRIMMED OR MERELY CUT, BY SAWING OR OTHERWISE, INTO BLOCKS OR SLABS OF A RECTANGULAR (INCLUDING SQUARE) SHAPE:---Ecaussine and other calcareous monumental or building stone. alabaster;;;;;;;KG;;_DAU17;20240101;99991231;0;0;;;;;;
AU;2515200004;20240101;99991231;EN;Salt. sulfur. earths and stone. plastering materials, lime and cement---MARBLE, TRAVERTINE, ECAUSSINE AND OTHER CALCAREOUS MONUMENTAL OR BUILDING STONE OF AN APPARENT SPECIFIC GRAVITY OF 2.5 OR MORE, AND ALABASTER, WHETHER OR NOT ROUGHLY TRIMMED OR MERELY CUT, BY SAWING OR OTHERWISE, INTO BLOCKS OR SLABS OF A RECTANGULAR (INCLUDING SQUARE) SHAPE:---Ecaussine and other calcareous monumental or building stone. alabaster;;;;;;;ES;Salt. sulfur. earths and stone. plastering materials, lime and cement---MARBLE, TRAVERTINE, ECAUSSINE AND OTHER CALCAREOUS MONUMENTAL OR BUILDING STONE OF AN APPARENT SPECIFIC GRAVITY OF 2.5 OR MORE, AND ALABASTER, WHETHER OR NOT ROUGHLY TRIMMED OR MERELY CUT, BY SAWING OR OTHERWISE, INTO BLOCKS OR SLABS OF A RECTANGULAR (INCLUDING SQUARE) SHAPE:---Ecaussine and other calcareous monumental or building stone. alabaster;;;;;;;KG;;_DAU2;20240101;99991231;0;0;;;;;;
AU;2515200004;20240101;99991231;EN;Salt. sulfur. earths and stone. plastering materials, lime and cement---MARBLE, TRAVERTINE, ECAUSSINE AND OTHER CALCAREOUS MONUMENTAL OR BUILDING STONE OF AN APPARENT SPECIFIC GRAVITY OF 2.5 OR MORE, AND ALABASTER, WHETHER OR NOT ROUGHLY TRIMMED OR MERELY CUT, BY SAWING OR OTHERWISE, INTO BLOCKS OR SLABS OF A RECTANGULAR (INCLUDING SQUARE) SHAPE:---Ecaussine and other calcareous monumental or building stone. alabaster;;;;;;;ES;Salt. sulfur. earths and stone. plastering materials, lime and cement---MARBLE, TRAVERTINE, ECAUSSINE AND OTHER CALCAREOUS MONUMENTAL OR BUILDING STONE OF AN APPARENT SPECIFIC GRAVITY OF 2.5 OR MORE, AND ALABASTER, WHETHER OR NOT ROUGHLY TRIMMED OR MERELY CUT, BY SAWING OR OTHERWISE, INTO BLOCKS OR SLABS OF A RECTANGULAR (INCLUDING SQUARE) SHAPE:---Ecaussine and other calcareous monumental or building stone. alabaster;;;;;;;KG;;_DAU30;20240101;99991231;0;0;;;;;;
AU;2516110005;20240101;99991231;EN;Salt. sulfur. earths and stone. plastering materials, lime and cement---GRANITE, PORPHYRY, BASALT, SANDSTONE AND OTHER MONUMENTAL OR BUILDING STONE, WHETHER OR NOT ROUGHLY TRIMMED OR MERELY CUT, BY SAWING OR OTHERWISE, INTO BLOCKS OR SLABS OF A RECTANGULAR (INCLUDING SQUARE) SHAPE:---Granite:---Crude or roughly trimmed;;;;;;;ES;Salt. sulfur. earths and stone. plastering materials, lime and cement---GRANITE, PORPHYRY, BASALT, SANDSTONE AND OTHER MONUMENTAL OR BUILDING STONE, WHETHER OR NOT ROUGHLY TRIMMED OR MERELY CUT, BY SAWING OR OTHERWISE, INTO BLOCKS OR SLABS OF A RECTANGULAR (INCLUDING SQUARE) SHAPE:---Granite:---Crude or roughly trimmed;;;;;;;KG;;_DAU1;20240101;99991231;0;0;;;;;;
AU;2516110005;20240101;99991231;EN;Salt. sulfur. earths and stone. plastering materials, lime and cement---GRANITE, PORPHYRY, BASALT, SANDSTONE AND OTHER MONUMENTAL OR BUILDING STONE, WHETHER OR NOT ROUGHLY TRIMMED OR MERELY CUT, BY SAWING OR OTHERWISE, INTO BLOCKS OR SLABS OF A RECTANGULAR (INCLUDING SQUARE) SHAPE:---Granite:---Crude or roughly trimmed;;;;;;;ES;Salt. sulfur. earths and stone. plastering materials, lime and cement---GRANITE, PORPHYRY, BASALT, SANDSTONE AND OTHER MONUMENTAL OR BUILDING STONE, WHETHER OR NOT ROUGHLY TRIMMED OR MERELY CUT, BY SAWING OR OTHERWISE, INTO BLOCKS OR SLABS OF A RECTANGULAR (INCLUDING SQUARE) SHAPE:---Granite:---Crude or roughly trimmed;;;;;;;KG;;_DAU13;20240101;99991231;0;0;;;;;;
AU;2516110005;20240101;99991231;EN;Salt. sulfur. earths and stone. plastering materials, lime and cement---GRANITE, PORPHYRY, BASALT, SANDSTONE AND OTHER MONUMENTAL OR BUILDING STONE, WHETHER OR NOT ROUGHLY TRIMMED OR MERELY CUT, BY SAWING OR OTHERWISE, INTO BLOCKS OR SLABS OF A RECTANGULAR (INCLUDING SQUARE) SHAPE:---Granite:---Crude or roughly trimmed;;;;;;;ES;Salt. sulfur. earths and stone. plastering materials, lime and cement---GRANITE, PORPHYRY, BASALT, SANDSTONE AND OTHER MONUMENTAL OR BUILDING STONE, WHETHER OR NOT ROUGHLY TRIMMED OR MERELY CUT, BY SAWING OR OTHERWISE, INTO BLOCKS OR SLABS OF A RECTANGULAR (INCLUDING SQUARE) SHAPE:---Granite:---Crude or roughly trimmed;;;;;;;KG;;_DAU17;20240101;99991231;0;0;;;;;;
AU;2516110005;20240101;99991231;EN;Salt. sulfur. earths and stone. plastering materials, lime and cement---GRANITE, PORPHYRY, BASALT, SANDSTONE AND OTHER MONUMENTAL OR BUILDING STONE, WHETHER OR NOT ROUGHLY TRIMMED OR MERELY CUT, BY SAWING OR OTHERWISE, INTO BLOCKS OR SLABS OF A RECTANGULAR (INCLUDING SQUARE) SHAPE:---Granite:---Crude or roughly trimmed;;;;;;;ES;Salt. sulfur. earths and stone. plastering materials, lime and cement---GRANITE, PORPHYRY, BASALT, SANDSTONE AND OTHER MONUMENTAL OR BUILDING STONE, WHETHER OR NOT ROUGHLY TRIMMED OR MERELY CUT, BY SAWING OR OTHERWISE, INTO BLOCKS OR SLABS OF A RECTANGULAR (INCLUDING SQUARE) SHAPE:---Granite:---Crude or roughly trimmed;;;;;;;KG;;_DAU2;20240101;99991231;0;0;;;;;;
AU;2516110005;20240101;99991231;EN;Salt. sulfur. earths and stone. plastering materials, lime and cement---GRANITE, PORPHYRY, BASALT, SANDSTONE AND OTHER MONUMENTAL OR BUILDING STONE, WHETHER OR NOT ROUGHLY TRIMMED OR MERELY CUT, BY SAWING OR OTHERWISE, INTO BLOCKS OR SLABS OF A RECTANGULAR (INCLUDING SQUARE) SHAPE:---Granite:---Crude or roughly trimmed;;;;;;;ES;Salt. sulfur. earths and stone. plastering materials, lime and cement---GRANITE, PORPHYRY, BASALT, SANDSTONE AND OTHER MONUMENTAL OR BUILDING STONE, WHETHER OR NOT ROUGHLY TRIMMED OR MERELY CUT, BY SAWING OR OTHERWISE, INTO BLOCKS OR SLABS OF A RECTANGULAR (INCLUDING SQUARE) SHAPE:---Granite:---Crude or roughly trimmed;;;;;;;KG;;_DAU30;20240101;99991231;0;0;;;;;;
AU;2516120006;20240101;99991231;EN;Salt. sulfur. earths and stone. plastering materials, lime and cement---GRANITE, PORPHYRY, BASALT, SANDSTONE AND OTHER MONUMENTAL OR BUILDING STONE, WHETHER OR NOT ROUGHLY TRIMMED OR MERELY CUT, BY SAWING OR OTHERWISE, INTO BLOCKS OR SLABS OF A RECTANGULAR (INCLUDING SQUARE) SHAPE:---Granite:---Merely cut, by sawing or otherwise, into blocks or slabs of a rectangular (including square) shape;;;;;;;ES;Salt. sulfur. earths and stone. plastering materials, lime and cement---GRANITE, PORPHYRY, BASALT, SANDSTONE AND OTHER MONUMENTAL OR BUILDING STONE, WHETHER OR NOT ROUGHLY TRIMMED OR MERELY CUT, BY SAWING OR OTHERWISE, INTO BLOCKS OR SLABS OF A RECTANGULAR (INCLUDING SQUARE) SHAPE:---Granite:---Merely cut, by sawing or otherwise, into blocks or slabs of a rectangular (including square) shape;;;;;;;KG;;_DAU1;20240101;99991231;5;0;;;;;;
AU;2516120006;20240101;99991231;EN;Salt. sulfur. earths and stone. plastering materials, lime and cement---GRANITE, PORPHYRY, BASALT, SANDSTONE AND OTHER MONUMENTAL OR BUILDING STONE, WHETHER OR NOT ROUGHLY TRIMMED OR MERELY CUT, BY SAWING OR OTHERWISE, INTO BLOCKS OR SLABS OF A RECTANGULAR (INCLUDING SQUARE) SHAPE:---Granite:---Merely cut, by sawing or otherwise, into blocks or slabs of a rectangular (including square) shape;;;;;;;ES;Salt. sulfur. earths and stone. plastering materials, lime and cement---GRANITE, PORPHYRY, BASALT, SANDSTONE AND OTHER MONUMENTAL OR BUILDING STONE, WHETHER OR NOT ROUGHLY TRIMMED OR MERELY CUT, BY SAWING OR OTHERWISE, INTO BLOCKS OR SLABS OF A RECTANGULAR (INCLUDING SQUARE) SHAPE:---Granite:---Merely cut, by sawing or otherwise, into blocks or slabs of a rectangular (including square) shape;;;;;;;KG;;_DAU13;20240101;99991231;0;0;;;;;;
AU;2516120006;20240101;99991231;EN;Salt. sulfur. earths and stone. plastering materials, lime and cement---GRANITE, PORPHYRY, BASALT, SANDSTONE AND OTHER MONUMENTAL OR BUILDING STONE, WHETHER OR NOT ROUGHLY TRIMMED OR MERELY CUT, BY SAWING OR OTHERWISE, INTO BLOCKS OR SLABS OF A RECTANGULAR (INCLUDING SQUARE) SHAPE:---Granite:---Merely cut, by sawing or otherwise, into blocks or slabs of a rectangular (including square) shape;;;;;;;ES;Salt. sulfur. earths and stone. plastering materials, lime and cement---GRANITE, PORPHYRY, BASALT, SANDSTONE AND OTHER MONUMENTAL OR BUILDING STONE, WHETHER OR NOT ROUGHLY TRIMMED OR MERELY CUT, BY SAWING OR OTHERWISE, INTO BLOCKS OR SLABS OF A RECTANGULAR (INCLUDING SQUARE) SHAPE:---Granite:---Merely cut, by sawing or otherwise, into blocks or slabs of a rectangular (including square) shape;;;;;;;KG;;_DAU17;20240101;99991231;0;0;;;;;;
AU;2516120006;20240101;99991231;EN;Salt. sulfur. earths and stone. plastering materials, lime and cement---GRANITE, PORPHYRY, BASALT, SANDSTONE AND OTHER MONUMENTAL OR BUILDING STONE, WHETHER OR NOT ROUGHLY TRIMMED OR MERELY CUT, BY SAWING OR OTHERWISE, INTO BLOCKS OR SLABS OF A RECTANGULAR (INCLUDING SQUARE) SHAPE:---Granite:---Merely cut, by sawing or otherwise, into blocks or slabs of a rectangular (including square) shape;;;;;;;ES;Salt. sulfur. earths and stone. plastering materials, lime and cement---GRANITE, PORPHYRY, BASALT, SANDSTONE AND OTHER MONUMENTAL OR BUILDING STONE, WHETHER OR NOT ROUGHLY TRIMMED OR MERELY CUT, BY SAWING OR OTHERWISE, INTO BLOCKS OR SLABS OF A RECTANGULAR (INCLUDING SQUARE) SHAPE:---Granite:---Merely cut, by sawing or otherwise, into blocks or slabs of a rectangular (including square) shape;;;;;;;KG;;_DAU2;20240101;99991231;0;0;;;;;;
AU;2516120006;20240101;99991231;EN;Salt. sulfur. earths and stone. plastering materials, lime and cement---GRANITE, PORPHYRY, BASALT, SANDSTONE AND OTHER MONUMENTAL OR BUILDING STONE, WHETHER OR NOT ROUGHLY TRIMMED OR MERELY CUT, BY SAWING OR OTHERWISE, INTO BLOCKS OR SLABS OF A RECTANGULAR (INCLUDING SQUARE) SHAPE:---Granite:---Merely cut, by sawing or otherwise, into blocks or slabs of a rectangular (including square) shape;;;;;;;ES;Salt. sulfur. earths and stone. plastering materials, lime and cement---GRANITE, PORPHYRY, BASALT, SANDSTONE AND OTHER MONUMENTAL OR BUILDING STONE, WHETHER OR NOT ROUGHLY TRIMMED OR MERELY CUT, BY SAWING OR OTHERWISE, INTO BLOCKS OR SLABS OF A RECTANGULAR (INCLUDING SQUARE) SHAPE:---Granite:---Merely cut, by sawing or otherwise, into blocks or slabs of a rectangular (including square) shape;;;;;;;KG;;_DAU30;20240101;99991231;0;0;;;;;;
AU;2516201009;20240101;99991231;EN;Salt. sulfur. earths and stone. plastering materials, lime and cement---GRANITE, PORPHYRY, BASALT, SANDSTONE AND OTHER MONUMENTAL OR BUILDING STONE, WHETHER OR NOT ROUGHLY TRIMMED OR MERELY CUT, BY SAWING OR OTHERWISE, INTO BLOCKS OR SLABS OF A RECTANGULAR (INCLUDING SQUARE) SHAPE:---Sandstone:---Crude or roughly trimmed;;;;;;;ES;Salt. sulfur. earths and stone. plastering materials, lime and cement---GRANITE, PORPHYRY, BASALT, SANDSTONE AND OTHER MONUMENTAL OR BUILDING STONE, WHETHER OR NOT ROUGHLY TRIMMED OR MERELY CUT, BY SAWING OR OTHERWISE, INTO BLOCKS OR SLABS OF A RECTANGULAR (INCLUDING SQUARE) SHAPE:---Sandstone:---Crude or roughly trimmed;;;;;;;KG;;_DAU1;20240101;99991231;0;0;;;;;;
AU;2516201009;20240101;99991231;EN;Salt. sulfur. earths and stone. plastering materials, lime and cement---GRANITE, PORPHYRY, BASALT, SANDSTONE AND OTHER MONUMENTAL OR BUILDING STONE, WHETHER OR NOT ROUGHLY TRIMMED OR MERELY CUT, BY SAWING OR OTHERWISE, INTO BLOCKS OR SLABS OF A RECTANGULAR (INCLUDING SQUARE) SHAPE:---Sandstone:---Crude or roughly trimmed;;;;;;;ES;Salt. sulfur. earths and stone. plastering materials, lime and cement---GRANITE, PORPHYRY, BASALT, SANDSTONE AND OTHER MONUMENTAL OR BUILDING STONE, WHETHER OR NOT ROUGHLY TRIMMED OR MERELY CUT, BY SAWING OR OTHERWISE, INTO BLOCKS OR SLABS OF A RECTANGULAR (INCLUDING SQUARE) SHAPE:---Sandstone:---Crude or roughly trimmed;;;;;;;KG;;_DAU13;20240101;99991231;0;0;;;;;;
AU;2516201009;20240101;99991231;EN;Salt. sulfur. earths and stone. plastering materials, lime and cement---GRANITE, PORPHYRY, BASALT, SANDSTONE AND OTHER MONUMENTAL OR BUILDING STONE, WHETHER OR NOT ROUGHLY TRIMMED OR MERELY CUT, BY SAWING OR OTHERWISE, INTO BLOCKS OR SLABS OF A RECTANGULAR (INCLUDING SQUARE) SHAPE:---Sandstone:---Crude or roughly trimmed;;;;;;;ES;Salt. sulfur. earths and stone. plastering materials, lime and cement---GRANITE, PORPHYRY, BASALT, SANDSTONE AND OTHER MONUMENTAL OR BUILDING STONE, WHETHER OR NOT ROUGHLY TRIMMED OR MERELY CUT, BY SAWING OR OTHERWISE, INTO BLOCKS OR SLABS OF A RECTANGULAR (INCLUDING SQUARE) SHAPE:---Sandstone:---Crude or roughly trimmed;;;;;;;KG;;_DAU17;20240101;99991231;0;0;;;;;;
AU;2516201009;20240101;99991231;EN;Salt. sulfur. earths and stone. plastering materials, lime and cement---GRANITE, PORPHYRY, BASALT, SANDSTONE AND OTHER MONUMENTAL OR BUILDING STONE, WHETHER OR NOT ROUGHLY TRIMMED OR MERELY CUT, BY SAWING OR OTHERWISE, INTO BLOCKS OR SLABS OF A RECTANGULAR (INCLUDING SQUARE) SHAPE:---Sandstone:---Crude or roughly trimmed;;;;;;;ES;Salt. sulfur. earths and stone. plastering materials, lime and cement---GRANITE, PORPHYRY, BASALT, SANDSTONE AND OTHER MONUMENTAL OR BUILDING STONE, WHETHER OR NOT ROUGHLY TRIMMED OR MERELY CUT, BY SAWING OR OTHERWISE, INTO BLOCKS OR SLABS OF A RECTANGULAR (INCLUDING SQUARE) SHAPE:---Sandstone:---Crude or roughly trimmed;;;;;;;KG;;_DAU2;20240101;99991231;0;0;;;;;;
AU;2516201009;20240101;99991231;EN;Salt. sulfur. earths and stone. plastering materials, lime and cement---GRANITE, PORPHYRY, BASALT, SANDSTONE AND OTHER MONUMENTAL OR BUILDING STONE, WHETHER OR NOT ROUGHLY TRIMMED OR MERELY CUT, BY SAWING OR OTHERWISE, INTO BLOCKS OR SLABS OF A RECTANGULAR (INCLUDING SQUARE) SHAPE:---Sandstone:---Crude or roughly trimmed;;;;;;;ES;Salt. sulfur. earths and stone. plastering materials, lime and cement---GRANITE, PORPHYRY, BASALT, SANDSTONE AND OTHER MONUMENTAL OR BUILDING STONE, WHETHER OR NOT ROUGHLY TRIMMED OR MERELY CUT, BY SAWING OR OTHERWISE, INTO BLOCKS OR SLABS OF A RECTANGULAR (INCLUDING SQUARE) SHAPE:---Sandstone:---Crude or roughly trimmed;;;;;;;KG;;_DAU30;20240101;99991231;0;0;;;;;;
AU;2516202010;20240101;99991231;EN;Salt. sulfur. earths and stone. plastering materials, lime and cement---GRANITE, PORPHYRY, BASALT, SANDSTONE AND OTHER MONUMENTAL OR BUILDING STONE, WHETHER OR NOT ROUGHLY TRIMMED OR MERELY CUT, BY SAWING OR OTHERWISE, INTO BLOCKS OR SLABS OF A RECTANGULAR (INCLUDING SQUARE) SHAPE:---Sandstone:---Merely cut, by sawing or otherwise, into blocks or slabs of a rectangular (including square) shape;;;;;;;ES;Salt. sulfur. earths and stone. plastering materials, lime and cement---GRANITE, PORPHYRY, BASALT, SANDSTONE AND OTHER MONUMENTAL OR BUILDING STONE, WHETHER OR NOT ROUGHLY TRIMMED OR MERELY CUT, BY SAWING OR OTHERWISE, INTO BLOCKS OR SLABS OF A RECTANGULAR (INCLUDING SQUARE) SHAPE:---Sandstone:---Merely cut, by sawing or otherwise, into blocks or slabs of a rectangular (including square) shape;;;;;;;KG;;_DAU1;20240101;99991231;5;0;;;;;;
AU;2516202010;20240101;99991231;EN;Salt. sulfur. earths and stone. plastering materials, lime and cement---GRANITE, PORPHYRY, BASALT, SANDSTONE AND OTHER MONUMENTAL OR BUILDING STONE, WHETHER OR NOT ROUGHLY TRIMMED OR MERELY CUT, BY SAWING OR OTHERWISE, INTO BLOCKS OR SLABS OF A RECTANGULAR (INCLUDING SQUARE) SHAPE:---Sandstone:---Merely cut, by sawing or otherwise, into blocks or slabs of a rectangular (including square) shape;;;;;;;ES;Salt. sulfur. earths and stone. plastering materials, lime and cement---GRANITE, PORPHYRY, BASALT, SANDSTONE AND OTHER MONUMENTAL OR BUILDING STONE, WHETHER OR NOT ROUGHLY TRIMMED OR MERELY CUT, BY SAWING OR OTHERWISE, INTO BLOCKS OR SLABS OF A RECTANGULAR (INCLUDING SQUARE) SHAPE:---Sandstone:---Merely cut, by sawing or otherwise, into blocks or slabs of a rectangular (including square) shape;;;;;;;KG;;_DAU13;20240101;99991231;0;0;;;;;;
AU;2516202010;20240101;99991231;EN;Salt. sulfur. earths and stone. plastering materials, lime and cement---GRANITE, PORPHYRY, BASALT, SANDSTONE AND OTHER MONUMENTAL OR BUILDING STONE, WHETHER OR NOT ROUGHLY TRIMMED OR MERELY CUT, BY SAWING OR OTHERWISE, INTO BLOCKS OR SLABS OF A RECTANGULAR (INCLUDING SQUARE) SHAPE:---Sandstone:---Merely cut, by sawing or otherwise, into blocks or slabs of a rectangular (including square) shape;;;;;;;ES;Salt. sulfur. earths and stone. plastering materials, lime and cement---GRANITE, PORPHYRY, BASALT, SANDSTONE AND OTHER MONUMENTAL OR BUILDING STONE, WHETHER OR NOT ROUGHLY TRIMMED OR MERELY CUT, BY SAWING OR OTHERWISE, INTO BLOCKS OR SLABS OF A RECTANGULAR (INCLUDING SQUARE) SHAPE:---Sandstone:---Merely cut, by sawing or otherwise, into blocks or slabs of a rectangular (including square) shape;;;;;;;KG;;_DAU17;20240101;99991231;0;0;;;;;;
AU;2516202010;20240101;99991231;EN;Salt. sulfur. earths and stone. plastering materials, lime and cement---GRANITE, PORPHYRY, BASALT, SANDSTONE AND OTHER MONUMENTAL OR BUILDING STONE, WHETHER OR NOT ROUGHLY TRIMMED OR MERELY CUT, BY SAWING OR OTHERWISE, INTO BLOCKS OR SLABS OF A RECTANGULAR (INCLUDING SQUARE) SHAPE:---Sandstone:---Merely cut, by sawing or otherwise, into blocks or slabs of a rectangular (including square) shape;;;;;;;ES;Salt. sulfur. earths and stone. plastering materials, lime and cement---GRANITE, PORPHYRY, BASALT, SANDSTONE AND OTHER MONUMENTAL OR BUILDING STONE, WHETHER OR NOT ROUGHLY TRIMMED OR MERELY CUT, BY SAWING OR OTHERWISE, INTO BLOCKS OR SLABS OF A RECTANGULAR (INCLUDING SQUARE) SHAPE:---Sandstone:---Merely cut, by sawing or otherwise, into blocks or slabs of a rectangular (including square) shape;;;;;;;KG;;_DAU2;20240101;99991231;0;0;;;;;;
AU;2516202010;20240101;99991231;EN;Salt. sulfur. earths and stone. plastering materials, lime and cement---GRANITE, PORPHYRY, BASALT, SANDSTONE AND OTHER MONUMENTAL OR BUILDING STONE, WHETHER OR NOT ROUGHLY TRIMMED OR MERELY CUT, BY SAWING OR OTHERWISE, INTO BLOCKS OR SLABS OF A RECTANGULAR (INCLUDING SQUARE) SHAPE:---Sandstone:---Merely cut, by sawing or otherwise, into blocks or slabs of a rectangular (including square) shape;;;;;;;ES;Salt. sulfur. earths and stone. plastering materials, lime and cement---GRANITE, PORPHYRY, BASALT, SANDSTONE AND OTHER MONUMENTAL OR BUILDING STONE, WHETHER OR NOT ROUGHLY TRIMMED OR MERELY CUT, BY SAWING OR OTHERWISE, INTO BLOCKS OR SLABS OF A RECTANGULAR (INCLUDING SQUARE) SHAPE:---Sandstone:---Merely cut, by sawing or otherwise, into blocks or slabs of a rectangular (including square) shape;;;;;;;KG;;_DAU30;20240101;99991231;0;0;;;;;;
AU;2516900036;20240101;99991231;EN;Salt. sulfur. earths and stone. plastering materials, lime and cement---GRANITE, PORPHYRY, BASALT, SANDSTONE AND OTHER MONUMENTAL OR BUILDING STONE, WHETHER OR NOT ROUGHLY TRIMMED OR MERELY CUT, BY SAWING OR OTHERWISE, INTO BLOCKS OR SLABS OF A RECTANGULAR (INCLUDING SQUARE) SHAPE:---Other monumental or building stone;;;;;;;ES;Salt. sulfur. earths and stone. plastering materials, lime and cement---GRANITE, PORPHYRY, BASALT, SANDSTONE AND OTHER MONUMENTAL OR BUILDING STONE, WHETHER OR NOT ROUGHLY TRIMMED OR MERELY CUT, BY SAWING OR OTHERWISE, INTO BLOCKS OR SLABS OF A RECTANGULAR (INCLUDING SQUARE) SHAPE:---Other monumental or building stone;;;;;;;KG;;_DAU1;20240101;99991231;0;0;;;;;;
AU;2516900036;20240101;99991231;EN;Salt. sulfur. earths and stone. plastering materials, lime and cement---GRANITE, PORPHYRY, BASALT, SANDSTONE AND OTHER MONUMENTAL OR BUILDING STONE, WHETHER OR NOT ROUGHLY TRIMMED OR MERELY CUT, BY SAWING OR OTHERWISE, INTO BLOCKS OR SLABS OF A RECTANGULAR (INCLUDING SQUARE) SHAPE:---Other monumental or building stone;;;;;;;ES;Salt. sulfur. earths and stone. plastering materials, lime and cement---GRANITE, PORPHYRY, BASALT, SANDSTONE AND OTHER MONUMENTAL OR BUILDING STONE, WHETHER OR NOT ROUGHLY TRIMMED OR MERELY CUT, BY SAWING OR OTHERWISE, INTO BLOCKS OR SLABS OF A RECTANGULAR (INCLUDING SQUARE) SHAPE:---Other monumental or building stone;;;;;;;KG;;_DAU13;20240101;99991231;0;0;;;;;;
AU;2516900036;20240101;99991231;EN;Salt. sulfur. earths and stone. plastering materials, lime and cement---GRANITE, PORPHYRY, BASALT, SANDSTONE AND OTHER MONUMENTAL OR BUILDING STONE, WHETHER OR NOT ROUGHLY TRIMMED OR MERELY CUT, BY SAWING OR OTHERWISE, INTO BLOCKS OR SLABS OF A RECTANGULAR (INCLUDING SQUARE) SHAPE:---Other monumental or building stone;;;;;;;ES;Salt. sulfur. earths and stone. plastering materials, lime and cement---GRANITE, PORPHYRY, BASALT, SANDSTONE AND OTHER MONUMENTAL OR BUILDING STONE, WHETHER OR NOT ROUGHLY TRIMMED OR MERELY CUT, BY SAWING OR OTHERWISE, INTO BLOCKS OR SLABS OF A RECTANGULAR (INCLUDING SQUARE) SHAPE:---Other monumental or building stone;;;;;;;KG;;_DAU17;20240101;99991231;0;0;;;;;;
AU;2516900036;20240101;99991231;EN;Salt. sulfur. earths and stone. plastering materials, lime and cement---GRANITE, PORPHYRY, BASALT, SANDSTONE AND OTHER MONUMENTAL OR BUILDING STONE, WHETHER OR NOT ROUGHLY TRIMMED OR MERELY CUT, BY SAWING OR OTHERWISE, INTO BLOCKS OR SLABS OF A RECTANGULAR (INCLUDING SQUARE) SHAPE:---Other monumental or building stone;;;;;;;ES;Salt. sulfur. earths and stone. plastering materials, lime and cement---GRANITE, PORPHYRY, BASALT, SANDSTONE AND OTHER MONUMENTAL OR BUILDING STONE, WHETHER OR NOT ROUGHLY TRIMMED OR MERELY CUT, BY SAWING OR OTHERWISE, INTO BLOCKS OR SLABS OF A RECTANGULAR (INCLUDING SQUARE) SHAPE:---Other monumental or building stone;;;;;;;KG;;_DAU2;20240101;99991231;0;0;;;;;;
AU;2516900036;20240101;99991231;EN;Salt. sulfur. earths and stone. plastering materials, lime and cement---GRANITE, PORPHYRY, BASALT, SANDSTONE AND OTHER MONUMENTAL OR BUILDING STONE, WHETHER OR NOT ROUGHLY TRIMMED OR MERELY CUT, BY SAWING OR OTHERWISE, INTO BLOCKS OR SLABS OF A RECTANGULAR (INCLUDING SQUARE) SHAPE:---Other monumental or building stone;;;;;;;ES;Salt. sulfur. earths and stone. plastering materials, lime and cement---GRANITE, PORPHYRY, BASALT, SANDSTONE AND OTHER MONUMENTAL OR BUILDING STONE, WHETHER OR NOT ROUGHLY TRIMMED OR MERELY CUT, BY SAWING OR OTHERWISE, INTO BLOCKS OR SLABS OF A RECTANGULAR (INCLUDING SQUARE) SHAPE:---Other monumental or building stone;;;;;;;KG;;_DAU30;20240101;99991231;0;0;;;;;;
AU;2517100011;20240101;99991231;EN;Salt. sulfur. earths and stone. plastering materials, lime and cement---PEBBLES, GRAVEL, BROKEN OR CRUSHED STONE, OF A KIND COMMONLY USED FOR CONCRETE AGGREGATES, FOR ROAD METALLING OR FOR RAILWAY OR OTHER BALLAST, SHINGLE AND FLINT, WHETHER OR NOT HEAT-TREATED. MACADAM OF SLAG, DROSS OR SIMILAR INDUSTRIAL WASTE, WHETHER OR NOT INCORPORATING THE MATERIALS CITED IN THE FIRST PART OF THE HEADING. TARRED MACADAM. GRANULES, CHIPPINGS AND POWDER, OF STONES OF 2515 OR 2516, WHETHER OR NOT HEAT-TREATED:---Pebbles, gravel, broken or crushed stone, of a kind commonly used for concrete aggregates, for road metalling or for railway or other ballast, shingle and flint, whether or not heat-treated;;;;;;;ES;Salt. sulfur. earths and stone. plastering materials, lime and cement---PEBBLES, GRAVEL, BROKEN OR CRUSHED STONE, OF A KIND COMMONLY USED FOR CONCRETE AGGREGATES, FOR ROAD METALLING OR FOR RAILWAY OR OTHER BALLAST, SHINGLE AND FLINT, WHETHER OR NOT HEAT-TREATED. MACADAM OF SLAG, DROSS OR SIMILAR INDUSTRIAL WASTE, WHETHER OR NOT INCORPORATING THE MATERIALS CITED IN THE FIRST PART OF THE HEADING. TARRED MACADAM. GRANULES, CHIPPINGS AND POWDER, OF STONES OF 2515 OR 2516, WHETHER OR NOT HEAT-TREATED:---Pebbles, gravel, broken or crushed stone, of a kind commonly used for concrete aggregates, for road metalling or for railway or other ballast, shingle and flint, whether or not heat-treated;;;;;;;KG;;_DAU1;20240101;99991231;0;0;;;;;;
AU;2517100011;20240101;99991231;EN;Salt. sulfur. earths and stone. plastering materials, lime and cement---PEBBLES, GRAVEL, BROKEN OR CRUSHED STONE, OF A KIND COMMONLY USED FOR CONCRETE AGGREGATES, FOR ROAD METALLING OR FOR RAILWAY OR OTHER BALLAST, SHINGLE AND FLINT, WHETHER OR NOT HEAT-TREATED. MACADAM OF SLAG, DROSS OR SIMILAR INDUSTRIAL WASTE, WHETHER OR NOT INCORPORATING THE MATERIALS CITED IN THE FIRST PART OF THE HEADING. TARRED MACADAM. GRANULES, CHIPPINGS AND POWDER, OF STONES OF 2515 OR 2516, WHETHER OR NOT HEAT-TREATED:---Pebbles, gravel, broken or crushed stone, of a kind commonly used for concrete aggregates, for road metalling or for railway or other ballast, shingle and flint, whether or not heat-treated;;;;;;;ES;Salt. sulfur. earths and stone. plastering materials, lime and cement---PEBBLES, GRAVEL, BROKEN OR CRUSHED STONE, OF A KIND COMMONLY USED FOR CONCRETE AGGREGATES, FOR ROAD METALLING OR FOR RAILWAY OR OTHER BALLAST, SHINGLE AND FLINT, WHETHER OR NOT HEAT-TREATED. MACADAM OF SLAG, DROSS OR SIMILAR INDUSTRIAL WASTE, WHETHER OR NOT INCORPORATING THE MATERIALS CITED IN THE FIRST PART OF THE HEADING. TARRED MACADAM. GRANULES, CHIPPINGS AND POWDER, OF STONES OF 2515 OR 2516, WHETHER OR NOT HEAT-TREATED:---Pebbles, gravel, broken or crushed stone, of a kind commonly used for concrete aggregates, for road metalling or for railway or other ballast, shingle and flint, whether or not heat-treated;;;;;;;KG;;_DAU13;20240101;99991231;0;0;;;;;;
AU;2517100011;20240101;99991231;EN;Salt. sulfur. earths and stone. plastering materials, lime and cement---PEBBLES, GRAVEL, BROKEN OR CRUSHED STONE, OF A KIND COMMONLY USED FOR CONCRETE AGGREGATES, FOR ROAD METALLING OR FOR RAILWAY OR OTHER BALLAST, SHINGLE AND FLINT, WHETHER OR NOT HEAT-TREATED. MACADAM OF SLAG, DROSS OR SIMILAR INDUSTRIAL WASTE, WHETHER OR NOT INCORPORATING THE MATERIALS CITED IN THE FIRST PART OF THE HEADING. TARRED MACADAM. GRANULES, CHIPPINGS AND POWDER, OF STONES OF 2515 OR 2516, WHETHER OR NOT HEAT-TREATED:---Pebbles, gravel, broken or crushed stone, of a kind commonly used for concrete aggregates, for road metalling or for railway or other ballast, shingle and flint, whether or not heat-treated;;;;;;;ES;Salt. sulfur. earths and stone. plastering materials, lime and cement---PEBBLES, GRAVEL, BROKEN OR CRUSHED STONE, OF A KIND COMMONLY USED FOR CONCRETE AGGREGATES, FOR ROAD METALLING OR FOR RAILWAY OR OTHER BALLAST, SHINGLE AND FLINT, WHETHER OR NOT HEAT-TREATED. MACADAM OF SLAG, DROSS OR SIMILAR INDUSTRIAL WASTE, WHETHER OR NOT INCORPORATING THE MATERIALS CITED IN THE FIRST PART OF THE HEADING. TARRED MACADAM. GRANULES, CHIPPINGS AND POWDER, OF STONES OF 2515 OR 2516, WHETHER OR NOT HEAT-TREATED:---Pebbles, gravel, broken or crushed stone, of a kind commonly used for concrete aggregates, for road metalling or for railway or other ballast, shingle and flint, whether or not heat-treated;;;;;;;KG;;_DAU17;20240101;99991231;0;0;;;;;;
AU;2517100011;20240101;99991231;EN;Salt. sulfur. earths and stone. plastering materials, lime and cement---PEBBLES, GRAVEL, BROKEN OR CRUSHED STONE, OF A KIND COMMONLY USED FOR CONCRETE AGGREGATES, FOR ROAD METALLING OR FOR RAILWAY OR OTHER BALLAST, SHINGLE AND FLINT, WHETHER OR NOT HEAT-TREATED. MACADAM OF SLAG, DROSS OR SIMILAR INDUSTRIAL WASTE, WHETHER OR NOT INCORPORATING THE MATERIALS CITED IN THE FIRST PART OF THE HEADING. TARRED MACADAM. GRANULES, CHIPPINGS AND POWDER, OF STONES OF 2515 OR 2516, WHETHER OR NOT HEAT-TREATED:---Pebbles, gravel, broken or crushed stone, of a kind commonly used for concrete aggregates, for road metalling or for railway or other ballast, shingle and flint, whether or not heat-treated;;;;;;;ES;Salt. sulfur. earths and stone. plastering materials, lime and cement---PEBBLES, GRAVEL, BROKEN OR CRUSHED STONE, OF A KIND COMMONLY USED FOR CONCRETE AGGREGATES, FOR ROAD METALLING OR FOR RAILWAY OR OTHER BALLAST, SHINGLE AND FLINT, WHETHER OR NOT HEAT-TREATED. MACADAM OF SLAG, DROSS OR SIMILAR INDUSTRIAL WASTE, WHETHER OR NOT INCORPORATING THE MATERIALS CITED IN THE FIRST PART OF THE HEADING. TARRED MACADAM. GRANULES, CHIPPINGS AND POWDER, OF STONES OF 2515 OR 2516, WHETHER OR NOT HEAT-TREATED:---Pebbles, gravel, broken or crushed stone, of a kind commonly used for concrete aggregates, for road metalling or for railway or other ballast, shingle and flint, whether or not heat-treated;;;;;;;KG;;_DAU2;20240101;99991231;0;0;;;;;;
AU;2517100011;20240101;99991231;EN;Salt. sulfur. earths and stone. plastering materials, lime and cement---PEBBLES, GRAVEL, BROKEN OR CRUSHED STONE, OF A KIND COMMONLY USED FOR CONCRETE AGGREGATES, FOR ROAD METALLING OR FOR RAILWAY OR OTHER BALLAST, SHINGLE AND FLINT, WHETHER OR NOT HEAT-TREATED. MACADAM OF SLAG, DROSS OR SIMILAR INDUSTRIAL WASTE, WHETHER OR NOT INCORPORATING THE MATERIALS CITED IN THE FIRST PART OF THE HEADING. TARRED MACADAM. GRANULES, CHIPPINGS AND POWDER, OF STONES OF 2515 OR 2516, WHETHER OR NOT HEAT-TREATED:---Pebbles, gravel, broken or crushed stone, of a kind commonly used for concrete aggregates, for road metalling or for railway or other ballast, shingle and flint, whether or not heat-treated;;;;;;;ES;Salt. sulfur. earths and stone. plastering materials, lime and cement---PEBBLES, GRAVEL, BROKEN OR CRUSHED STONE, OF A KIND COMMONLY USED FOR CONCRETE AGGREGATES, FOR ROAD METALLING OR FOR RAILWAY OR OTHER BALLAST, SHINGLE AND FLINT, WHETHER OR NOT HEAT-TREATED. MACADAM OF SLAG, DROSS OR SIMILAR INDUSTRIAL WASTE, WHETHER OR NOT INCORPORATING THE MATERIALS CITED IN THE FIRST PART OF THE HEADING. TARRED MACADAM. GRANULES, CHIPPINGS AND POWDER, OF STONES OF 2515 OR 2516, WHETHER OR NOT HEAT-TREATED:---Pebbles, gravel, broken or crushed stone, of a kind commonly used for concrete aggregates, for road metalling or for railway or other ballast, shingle and flint, whether or not heat-treated;;;;;;;KG;;_DAU30;20240101;99991231;0;0;;;;;;
AU;2517200012;20240101;99991231;EN;Salt. sulfur. earths and stone. plastering materials, lime and cement---PEBBLES, GRAVEL, BROKEN OR CRUSHED STONE, OF A KIND COMMONLY USED FOR CONCRETE AGGREGATES, FOR ROAD METALLING OR FOR RAILWAY OR OTHER BALLAST, SHINGLE AND FLINT, WHETHER OR NOT HEAT-TREATED. MACADAM OF SLAG, DROSS OR SIMILAR INDUSTRIAL WASTE, WHETHER OR NOT INCORPORATING THE MATERIALS CITED IN THE FIRST PART OF THE HEADING. TARRED MACADAM. GRANULES, CHIPPINGS AND POWDER, OF STONES OF 2515 OR 2516, WHETHER OR NOT HEAT-TREATED:---Macadam of slag, dross or similar industrial waste, whether or not incorporating the materials cited in 2517.10.00;;;;;;;ES;Salt. sulfur. earths and stone. plastering materials, lime and cement---PEBBLES, GRAVEL, BROKEN OR CRUSHED STONE, OF A KIND COMMONLY USED FOR CONCRETE AGGREGATES, FOR ROAD METALLING OR FOR RAILWAY OR OTHER BALLAST, SHINGLE AND FLINT, WHETHER OR NOT HEAT-TREATED. MACADAM OF SLAG, DROSS OR SIMILAR INDUSTRIAL WASTE, WHETHER OR NOT INCORPORATING THE MATERIALS CITED IN THE FIRST PART OF THE HEADING. TARRED MACADAM. GRANULES, CHIPPINGS AND POWDER, OF STONES OF 2515 OR 2516, WHETHER OR NOT HEAT-TREATED:---Macadam of slag, dross or similar industrial waste, whether or not incorporating the materials cited in 2517.10.00;;;;;;;KG;;_DAU1;20240101;99991231;0;0;;;;;;
AU;2517200012;20240101;99991231;EN;Salt. sulfur. earths and stone. plastering materials, lime and cement---PEBBLES, GRAVEL, BROKEN OR CRUSHED STONE, OF A KIND COMMONLY USED FOR CONCRETE AGGREGATES, FOR ROAD METALLING OR FOR RAILWAY OR OTHER BALLAST, SHINGLE AND FLINT, WHETHER OR NOT HEAT-TREATED. MACADAM OF SLAG, DROSS OR SIMILAR INDUSTRIAL WASTE, WHETHER OR NOT INCORPORATING THE MATERIALS CITED IN THE FIRST PART OF THE HEADING. TARRED MACADAM. GRANULES, CHIPPINGS AND POWDER, OF STONES OF 2515 OR 2516, WHETHER OR NOT HEAT-TREATED:---Macadam of slag, dross or similar industrial waste, whether or not incorporating the materials cited in 2517.10.00;;;;;;;ES;Salt. sulfur. earths and stone. plastering materials, lime and cement---PEBBLES, GRAVEL, BROKEN OR CRUSHED STONE, OF A KIND COMMONLY USED FOR CONCRETE AGGREGATES, FOR ROAD METALLING OR FOR RAILWAY OR OTHER BALLAST, SHINGLE AND FLINT, WHETHER OR NOT HEAT-TREATED. MACADAM OF SLAG, DROSS OR SIMILAR INDUSTRIAL WASTE, WHETHER OR NOT INCORPORATING THE MATERIALS CITED IN THE FIRST PART OF THE HEADING. TARRED MACADAM. GRANULES, CHIPPINGS AND POWDER, OF STONES OF 2515 OR 2516, WHETHER OR NOT HEAT-TREATED:---Macadam of slag, dross or similar industrial waste, whether or not incorporating the materials cited in 2517.10.00;;;;;;;KG;;_DAU13;20240101;99991231;0;0;;;;;;
AU;2517200012;20240101;99991231;EN;Salt. sulfur. earths and stone. plastering materials, lime and cement---PEBBLES, GRAVEL, BROKEN OR CRUSHED STONE, OF A KIND COMMONLY USED FOR CONCRETE AGGREGATES, FOR ROAD METALLING OR FOR RAILWAY OR OTHER BALLAST, SHINGLE AND FLINT, WHETHER OR NOT HEAT-TREATED. MACADAM OF SLAG, DROSS OR SIMILAR INDUSTRIAL WASTE, WHETHER OR NOT INCORPORATING THE MATERIALS CITED IN THE FIRST PART OF THE HEADING. TARRED MACADAM. GRANULES, CHIPPINGS AND POWDER, OF STONES OF 2515 OR 2516, WHETHER OR NOT HEAT-TREATED:---Macadam of slag, dross or similar industrial waste, whether or not incorporating the materials cited in 2517.10.00;;;;;;;ES;Salt. sulfur. earths and stone. plastering materials, lime and cement---PEBBLES, GRAVEL, BROKEN OR CRUSHED STONE, OF A KIND COMMONLY USED FOR CONCRETE AGGREGATES, FOR ROAD METALLING OR FOR RAILWAY OR OTHER BALLAST, SHINGLE AND FLINT, WHETHER OR NOT HEAT-TREATED. MACADAM OF SLAG, DROSS OR SIMILAR INDUSTRIAL WASTE, WHETHER OR NOT INCORPORATING THE MATERIALS CITED IN THE FIRST PART OF THE HEADING. TARRED MACADAM. GRANULES, CHIPPINGS AND POWDER, OF STONES OF 2515 OR 2516, WHETHER OR NOT HEAT-TREATED:---Macadam of slag, dross or similar industrial waste, whether or not incorporating the materials cited in 2517.10.00;;;;;;;KG;;_DAU17;20240101;99991231;0;0;;;;;;
AU;2517200012;20240101;99991231;EN;Salt. sulfur. earths and stone. plastering materials, lime and cement---PEBBLES, GRAVEL, BROKEN OR CRUSHED STONE, OF A KIND COMMONLY USED FOR CONCRETE AGGREGATES, FOR ROAD METALLING OR FOR RAILWAY OR OTHER BALLAST, SHINGLE AND FLINT, WHETHER OR NOT HEAT-TREATED. MACADAM OF SLAG, DROSS OR SIMILAR INDUSTRIAL WASTE, WHETHER OR NOT INCORPORATING THE MATERIALS CITED IN THE FIRST PART OF THE HEADING. TARRED MACADAM. GRANULES, CHIPPINGS AND POWDER, OF STONES OF 2515 OR 2516, WHETHER OR NOT HEAT-TREATED:---Macadam of slag, dross or similar industrial waste, whether or not incorporating the materials cited in 2517.10.00;;;;;;;ES;Salt. sulfur. earths and stone. plastering materials, lime and cement---PEBBLES, GRAVEL, BROKEN OR CRUSHED STONE, OF A KIND COMMONLY USED FOR CONCRETE AGGREGATES, FOR ROAD METALLING OR FOR RAILWAY OR OTHER BALLAST, SHINGLE AND FLINT, WHETHER OR NOT HEAT-TREATED. MACADAM OF SLAG, DROSS OR SIMILAR INDUSTRIAL WASTE, WHETHER OR NOT INCORPORATING THE MATERIALS CITED IN THE FIRST PART OF THE HEADING. TARRED MACADAM. GRANULES, CHIPPINGS AND POWDER, OF STONES OF 2515 OR 2516, WHETHER OR NOT HEAT-TREATED:---Macadam of slag, dross or similar industrial waste, whether or not incorporating the materials cited in 2517.10.00;;;;;;;KG;;_DAU2;20240101;99991231;0;0;;;;;;
AU;2517200012;20240101;99991231;EN;Salt. sulfur. earths and stone. plastering materials, lime and cement---PEBBLES, GRAVEL, BROKEN OR CRUSHED STONE, OF A KIND COMMONLY USED FOR CONCRETE AGGREGATES, FOR ROAD METALLING OR FOR RAILWAY OR OTHER BALLAST, SHINGLE AND FLINT, WHETHER OR NOT HEAT-TREATED. MACADAM OF SLAG, DROSS OR SIMILAR INDUSTRIAL WASTE, WHETHER OR NOT INCORPORATING THE MATERIALS CITED IN THE FIRST PART OF THE HEADING. TARRED MACADAM. GRANULES, CHIPPINGS AND POWDER, OF STONES OF 2515 OR 2516, WHETHER OR NOT HEAT-TREATED:---Macadam of slag, dross or similar industrial waste, whether or not incorporating the materials cited in 2517.10.00;;;;;;;ES;Salt. sulfur. earths and stone. plastering materials, lime and cement---PEBBLES, GRAVEL, BROKEN OR CRUSHED STONE, OF A KIND COMMONLY USED FOR CONCRETE AGGREGATES, FOR ROAD METALLING OR FOR RAILWAY OR OTHER BALLAST, SHINGLE AND FLINT, WHETHER OR NOT HEAT-TREATED. MACADAM OF SLAG, DROSS OR SIMILAR INDUSTRIAL WASTE, WHETHER OR NOT INCORPORATING THE MATERIALS CITED IN THE FIRST PART OF THE HEADING. TARRED MACADAM. GRANULES, CHIPPINGS AND POWDER, OF STONES OF 2515 OR 2516, WHETHER OR NOT HEAT-TREATED:---Macadam of slag, dross or similar industrial waste, whether or not incorporating the materials cited in 2517.10.00;;;;;;;KG;;_DAU30;20240101;99991231;0;0;;;;;;
AU;2517300013;20240101;99991231;EN;Salt. sulfur. earths and stone. plastering materials, lime and cement---PEBBLES, GRAVEL, BROKEN OR CRUSHED STONE, OF A KIND COMMONLY USED FOR CONCRETE AGGREGATES, FOR ROAD METALLING OR FOR RAILWAY OR OTHER BALLAST, SHINGLE AND FLINT, WHETHER OR NOT HEAT-TREATED. MACADAM OF SLAG, DROSS OR SIMILAR INDUSTRIAL WASTE, WHETHER OR NOT INCORPORATING THE MATERIALS CITED IN THE FIRST PART OF THE HEADING. TARRED MACADAM. GRANULES, CHIPPINGS AND POWDER, OF STONES OF 2515 OR 2516, WHETHER OR NOT HEAT-TREATED:---Tarred macadam;;;;;;;ES;Salt. sulfur. earths and stone. plastering materials, lime and cement---PEBBLES, GRAVEL, BROKEN OR CRUSHED STONE, OF A KIND COMMONLY USED FOR CONCRETE AGGREGATES, FOR ROAD METALLING OR FOR RAILWAY OR OTHER BALLAST, SHINGLE AND FLINT, WHETHER OR NOT HEAT-TREATED. MACADAM OF SLAG, DROSS OR SIMILAR INDUSTRIAL WASTE, WHETHER OR NOT INCORPORATING THE MATERIALS CITED IN THE FIRST PART OF THE HEADING. TARRED MACADAM. GRANULES, CHIPPINGS AND POWDER, OF STONES OF 2515 OR 2516, WHETHER OR NOT HEAT-TREATED:---Tarred macadam;;;;;;;KG;;_DAU1;20240101;99991231;0;0;;;;;;
AU;2517300013;20240101;99991231;EN;Salt. sulfur. earths and stone. plastering materials, lime and cement---PEBBLES, GRAVEL, BROKEN OR CRUSHED STONE, OF A KIND COMMONLY USED FOR CONCRETE AGGREGATES, FOR ROAD METALLING OR FOR RAILWAY OR OTHER BALLAST, SHINGLE AND FLINT, WHETHER OR NOT HEAT-TREATED. MACADAM OF SLAG, DROSS OR SIMILAR INDUSTRIAL WASTE, WHETHER OR NOT INCORPORATING THE MATERIALS CITED IN THE FIRST PART OF THE HEADING. TARRED MACADAM. GRANULES, CHIPPINGS AND POWDER, OF STONES OF 2515 OR 2516, WHETHER OR NOT HEAT-TREATED:---Tarred macadam;;;;;;;ES;Salt. sulfur. earths and stone. plastering materials, lime and cement---PEBBLES, GRAVEL, BROKEN OR CRUSHED STONE, OF A KIND COMMONLY USED FOR CONCRETE AGGREGATES, FOR ROAD METALLING OR FOR RAILWAY OR OTHER BALLAST, SHINGLE AND FLINT, WHETHER OR NOT HEAT-TREATED. MACADAM OF SLAG, DROSS OR SIMILAR INDUSTRIAL WASTE, WHETHER OR NOT INCORPORATING THE MATERIALS CITED IN THE FIRST PART OF THE HEADING. TARRED MACADAM. GRANULES, CHIPPINGS AND POWDER, OF STONES OF 2515 OR 2516, WHETHER OR NOT HEAT-TREATED:---Tarred macadam;;;;;;;KG;;_DAU13;20240101;99991231;0;0;;;;;;
AU;2517300013;20240101;99991231;EN;Salt. sulfur. earths and stone. plastering materials, lime and cement---PEBBLES, GRAVEL, BROKEN OR CRUSHED STONE, OF A KIND COMMONLY USED FOR CONCRETE AGGREGATES, FOR ROAD METALLING OR FOR RAILWAY OR OTHER BALLAST, SHINGLE AND FLINT, WHETHER OR NOT HEAT-TREATED. MACADAM OF SLAG, DROSS OR SIMILAR INDUSTRIAL WASTE, WHETHER OR NOT INCORPORATING THE MATERIALS CITED IN THE FIRST PART OF THE HEADING. TARRED MACADAM. GRANULES, CHIPPINGS AND POWDER, OF STONES OF 2515 OR 2516, WHETHER OR NOT HEAT-TREATED:---Tarred macadam;;;;;;;ES;Salt. sulfur. earths and stone. plastering materials, lime and cement---PEBBLES, GRAVEL, BROKEN OR CRUSHED STONE, OF A KIND COMMONLY USED FOR CONCRETE AGGREGATES, FOR ROAD METALLING OR FOR RAILWAY OR OTHER BALLAST, SHINGLE AND FLINT, WHETHER OR NOT HEAT-TREATED. MACADAM OF SLAG, DROSS OR SIMILAR INDUSTRIAL WASTE, WHETHER OR NOT INCORPORATING THE MATERIALS CITED IN THE FIRST PART OF THE HEADING. TARRED MACADAM. GRANULES, CHIPPINGS AND POWDER, OF STONES OF 2515 OR 2516, WHETHER OR NOT HEAT-TREATED:---Tarred macadam;;;;;;;KG;;_DAU17;20240101;99991231;0;0;;;;;;
AU;2517300013;20240101;99991231;EN;Salt. sulfur. earths and stone. plastering materials, lime and cement---PEBBLES, GRAVEL, BROKEN OR CRUSHED STONE, OF A KIND COMMONLY USED FOR CONCRETE AGGREGATES, FOR ROAD METALLING OR FOR RAILWAY OR OTHER BALLAST, SHINGLE AND FLINT, WHETHER OR NOT HEAT-TREATED. MACADAM OF SLAG, DROSS OR SIMILAR INDUSTRIAL WASTE, WHETHER OR NOT INCORPORATING THE MATERIALS CITED IN THE FIRST PART OF THE HEADING. TARRED MACADAM. GRANULES, CHIPPINGS AND POWDER, OF STONES OF 2515 OR 2516, WHETHER OR NOT HEAT-TREATED:---Tarred macadam;;;;;;;ES;Salt. sulfur. earths and stone. plastering materials, lime and cement---PEBBLES, GRAVEL, BROKEN OR CRUSHED STONE, OF A KIND COMMONLY USED FOR CONCRETE AGGREGATES, FOR ROAD METALLING OR FOR RAILWAY OR OTHER BALLAST, SHINGLE AND FLINT, WHETHER OR NOT HEAT-TREATED. MACADAM OF SLAG, DROSS OR SIMILAR INDUSTRIAL WASTE, WHETHER OR NOT INCORPORATING THE MATERIALS CITED IN THE FIRST PART OF THE HEADING. TARRED MACADAM. GRANULES, CHIPPINGS AND POWDER, OF STONES OF 2515 OR 2516, WHETHER OR NOT HEAT-TREATED:---Tarred macadam;;;;;;;KG;;_DAU2;20240101;99991231;0;0;;;;;;
AU;2517300013;20240101;99991231;EN;Salt. sulfur. earths and stone. plastering materials, lime and cement---PEBBLES, GRAVEL, BROKEN OR CRUSHED STONE, OF A KIND COMMONLY USED FOR CONCRETE AGGREGATES, FOR ROAD METALLING OR FOR RAILWAY OR OTHER BALLAST, SHINGLE AND FLINT, WHETHER OR NOT HEAT-TREATED. MACADAM OF SLAG, DROSS OR SIMILAR INDUSTRIAL WASTE, WHETHER OR NOT INCORPORATING THE MATERIALS CITED IN THE FIRST PART OF THE HEADING. TARRED MACADAM. GRANULES, CHIPPINGS AND POWDER, OF STONES OF 2515 OR 2516, WHETHER OR NOT HEAT-TREATED:---Tarred macadam;;;;;;;ES;Salt. sulfur. earths and stone. plastering materials, lime and cement---PEBBLES, GRAVEL, BROKEN OR CRUSHED STONE, OF A KIND COMMONLY USED FOR CONCRETE AGGREGATES, FOR ROAD METALLING OR FOR RAILWAY OR OTHER BALLAST, SHINGLE AND FLINT, WHETHER OR NOT HEAT-TREATED. MACADAM OF SLAG, DROSS OR SIMILAR INDUSTRIAL WASTE, WHETHER OR NOT INCORPORATING THE MATERIALS CITED IN THE FIRST PART OF THE HEADING. TARRED MACADAM. GRANULES, CHIPPINGS AND POWDER, OF STONES OF 2515 OR 2516, WHETHER OR NOT HEAT-TREATED:---Tarred macadam;;;;;;;KG;;_DAU30;20240101;99991231;0;0;;;;;;
AU;2517410014;20240101;99991231;EN;Salt. sulfur. earths and stone. plastering materials, lime and cement---PEBBLES, GRAVEL, BROKEN OR CRUSHED STONE, OF A KIND COMMONLY USED FOR CONCRETE AGGREGATES, FOR ROAD METALLING OR FOR RAILWAY OR OTHER BALLAST, SHINGLE AND FLINT, WHETHER OR NOT HEAT-TREATED. MACADAM OF SLAG, DROSS OR SIMILAR INDUSTRIAL WASTE, WHETHER OR NOT INCORPORATING THE MATERIALS CITED IN THE FIRST PART OF THE HEADING. TARRED MACADAM. GRANULES, CHIPPINGS AND POWDER, OF STONES OF 2515 OR 2516, WHETHER OR NOT HEAT-TREATED:---Granules, chippings and powder, of stones of 2515 or 2516, whether or not heat-treated:---Of marble;;;;;;;ES;Salt. sulfur. earths and stone. plastering materials, lime and cement---PEBBLES, GRAVEL, BROKEN OR CRUSHED STONE, OF A KIND COMMONLY USED FOR CONCRETE AGGREGATES, FOR ROAD METALLING OR FOR RAILWAY OR OTHER BALLAST, SHINGLE AND FLINT, WHETHER OR NOT HEAT-TREATED. MACADAM OF SLAG, DROSS OR SIMILAR INDUSTRIAL WASTE, WHETHER OR NOT INCORPORATING THE MATERIALS CITED IN THE FIRST PART OF THE HEADING. TARRED MACADAM. GRANULES, CHIPPINGS AND POWDER, OF STONES OF 2515 OR 2516, WHETHER OR NOT HEAT-TREATED:---Granules, chippings and powder, of stones of 2515 or 2516, whether or not heat-treated:---Of marble;;;;;;;KG;;_DAU1;20240101;99991231;0;0;;;;;;
AU;2517410014;20240101;99991231;EN;Salt. sulfur. earths and stone. plastering materials, lime and cement---PEBBLES, GRAVEL, BROKEN OR CRUSHED STONE, OF A KIND COMMONLY USED FOR CONCRETE AGGREGATES, FOR ROAD METALLING OR FOR RAILWAY OR OTHER BALLAST, SHINGLE AND FLINT, WHETHER OR NOT HEAT-TREATED. MACADAM OF SLAG, DROSS OR SIMILAR INDUSTRIAL WASTE, WHETHER OR NOT INCORPORATING THE MATERIALS CITED IN THE FIRST PART OF THE HEADING. TARRED MACADAM. GRANULES, CHIPPINGS AND POWDER, OF STONES OF 2515 OR 2516, WHETHER OR NOT HEAT-TREATED:---Granules, chippings and powder, of stones of 2515 or 2516, whether or not heat-treated:---Of marble;;;;;;;ES;Salt. sulfur. earths and stone. plastering materials, lime and cement---PEBBLES, GRAVEL, BROKEN OR CRUSHED STONE, OF A KIND COMMONLY USED FOR CONCRETE AGGREGATES, FOR ROAD METALLING OR FOR RAILWAY OR OTHER BALLAST, SHINGLE AND FLINT, WHETHER OR NOT HEAT-TREATED. MACADAM OF SLAG, DROSS OR SIMILAR INDUSTRIAL WASTE, WHETHER OR NOT INCORPORATING THE MATERIALS CITED IN THE FIRST PART OF THE HEADING. TARRED MACADAM. GRANULES, CHIPPINGS AND POWDER, OF STONES OF 2515 OR 2516, WHETHER OR NOT HEAT-TREATED:---Granules, chippings and powder, of stones of 2515 or 2516, whether or not heat-treated:---Of marble;;;;;;;KG;;_DAU13;20240101;99991231;0;0;;;;;;
AU;2517410014;20240101;99991231;EN;Salt. sulfur. earths and stone. plastering materials, lime and cement---PEBBLES, GRAVEL, BROKEN OR CRUSHED STONE, OF A KIND COMMONLY USED FOR CONCRETE AGGREGATES, FOR ROAD METALLING OR FOR RAILWAY OR OTHER BALLAST, SHINGLE AND FLINT, WHETHER OR NOT HEAT-TREATED. MACADAM OF SLAG, DROSS OR SIMILAR INDUSTRIAL WASTE, WHETHER OR NOT INCORPORATING THE MATERIALS CITED IN THE FIRST PART OF THE HEADING. TARRED MACADAM. GRANULES, CHIPPINGS AND POWDER, OF STONES OF 2515 OR 2516, WHETHER OR NOT HEAT-TREATED:---Granules, chippings and powder, of stones of 2515 or 2516, whether or not heat-treated:---Of marble;;;;;;;ES;Salt. sulfur. earths and stone. plastering materials, lime and cement---PEBBLES, GRAVEL, BROKEN OR CRUSHED STONE, OF A KIND COMMONLY USED FOR CONCRETE AGGREGATES, FOR ROAD METALLING OR FOR RAILWAY OR OTHER BALLAST, SHINGLE AND FLINT, WHETHER OR NOT HEAT-TREATED. MACADAM OF SLAG, DROSS OR SIMILAR INDUSTRIAL WASTE, WHETHER OR NOT INCORPORATING THE MATERIALS CITED IN THE FIRST PART OF THE HEADING. TARRED MACADAM. GRANULES, CHIPPINGS AND POWDER, OF STONES OF 2515 OR 2516, WHETHER OR NOT HEAT-TREATED:---Granules, chippings and powder, of stones of 2515 or 2516, whether or not heat-treated:---Of marble;;;;;;;KG;;_DAU17;20240101;99991231;0;0;;;;;;
AU;2517410014;20240101;99991231;EN;Salt. sulfur. earths and stone. plastering materials, lime and cement---PEBBLES, GRAVEL, BROKEN OR CRUSHED STONE, OF A KIND COMMONLY USED FOR CONCRETE AGGREGATES, FOR ROAD METALLING OR FOR RAILWAY OR OTHER BALLAST, SHINGLE AND FLINT, WHETHER OR NOT HEAT-TREATED. MACADAM OF SLAG, DROSS OR SIMILAR INDUSTRIAL WASTE, WHETHER OR NOT INCORPORATING THE MATERIALS CITED IN THE FIRST PART OF THE HEADING. TARRED MACADAM. GRANULES, CHIPPINGS AND POWDER, OF STONES OF 2515 OR 2516, WHETHER OR NOT HEAT-TREATED:---Granules, chippings and powder, of stones of 2515 or 2516, whether or not heat-treated:---Of marble;;;;;;;ES;Salt. sulfur. earths and stone. plastering materials, lime and cement---PEBBLES, GRAVEL, BROKEN OR CRUSHED STONE, OF A KIND COMMONLY USED FOR CONCRETE AGGREGATES, FOR ROAD METALLING OR FOR RAILWAY OR OTHER BALLAST, SHINGLE AND FLINT, WHETHER OR NOT HEAT-TREATED. MACADAM OF SLAG, DROSS OR SIMILAR INDUSTRIAL WASTE, WHETHER OR NOT INCORPORATING THE MATERIALS CITED IN THE FIRST PART OF THE HEADING. TARRED MACADAM. GRANULES, CHIPPINGS AND POWDER, OF STONES OF 2515 OR 2516, WHETHER OR NOT HEAT-TREATED:---Granules, chippings and powder, of stones of 2515 or 2516, whether or not heat-treated:---Of marble;;;;;;;KG;;_DAU2;20240101;99991231;0;0;;;;;;
AU;2517410014;20240101;99991231;EN;Salt. sulfur. earths and stone. plastering materials, lime and cement---PEBBLES, GRAVEL, BROKEN OR CRUSHED STONE, OF A KIND COMMONLY USED FOR CONCRETE AGGREGATES, FOR ROAD METALLING OR FOR RAILWAY OR OTHER BALLAST, SHINGLE AND FLINT, WHETHER OR NOT HEAT-TREATED. MACADAM OF SLAG, DROSS OR SIMILAR INDUSTRIAL WASTE, WHETHER OR NOT INCORPORATING THE MATERIALS CITED IN THE FIRST PART OF THE HEADING. TARRED MACADAM. GRANULES, CHIPPINGS AND POWDER, OF STONES OF 2515 OR 2516, WHETHER OR NOT HEAT-TREATED:---Granules, chippings and powder, of stones of 2515 or 2516, whether or not heat-treated:---Of marble;;;;;;;ES;Salt. sulfur. earths and stone. plastering materials, lime and cement---PEBBLES, GRAVEL, BROKEN OR CRUSHED STONE, OF A KIND COMMONLY USED FOR CONCRETE AGGREGATES, FOR ROAD METALLING OR FOR RAILWAY OR OTHER BALLAST, SHINGLE AND FLINT, WHETHER OR NOT HEAT-TREATED. MACADAM OF SLAG, DROSS OR SIMILAR INDUSTRIAL WASTE, WHETHER OR NOT INCORPORATING THE MATERIALS CITED IN THE FIRST PART OF THE HEADING. TARRED MACADAM. GRANULES, CHIPPINGS AND POWDER, OF STONES OF 2515 OR 2516, WHETHER OR NOT HEAT-TREATED:---Granules, chippings and powder, of stones of 2515 or 2516, whether or not heat-treated:---Of marble;;;;;;;KG;;_DAU30;20240101;99991231;0;0;;;;;;
AU;2517490015;20240101;99991231;EN;Salt. sulfur. earths and stone. plastering materials, lime and cement---PEBBLES, GRAVEL, BROKEN OR CRUSHED STONE, OF A KIND COMMONLY USED FOR CONCRETE AGGREGATES, FOR ROAD METALLING OR FOR RAILWAY OR OTHER BALLAST, SHINGLE AND FLINT, WHETHER OR NOT HEAT-TREATED. MACADAM OF SLAG, DROSS OR SIMILAR INDUSTRIAL WASTE, WHETHER OR NOT INCORPORATING THE MATERIALS CITED IN THE FIRST PART OF THE HEADING. TARRED MACADAM. GRANULES, CHIPPINGS AND POWDER, OF STONES OF 2515 OR 2516, WHETHER OR NOT HEAT-TREATED:---Granules, chippings and powder, of stones of 2515 or 2516, whether or not heat-treated:---Other;;;;;;;ES;Salt. sulfur. earths and stone. plastering materials, lime and cement---PEBBLES, GRAVEL, BROKEN OR CRUSHED STONE, OF A KIND COMMONLY USED FOR CONCRETE AGGREGATES, FOR ROAD METALLING OR FOR RAILWAY OR OTHER BALLAST, SHINGLE AND FLINT, WHETHER OR NOT HEAT-TREATED. MACADAM OF SLAG, DROSS OR SIMILAR INDUSTRIAL WASTE, WHETHER OR NOT INCORPORATING THE MATERIALS CITED IN THE FIRST PART OF THE HEADING. TARRED MACADAM. GRANULES, CHIPPINGS AND POWDER, OF STONES OF 2515 OR 2516, WHETHER OR NOT HEAT-TREATED:---Granules, chippings and powder, of stones of 2515 or 2516, whether or not heat-treated:---Other;;;;;;;KG;;_DAU1;20240101;99991231;0;0;;;;;;
AU;2517490015;20240101;99991231;EN;Salt. sulfur. earths and stone. plastering materials, lime and cement---PEBBLES, GRAVEL, BROKEN OR CRUSHED STONE, OF A KIND COMMONLY USED FOR CONCRETE AGGREGATES, FOR ROAD METALLING OR FOR RAILWAY OR OTHER BALLAST, SHINGLE AND FLINT, WHETHER OR NOT HEAT-TREATED. MACADAM OF SLAG, DROSS OR SIMILAR INDUSTRIAL WASTE, WHETHER OR NOT INCORPORATING THE MATERIALS CITED IN THE FIRST PART OF THE HEADING. TARRED MACADAM. GRANULES, CHIPPINGS AND POWDER, OF STONES OF 2515 OR 2516, WHETHER OR NOT HEAT-TREATED:---Granules, chippings and powder, of stones of 2515 or 2516, whether or not heat-treated:---Other;;;;;;;ES;Salt. sulfur. earths and stone. plastering materials, lime and cement---PEBBLES, GRAVEL, BROKEN OR CRUSHED STONE, OF A KIND COMMONLY USED FOR CONCRETE AGGREGATES, FOR ROAD METALLING OR FOR RAILWAY OR OTHER BALLAST, SHINGLE AND FLINT, WHETHER OR NOT HEAT-TREATED. MACADAM OF SLAG, DROSS OR SIMILAR INDUSTRIAL WASTE, WHETHER OR NOT INCORPORATING THE MATERIALS CITED IN THE FIRST PART OF THE HEADING. TARRED MACADAM. GRANULES, CHIPPINGS AND POWDER, OF STONES OF 2515 OR 2516, WHETHER OR NOT HEAT-TREATED:---Granules, chippings and powder, of stones of 2515 or 2516, whether or not heat-treated:---Other;;;;;;;KG;;_DAU13;20240101;99991231;0;0;;;;;;
AU;2517490015;20240101;99991231;EN;Salt. sulfur. earths and stone. plastering materials, lime and cement---PEBBLES, GRAVEL, BROKEN OR CRUSHED STONE, OF A KIND COMMONLY USED FOR CONCRETE AGGREGATES, FOR ROAD METALLING OR FOR RAILWAY OR OTHER BALLAST, SHINGLE AND FLINT, WHETHER OR NOT HEAT-TREATED. MACADAM OF SLAG, DROSS OR SIMILAR INDUSTRIAL WASTE, WHETHER OR NOT INCORPORATING THE MATERIALS CITED IN THE FIRST PART OF THE HEADING. TARRED MACADAM. GRANULES, CHIPPINGS AND POWDER, OF STONES OF 2515 OR 2516, WHETHER OR NOT HEAT-TREATED:---Granules, chippings and powder, of stones of 2515 or 2516, whether or not heat-treated:---Other;;;;;;;ES;Salt. sulfur. earths and stone. plastering materials, lime and cement---PEBBLES, GRAVEL, BROKEN OR CRUSHED STONE, OF A KIND COMMONLY USED FOR CONCRETE AGGREGATES, FOR ROAD METALLING OR FOR RAILWAY OR OTHER BALLAST, SHINGLE AND FLINT, WHETHER OR NOT HEAT-TREATED. MACADAM OF SLAG, DROSS OR SIMILAR INDUSTRIAL WASTE, WHETHER OR NOT INCORPORATING THE MATERIALS CITED IN THE FIRST PART OF THE HEADING. TARRED MACADAM. GRANULES, CHIPPINGS AND POWDER, OF STONES OF 2515 OR 2516, WHETHER OR NOT HEAT-TREATED:---Granules, chippings and powder, of stones of 2515 or 2516, whether or not heat-treated:---Other;;;;;;;KG;;_DAU17;20240101;99991231;0;0;;;;;;
AU;2517490015;20240101;99991231;EN;Salt. sulfur. earths and stone. plastering materials, lime and cement---PEBBLES, GRAVEL, BROKEN OR CRUSHED STONE, OF A KIND COMMONLY USED FOR CONCRETE AGGREGATES, FOR ROAD METALLING OR FOR RAILWAY OR OTHER BALLAST, SHINGLE AND FLINT, WHETHER OR NOT HEAT-TREATED. MACADAM OF SLAG, DROSS OR SIMILAR INDUSTRIAL WASTE, WHETHER OR NOT INCORPORATING THE MATERIALS CITED IN THE FIRST PART OF THE HEADING. TARRED MACADAM. GRANULES, CHIPPINGS AND POWDER, OF STONES OF 2515 OR 2516, WHETHER OR NOT HEAT-TREATED:---Granules, chippings and powder, of stones of 2515 or 2516, whether or not heat-treated:---Other;;;;;;;ES;Salt. sulfur. earths and stone. plastering materials, lime and cement---PEBBLES, GRAVEL, BROKEN OR CRUSHED STONE, OF A KIND COMMONLY USED FOR CONCRETE AGGREGATES, FOR ROAD METALLING OR FOR RAILWAY OR OTHER BALLAST, SHINGLE AND FLINT, WHETHER OR NOT HEAT-TREATED. MACADAM OF SLAG, DROSS OR SIMILAR INDUSTRIAL WASTE, WHETHER OR NOT INCORPORATING THE MATERIALS CITED IN THE FIRST PART OF THE HEADING. TARRED MACADAM. GRANULES, CHIPPINGS AND POWDER, OF STONES OF 2515 OR 2516, WHETHER OR NOT HEAT-TREATED:---Granules, chippings and powder, of stones of 2515 or 2516, whether or not heat-treated:---Other;;;;;;;KG;;_DAU2;20240101;99991231;0;0;;;;;;
AU;2517490015;20240101;99991231;EN;Salt. sulfur. earths and stone. plastering materials, lime and cement---PEBBLES, GRAVEL, BROKEN OR CRUSHED STONE, OF A KIND COMMONLY USED FOR CONCRETE AGGREGATES, FOR ROAD METALLING OR FOR RAILWAY OR OTHER BALLAST, SHINGLE AND FLINT, WHETHER OR NOT HEAT-TREATED. MACADAM OF SLAG, DROSS OR SIMILAR INDUSTRIAL WASTE, WHETHER OR NOT INCORPORATING THE MATERIALS CITED IN THE FIRST PART OF THE HEADING. TARRED MACADAM. GRANULES, CHIPPINGS AND POWDER, OF STONES OF 2515 OR 2516, WHETHER OR NOT HEAT-TREATED:---Granules, chippings and powder, of stones of 2515 or 2516, whether or not heat-treated:---Other;;;;;;;ES;Salt. sulfur. earths and stone. plastering materials, lime and cement---PEBBLES, GRAVEL, BROKEN OR CRUSHED STONE, OF A KIND COMMONLY USED FOR CONCRETE AGGREGATES, FOR ROAD METALLING OR FOR RAILWAY OR OTHER BALLAST, SHINGLE AND FLINT, WHETHER OR NOT HEAT-TREATED. MACADAM OF SLAG, DROSS OR SIMILAR INDUSTRIAL WASTE, WHETHER OR NOT INCORPORATING THE MATERIALS CITED IN THE FIRST PART OF THE HEADING. TARRED MACADAM. GRANULES, CHIPPINGS AND POWDER, OF STONES OF 2515 OR 2516, WHETHER OR NOT HEAT-TREATED:---Granules, chippings and powder, of stones of 2515 or 2516, whether or not heat-treated:---Other;;;;;;;KG;;_DAU30;20240101;99991231;0;0;;;;;;
AU;2518100016;20240101;99991231;EN;Salt. sulfur. earths and stone. plastering materials, lime and cement---DOLOMITE, WHETHER OR NOT CALCINED OR SINTERED, INCLUDING DOLOMITE ROUGHLY TRIMMED OR MERELY CUT, BY SAWING OR OTHERWISE, INTO BLOCKS OR SLABS OF A RECTANGULAR (INCLUDING SQUARE) SHAPE:                            .---Dolomite, not calcined or sintered;;;;;;;ES;Salt. sulfur. earths and stone. plastering materials, lime and cement---DOLOMITE, WHETHER OR NOT CALCINED OR SINTERED, INCLUDING DOLOMITE ROUGHLY TRIMMED OR MERELY CUT, BY SAWING OR OTHERWISE, INTO BLOCKS OR SLABS OF A RECTANGULAR (INCLUDING SQUARE) SHAPE:                            .---Dolomite, not calcined or sintered;;;;;;;KG;;_DAU1;20240101;99991231;0;0;;;;;;
AU;2518100016;20240101;99991231;EN;Salt. sulfur. earths and stone. plastering materials, lime and cement---DOLOMITE, WHETHER OR NOT CALCINED OR SINTERED, INCLUDING DOLOMITE ROUGHLY TRIMMED OR MERELY CUT, BY SAWING OR OTHERWISE, INTO BLOCKS OR SLABS OF A RECTANGULAR (INCLUDING SQUARE) SHAPE:                            .---Dolomite, not calcined or sintered;;;;;;;ES;Salt. sulfur. earths and stone. plastering materials, lime and cement---DOLOMITE, WHETHER OR NOT CALCINED OR SINTERED, INCLUDING DOLOMITE ROUGHLY TRIMMED OR MERELY CUT, BY SAWING OR OTHERWISE, INTO BLOCKS OR SLABS OF A RECTANGULAR (INCLUDING SQUARE) SHAPE:                            .---Dolomite, not calcined or sintered;;;;;;;KG;;_DAU13;20240101;99991231;0;0;;;;;;
AU;2518100016;20240101;99991231;EN;Salt. sulfur. earths and stone. plastering materials, lime and cement---DOLOMITE, WHETHER OR NOT CALCINED OR SINTERED, INCLUDING DOLOMITE ROUGHLY TRIMMED OR MERELY CUT, BY SAWING OR OTHERWISE, INTO BLOCKS OR SLABS OF A RECTANGULAR (INCLUDING SQUARE) SHAPE:                            .---Dolomite, not calcined or sintered;;;;;;;ES;Salt. sulfur. earths and stone. plastering materials, lime and cement---DOLOMITE, WHETHER OR NOT CALCINED OR SINTERED, INCLUDING DOLOMITE ROUGHLY TRIMMED OR MERELY CUT, BY SAWING OR OTHERWISE, INTO BLOCKS OR SLABS OF A RECTANGULAR (INCLUDING SQUARE) SHAPE:                            .---Dolomite, not calcined or sintered;;;;;;;KG;;_DAU17;20240101;99991231;0;0;;;;;;
AU;2518100016;20240101;99991231;EN;Salt. sulfur. earths and stone. plastering materials, lime and cement---DOLOMITE, WHETHER OR NOT CALCINED OR SINTERED, INCLUDING DOLOMITE ROUGHLY TRIMMED OR MERELY CUT, BY SAWING OR OTHERWISE, INTO BLOCKS OR SLABS OF A RECTANGULAR (INCLUDING SQUARE) SHAPE:                            .---Dolomite, not calcined or sintered;;;;;;;ES;Salt. sulfur. earths and stone. plastering materials, lime and cement---DOLOMITE, WHETHER OR NOT CALCINED OR SINTERED, INCLUDING DOLOMITE ROUGHLY TRIMMED OR MERELY CUT, BY SAWING OR OTHERWISE, INTO BLOCKS OR SLABS OF A RECTANGULAR (INCLUDING SQUARE) SHAPE:                            .---Dolomite, not calcined or sintered;;;;;;;KG;;_DAU2;20240101;99991231;0;0;;;;;;
AU;2518100016;20240101;99991231;EN;Salt. sulfur. earths and stone. plastering materials, lime and cement---DOLOMITE, WHETHER OR NOT CALCINED OR SINTERED, INCLUDING DOLOMITE ROUGHLY TRIMMED OR MERELY CUT, BY SAWING OR OTHERWISE, INTO BLOCKS OR SLABS OF A RECTANGULAR (INCLUDING SQUARE) SHAPE:                            .---Dolomite, not calcined or sintered;;;;;;;ES;Salt. sulfur. earths and stone. plastering materials, lime and cement---DOLOMITE, WHETHER OR NOT CALCINED OR SINTERED, INCLUDING DOLOMITE ROUGHLY TRIMMED OR MERELY CUT, BY SAWING OR OTHERWISE, INTO BLOCKS OR SLABS OF A RECTANGULAR (INCLUDING SQUARE) SHAPE:                            .---Dolomite, not calcined or sintered;;;;;;;KG;;_DAU30;20240101;99991231;0;0;;;;;;
AU;2518200017;20240101;99991231;EN;Salt. sulfur. earths and stone. plastering materials, lime and cement---DOLOMITE, WHETHER OR NOT CALCINED OR SINTERED, INCLUDING DOLOMITE ROUGHLY TRIMMED OR MERELY CUT, BY SAWING OR OTHERWISE, INTO BLOCKS OR SLABS OF A RECTANGULAR (INCLUDING SQUARE) SHAPE:                            .---Calcined or sintered dolomite;;;;;;;ES;Salt. sulfur. earths and stone. plastering materials, lime and cement---DOLOMITE, WHETHER OR NOT CALCINED OR SINTERED, INCLUDING DOLOMITE ROUGHLY TRIMMED OR MERELY CUT, BY SAWING OR OTHERWISE, INTO BLOCKS OR SLABS OF A RECTANGULAR (INCLUDING SQUARE) SHAPE:                            .---Calcined or sintered dolomite;;;;;;;KG;;_DAU1;20240101;99991231;0;0;;;;;;
AU;2518200017;20240101;99991231;EN;Salt. sulfur. earths and stone. plastering materials, lime and cement---DOLOMITE, WHETHER OR NOT CALCINED OR SINTERED, INCLUDING DOLOMITE ROUGHLY TRIMMED OR MERELY CUT, BY SAWING OR OTHERWISE, INTO BLOCKS OR SLABS OF A RECTANGULAR (INCLUDING SQUARE) SHAPE:                            .---Calcined or sintered dolomite;;;;;;;ES;Salt. sulfur. earths and stone. plastering materials, lime and cement---DOLOMITE, WHETHER OR NOT CALCINED OR SINTERED, INCLUDING DOLOMITE ROUGHLY TRIMMED OR MERELY CUT, BY SAWING OR OTHERWISE, INTO BLOCKS OR SLABS OF A RECTANGULAR (INCLUDING SQUARE) SHAPE:                            .---Calcined or sintered dolomite;;;;;;;KG;;_DAU13;20240101;99991231;0;0;;;;;;
AU;2518200017;20240101;99991231;EN;Salt. sulfur. earths and stone. plastering materials, lime and cement---DOLOMITE, WHETHER OR NOT CALCINED OR SINTERED, INCLUDING DOLOMITE ROUGHLY TRIMMED OR MERELY CUT, BY SAWING OR OTHERWISE, INTO BLOCKS OR SLABS OF A RECTANGULAR (INCLUDING SQUARE) SHAPE:                            .---Calcined or sintered dolomite;;;;;;;ES;Salt. sulfur. earths and stone. plastering materials, lime and cement---DOLOMITE, WHETHER OR NOT CALCINED OR SINTERED, INCLUDING DOLOMITE ROUGHLY TRIMMED OR MERELY CUT, BY SAWING OR OTHERWISE, INTO BLOCKS OR SLABS OF A RECTANGULAR (INCLUDING SQUARE) SHAPE:                            .---Calcined or sintered dolomite;;;;;;;KG;;_DAU17;20240101;99991231;0;0;;;;;;
AU;2518200017;20240101;99991231;EN;Salt. sulfur. earths and stone. plastering materials, lime and cement---DOLOMITE, WHETHER OR NOT CALCINED OR SINTERED, INCLUDING DOLOMITE ROUGHLY TRIMMED OR MERELY CUT, BY SAWING OR OTHERWISE, INTO BLOCKS OR SLABS OF A RECTANGULAR (INCLUDING SQUARE) SHAPE:                            .---Calcined or sintered dolomite;;;;;;;ES;Salt. sulfur. earths and stone. plastering materials, lime and cement---DOLOMITE, WHETHER OR NOT CALCINED OR SINTERED, INCLUDING DOLOMITE ROUGHLY TRIMMED OR MERELY CUT, BY SAWING OR OTHERWISE, INTO BLOCKS OR SLABS OF A RECTANGULAR (INCLUDING SQUARE) SHAPE:                            .---Calcined or sintered dolomite;;;;;;;KG;;_DAU2;20240101;99991231;0;0;;;;;;
AU;2518200017;20240101;99991231;EN;Salt. sulfur. earths and stone. plastering materials, lime and cement---DOLOMITE, WHETHER OR NOT CALCINED OR SINTERED, INCLUDING DOLOMITE ROUGHLY TRIMMED OR MERELY CUT, BY SAWING OR OTHERWISE, INTO BLOCKS OR SLABS OF A RECTANGULAR (INCLUDING SQUARE) SHAPE:                            .---Calcined or sintered dolomite;;;;;;;ES;Salt. sulfur. earths and stone. plastering materials, lime and cement---DOLOMITE, WHETHER OR NOT CALCINED OR SINTERED, INCLUDING DOLOMITE ROUGHLY TRIMMED OR MERELY CUT, BY SAWING OR OTHERWISE, INTO BLOCKS OR SLABS OF A RECTANGULAR (INCLUDING SQUARE) SHAPE:                            .---Calcined or sintered dolomite;;;;;;;KG;;_DAU30;20240101;99991231;0;0;;;;;;
AU;2519100035;20240101;99991231;EN;Salt. sulfur. earths and stone. plastering materials, lime and cement---NATURAL MAGNESIUM CARBONATE (MAGNESITE). FUSED MAGNESIA. DEAD- BURNED (SINTERED) MAGNESIA, WHETHER OR NOT CONTAINING SMALL QUANTITIES OF OTHER OXIDES ADDED BEFORE SINTERING. OTHER MAGNESIUM OXIDE, WHETHER OR NOT PURE:---Natural magnesium carbonate (magnesite);;;;;;;ES;Salt. sulfur. earths and stone. plastering materials, lime and cement---NATURAL MAGNESIUM CARBONATE (MAGNESITE). FUSED MAGNESIA. DEAD- BURNED (SINTERED) MAGNESIA, WHETHER OR NOT CONTAINING SMALL QUANTITIES OF OTHER OXIDES ADDED BEFORE SINTERING. OTHER MAGNESIUM OXIDE, WHETHER OR NOT PURE:---Natural magnesium carbonate (magnesite);;;;;;;KG;;_DAU1;20240101;99991231;0;0;;;;;;
AU;2519100035;20240101;99991231;EN;Salt. sulfur. earths and stone. plastering materials, lime and cement---NATURAL MAGNESIUM CARBONATE (MAGNESITE). FUSED MAGNESIA. DEAD- BURNED (SINTERED) MAGNESIA, WHETHER OR NOT CONTAINING SMALL QUANTITIES OF OTHER OXIDES ADDED BEFORE SINTERING. OTHER MAGNESIUM OXIDE, WHETHER OR NOT PURE:---Natural magnesium carbonate (magnesite);;;;;;;ES;Salt. sulfur. earths and stone. plastering materials, lime and cement---NATURAL MAGNESIUM CARBONATE (MAGNESITE). FUSED MAGNESIA. DEAD- BURNED (SINTERED) MAGNESIA, WHETHER OR NOT CONTAINING SMALL QUANTITIES OF OTHER OXIDES ADDED BEFORE SINTERING. OTHER MAGNESIUM OXIDE, WHETHER OR NOT PURE:---Natural magnesium carbonate (magnesite);;;;;;;KG;;_DAU13;20240101;99991231;0;0;;;;;;
AU;2519100035;20240101;99991231;EN;Salt. sulfur. earths and stone. plastering materials, lime and cement---NATURAL MAGNESIUM CARBONATE (MAGNESITE). FUSED MAGNESIA. DEAD- BURNED (SINTERED) MAGNESIA, WHETHER OR NOT CONTAINING SMALL QUANTITIES OF OTHER OXIDES ADDED BEFORE SINTERING. OTHER MAGNESIUM OXIDE, WHETHER OR NOT PURE:---Natural magnesium carbonate (magnesite);;;;;;;ES;Salt. sulfur. earths and stone. plastering materials, lime and cement---NATURAL MAGNESIUM CARBONATE (MAGNESITE). FUSED MAGNESIA. DEAD- BURNED (SINTERED) MAGNESIA, WHETHER OR NOT CONTAINING SMALL QUANTITIES OF OTHER OXIDES ADDED BEFORE SINTERING. OTHER MAGNESIUM OXIDE, WHETHER OR NOT PURE:---Natural magnesium carbonate (magnesite);;;;;;;KG;;_DAU17;20240101;99991231;0;0;;;;;;
AU;2519100035;20240101;99991231;EN;Salt. sulfur. earths and stone. plastering materials, lime and cement---NATURAL MAGNESIUM CARBONATE (MAGNESITE). FUSED MAGNESIA. DEAD- BURNED (SINTERED) MAGNESIA, WHETHER OR NOT CONTAINING SMALL QUANTITIES OF OTHER OXIDES ADDED BEFORE SINTERING. OTHER MAGNESIUM OXIDE, WHETHER OR NOT PURE:---Natural magnesium carbonate (magnesite);;;;;;;ES;Salt. sulfur. earths and stone. plastering materials, lime and cement---NATURAL MAGNESIUM CARBONATE (MAGNESITE). FUSED MAGNESIA. DEAD- BURNED (SINTERED) MAGNESIA, WHETHER OR NOT CONTAINING SMALL QUANTITIES OF OTHER OXIDES ADDED BEFORE SINTERING. OTHER MAGNESIUM OXIDE, WHETHER OR NOT PURE:---Natural magnesium carbonate (magnesite);;;;;;;KG;;_DAU2;20240101;99991231;0;0;;;;;;
AU;2519100035;20240101;99991231;EN;Salt. sulfur. earths and stone. plastering materials, lime and cement---NATURAL MAGNESIUM CARBONATE (MAGNESITE). FUSED MAGNESIA. DEAD- BURNED (SINTERED) MAGNESIA, WHETHER OR NOT CONTAINING SMALL QUANTITIES OF OTHER OXIDES ADDED BEFORE SINTERING. OTHER MAGNESIUM OXIDE, WHETHER OR NOT PURE:---Natural magnesium carbonate (magnesite);;;;;;;ES;Salt. sulfur. earths and stone. plastering materials, lime and cement---NATURAL MAGNESIUM CARBONATE (MAGNESITE). FUSED MAGNESIA. DEAD- BURNED (SINTERED) MAGNESIA, WHETHER OR NOT CONTAINING SMALL QUANTITIES OF OTHER OXIDES ADDED BEFORE SINTERING. OTHER MAGNESIUM OXIDE, WHETHER OR NOT PURE:---Natural magnesium carbonate (magnesite);;;;;;;KG;;_DAU30;20240101;99991231;0;0;;;;;;
AU;2519900042;20240101;99991231;EN;Salt. sulfur. earths and stone. plastering materials, lime and cement---NATURAL MAGNESIUM CARBONATE (MAGNESITE). FUSED MAGNESIA. DEAD- BURNED (SINTERED) MAGNESIA, WHETHER OR NOT CONTAINING SMALL QUANTITIES OF OTHER OXIDES ADDED BEFORE SINTERING. OTHER MAGNESIUM OXIDE, WHETHER OR NOT PURE:---Other;;;;;;;ES;Salt. sulfur. earths and stone. plastering materials, lime and cement---NATURAL MAGNESIUM CARBONATE (MAGNESITE). FUSED MAGNESIA. DEAD- BURNED (SINTERED) MAGNESIA, WHETHER OR NOT CONTAINING SMALL QUANTITIES OF OTHER OXIDES ADDED BEFORE SINTERING. OTHER MAGNESIUM OXIDE, WHETHER OR NOT PURE:---Other;;;;;;;KG;;_DAU1;20240101;99991231;0;0;;;;;;
AU;2519900042;20240101;99991231;EN;Salt. sulfur. earths and stone. plastering materials, lime and cement---NATURAL MAGNESIUM CARBONATE (MAGNESITE). FUSED MAGNESIA. DEAD- BURNED (SINTERED) MAGNESIA, WHETHER OR NOT CONTAINING SMALL QUANTITIES OF OTHER OXIDES ADDED BEFORE SINTERING. OTHER MAGNESIUM OXIDE, WHETHER OR NOT PURE:---Other;;;;;;;ES;Salt. sulfur. earths and stone. plastering materials, lime and cement---NATURAL MAGNESIUM CARBONATE (MAGNESITE). FUSED MAGNESIA. DEAD- BURNED (SINTERED) MAGNESIA, WHETHER OR NOT CONTAINING SMALL QUANTITIES OF OTHER OXIDES ADDED BEFORE SINTERING. OTHER MAGNESIUM OXIDE, WHETHER OR NOT PURE:---Other;;;;;;;KG;;_DAU13;20240101;99991231;0;0;;;;;;
AU;2519900042;20240101;99991231;EN;Salt. sulfur. earths and stone. plastering materials, lime and cement---NATURAL MAGNESIUM CARBONATE (MAGNESITE). FUSED MAGNESIA. DEAD- BURNED (SINTERED) MAGNESIA, WHETHER OR NOT CONTAINING SMALL QUANTITIES OF OTHER OXIDES ADDED BEFORE SINTERING. OTHER MAGNESIUM OXIDE, WHETHER OR NOT PURE:---Other;;;;;;;ES;Salt. sulfur. earths and stone. plastering materials, lime and cement---NATURAL MAGNESIUM CARBONATE (MAGNESITE). FUSED MAGNESIA. DEAD- BURNED (SINTERED) MAGNESIA, WHETHER OR NOT CONTAINING SMALL QUANTITIES OF OTHER OXIDES ADDED BEFORE SINTERING. OTHER MAGNESIUM OXIDE, WHETHER OR NOT PURE:---Other;;;;;;;KG;;_DAU17;20240101;99991231;0;0;;;;;;
AU;2519900042;20240101;99991231;EN;Salt. sulfur. earths and stone. plastering materials, lime and cement---NATURAL MAGNESIUM CARBONATE (MAGNESITE). FUSED MAGNESIA. DEAD- BURNED (SINTERED) MAGNESIA, WHETHER OR NOT CONTAINING SMALL QUANTITIES OF OTHER OXIDES ADDED BEFORE SINTERING. OTHER MAGNESIUM OXIDE, WHETHER OR NOT PURE:---Other;;;;;;;ES;Salt. sulfur. earths and stone. plastering materials, lime and cement---NATURAL MAGNESIUM CARBONATE (MAGNESITE). FUSED MAGNESIA. DEAD- BURNED (SINTERED) MAGNESIA, WHETHER OR NOT CONTAINING SMALL QUANTITIES OF OTHER OXIDES ADDED BEFORE SINTERING. OTHER MAGNESIUM OXIDE, WHETHER OR NOT PURE:---Other;;;;;;;KG;;_DAU2;20240101;99991231;0;0;;;;;;
AU;2519900042;20240101;99991231;EN;Salt. sulfur. earths and stone. plastering materials, lime and cement---NATURAL MAGNESIUM CARBONATE (MAGNESITE). FUSED MAGNESIA. DEAD- BURNED (SINTERED) MAGNESIA, WHETHER OR NOT CONTAINING SMALL QUANTITIES OF OTHER OXIDES ADDED BEFORE SINTERING. OTHER MAGNESIUM OXIDE, WHETHER OR NOT PURE:---Other;;;;;;;ES;Salt. sulfur. earths and stone. plastering materials, lime and cement---NATURAL MAGNESIUM CARBONATE (MAGNESITE). FUSED MAGNESIA. DEAD- BURNED (SINTERED) MAGNESIA, WHETHER OR NOT CONTAINING SMALL QUANTITIES OF OTHER OXIDES ADDED BEFORE SINTERING. OTHER MAGNESIUM OXIDE, WHETHER OR NOT PURE:---Other;;;;;;;KG;;_DAU30;20240101;99991231;0;0;;;;;;
AU;2520100023;20240101;99991231;EN;Salt. sulfur. earths and stone. plastering materials, lime and cement---GYPSUM. ANHYDRITE. PLASTERS (CONSISTING OF CALCINED GYPSUM OR CALCIUM SULPHATE) WHETHER OR NOT COLOURED, WITH OR WITHOUT SMALL QUANTITIES OF ACCELERATORS OR RETARDERS:---Gypsum. anhydrite;;;;;;;ES;Salt. sulfur. earths and stone. plastering materials, lime and cement---GYPSUM. ANHYDRITE. PLASTERS (CONSISTING OF CALCINED GYPSUM OR CALCIUM SULPHATE) WHETHER OR NOT COLOURED, WITH OR WITHOUT SMALL QUANTITIES OF ACCELERATORS OR RETARDERS:---Gypsum. anhydrite;;;;;;;TNE;;_DAU1;20240101;99991231;0;0;;;;;;
AU;2520100023;20240101;99991231;EN;Salt. sulfur. earths and stone. plastering materials, lime and cement---GYPSUM. ANHYDRITE. PLASTERS (CONSISTING OF CALCINED GYPSUM OR CALCIUM SULPHATE) WHETHER OR NOT COLOURED, WITH OR WITHOUT SMALL QUANTITIES OF ACCELERATORS OR RETARDERS:---Gypsum. anhydrite;;;;;;;ES;Salt. sulfur. earths and stone. plastering materials, lime and cement---GYPSUM. ANHYDRITE. PLASTERS (CONSISTING OF CALCINED GYPSUM OR CALCIUM SULPHATE) WHETHER OR NOT COLOURED, WITH OR WITHOUT SMALL QUANTITIES OF ACCELERATORS OR RETARDERS:---Gypsum. anhydrite;;;;;;;TNE;;_DAU13;20240101;99991231;0;0;;;;;;
AU;2520100023;20240101;99991231;EN;Salt. sulfur. earths and stone. plastering materials, lime and cement---GYPSUM. ANHYDRITE. PLASTERS (CONSISTING OF CALCINED GYPSUM OR CALCIUM SULPHATE) WHETHER OR NOT COLOURED, WITH OR WITHOUT SMALL QUANTITIES OF ACCELERATORS OR RETARDERS:---Gypsum. anhydrite;;;;;;;ES;Salt. sulfur. earths and stone. plastering materials, lime and cement---GYPSUM. ANHYDRITE. PLASTERS (CONSISTING OF CALCINED GYPSUM OR CALCIUM SULPHATE) WHETHER OR NOT COLOURED, WITH OR WITHOUT SMALL QUANTITIES OF ACCELERATORS OR RETARDERS:---Gypsum. anhydrite;;;;;;;TNE;;_DAU17;20240101;99991231;0;0;;;;;;
AU;2520100023;20240101;99991231;EN;Salt. sulfur. earths and stone. plastering materials, lime and cement---GYPSUM. ANHYDRITE. PLASTERS (CONSISTING OF CALCINED GYPSUM OR CALCIUM SULPHATE) WHETHER OR NOT COLOURED, WITH OR WITHOUT SMALL QUANTITIES OF ACCELERATORS OR RETARDERS:---Gypsum. anhydrite;;;;;;;ES;Salt. sulfur. earths and stone. plastering materials, lime and cement---GYPSUM. ANHYDRITE. PLASTERS (CONSISTING OF CALCINED GYPSUM OR CALCIUM SULPHATE) WHETHER OR NOT COLOURED, WITH OR WITHOUT SMALL QUANTITIES OF ACCELERATORS OR RETARDERS:---Gypsum. anhydrite;;;;;;;TNE;;_DAU2;20240101;99991231;0;0;;;;;;
AU;2520100023;20240101;99991231;EN;Salt. sulfur. earths and stone. plastering materials, lime and cement---GYPSUM. ANHYDRITE. PLASTERS (CONSISTING OF CALCINED GYPSUM OR CALCIUM SULPHATE) WHETHER OR NOT COLOURED, WITH OR WITHOUT SMALL QUANTITIES OF ACCELERATORS OR RETARDERS:---Gypsum. anhydrite;;;;;;;ES;Salt. sulfur. earths and stone. plastering materials, lime and cement---GYPSUM. ANHYDRITE. PLASTERS (CONSISTING OF CALCINED GYPSUM OR CALCIUM SULPHATE) WHETHER OR NOT COLOURED, WITH OR WITHOUT SMALL QUANTITIES OF ACCELERATORS OR RETARDERS:---Gypsum. anhydrite;;;;;;;TNE;;_DAU30;20240101;99991231;0;0;;;;;;
AU;2520200024;20240101;99991231;EN;Salt. sulfur. earths and stone. plastering materials, lime and cement---GYPSUM. ANHYDRITE. PLASTERS (CONSISTING OF CALCINED GYPSUM OR CALCIUM SULPHATE) WHETHER OR NOT COLOURED, WITH OR WITHOUT SMALL QUANTITIES OF ACCELERATORS OR RETARDERS:---Plasters;;;;;;;ES;Salt. sulfur. earths and stone. plastering materials, lime and cement---GYPSUM. ANHYDRITE. PLASTERS (CONSISTING OF CALCINED GYPSUM OR CALCIUM SULPHATE) WHETHER OR NOT COLOURED, WITH OR WITHOUT SMALL QUANTITIES OF ACCELERATORS OR RETARDERS:---Plasters;;;;;;;TNE;;_DAU1;20240101;99991231;0;0;;;;;;
AU;2520200024;20240101;99991231;EN;Salt. sulfur. earths and stone. plastering materials, lime and cement---GYPSUM. ANHYDRITE. PLASTERS (CONSISTING OF CALCINED GYPSUM OR CALCIUM SULPHATE) WHETHER OR NOT COLOURED, WITH OR WITHOUT SMALL QUANTITIES OF ACCELERATORS OR RETARDERS:---Plasters;;;;;;;ES;Salt. sulfur. earths and stone. plastering materials, lime and cement---GYPSUM. ANHYDRITE. PLASTERS (CONSISTING OF CALCINED GYPSUM OR CALCIUM SULPHATE) WHETHER OR NOT COLOURED, WITH OR WITHOUT SMALL QUANTITIES OF ACCELERATORS OR RETARDERS:---Plasters;;;;;;;TNE;;_DAU13;20240101;99991231;0;0;;;;;;
AU;2520200024;20240101;99991231;EN;Salt. sulfur. earths and stone. plastering materials, lime and cement---GYPSUM. ANHYDRITE. PLASTERS (CONSISTING OF CALCINED GYPSUM OR CALCIUM SULPHATE) WHETHER OR NOT COLOURED, WITH OR WITHOUT SMALL QUANTITIES OF ACCELERATORS OR RETARDERS:---Plasters;;;;;;;ES;Salt. sulfur. earths and stone. plastering materials, lime and cement---GYPSUM. ANHYDRITE. PLASTERS (CONSISTING OF CALCINED GYPSUM OR CALCIUM SULPHATE) WHETHER OR NOT COLOURED, WITH OR WITHOUT SMALL QUANTITIES OF ACCELERATORS OR RETARDERS:---Plasters;;;;;;;TNE;;_DAU17;20240101;99991231;0;0;;;;;;
AU;2520200024;20240101;99991231;EN;Salt. sulfur. earths and stone. plastering materials, lime and cement---GYPSUM. ANHYDRITE. PLASTERS (CONSISTING OF CALCINED GYPSUM OR CALCIUM SULPHATE) WHETHER OR NOT COLOURED, WITH OR WITHOUT SMALL QUANTITIES OF ACCELERATORS OR RETARDERS:---Plasters;;;;;;;ES;Salt. sulfur. earths and stone. plastering materials, lime and cement---GYPSUM. ANHYDRITE. PLASTERS (CONSISTING OF CALCINED GYPSUM OR CALCIUM SULPHATE) WHETHER OR NOT COLOURED, WITH OR WITHOUT SMALL QUANTITIES OF ACCELERATORS OR RETARDERS:---Plasters;;;;;;;TNE;;_DAU2;20240101;99991231;0;0;;;;;;
AU;2520200024;20240101;99991231;EN;Salt. sulfur. earths and stone. plastering materials, lime and cement---GYPSUM. ANHYDRITE. PLASTERS (CONSISTING OF CALCINED GYPSUM OR CALCIUM SULPHATE) WHETHER OR NOT COLOURED, WITH OR WITHOUT SMALL QUANTITIES OF ACCELERATORS OR RETARDERS:---Plasters;;;;;;;ES;Salt. sulfur. earths and stone. plastering materials, lime and cement---GYPSUM. ANHYDRITE. PLASTERS (CONSISTING OF CALCINED GYPSUM OR CALCIUM SULPHATE) WHETHER OR NOT COLOURED, WITH OR WITHOUT SMALL QUANTITIES OF ACCELERATORS OR RETARDERS:---Plasters;;;;;;;TNE;;_DAU30;20240101;99991231;0;0;;;;;;
AU;2521000025;20240101;99991231;EN;Salt. sulfur. earths and stone. plastering materials, lime and cement---Limestone flux. limestone and other calcareous stone, of a kind used for the manufacture of lime or cement.---LIMESTONE FLUX. LIMESTONE AND OTHER CALCAREOUS STONE, OF A KIND USED FOR THE MANUFACTURE OF LIME OR CEMENT;;;;;;;ES;Salt. sulfur. earths and stone. plastering materials, lime and cement---Limestone flux. limestone and other calcareous stone, of a kind used for the manufacture of lime or cement.---LIMESTONE FLUX. LIMESTONE AND OTHER CALCAREOUS STONE, OF A KIND USED FOR THE MANUFACTURE OF LIME OR CEMENT;;;;;;;TNE;;_DAU1;20240101;99991231;0;0;;;;;;
AU;2521000025;20240101;99991231;EN;Salt. sulfur. earths and stone. plastering materials, lime and cement---Limestone flux. limestone and other calcareous stone, of a kind used for the manufacture of lime or cement.---LIMESTONE FLUX. LIMESTONE AND OTHER CALCAREOUS STONE, OF A KIND USED FOR THE MANUFACTURE OF LIME OR CEMENT;;;;;;;ES;Salt. sulfur. earths and stone. plastering materials, lime and cement---Limestone flux. limestone and other calcareous stone, of a kind used for the manufacture of lime or cement.---LIMESTONE FLUX. LIMESTONE AND OTHER CALCAREOUS STONE, OF A KIND USED FOR THE MANUFACTURE OF LIME OR CEMENT;;;;;;;TNE;;_DAU13;20240101;99991231;0;0;;;;;;
AU;2521000025;20240101;99991231;EN;Salt. sulfur. earths and stone. plastering materials, lime and cement---Limestone flux. limestone and other calcareous stone, of a kind used for the manufacture of lime or cement.---LIMESTONE FLUX. LIMESTONE AND OTHER CALCAREOUS STONE, OF A KIND USED FOR THE MANUFACTURE OF LIME OR CEMENT;;;;;;;ES;Salt. sulfur. earths and stone. plastering materials, lime and cement---Limestone flux. limestone and other calcareous stone, of a kind used for the manufacture of lime or cement.---LIMESTONE FLUX. LIMESTONE AND OTHER CALCAREOUS STONE, OF A KIND USED FOR THE MANUFACTURE OF LIME OR CEMENT;;;;;;;TNE;;_DAU17;20240101;99991231;0;0;;;;;;
AU;2521000025;20240101;99991231;EN;Salt. sulfur. earths and stone. plastering materials, lime and cement---Limestone flux. limestone and other calcareous stone, of a kind used for the manufacture of lime or cement.---LIMESTONE FLUX. LIMESTONE AND OTHER CALCAREOUS STONE, OF A KIND USED FOR THE MANUFACTURE OF LIME OR CEMENT;;;;;;;ES;Salt. sulfur. earths and stone. plastering materials, lime and cement---Limestone flux. limestone and other calcareous stone, of a kind used for the manufacture of lime or cement.---LIMESTONE FLUX. LIMESTONE AND OTHER CALCAREOUS STONE, OF A KIND USED FOR THE MANUFACTURE OF LIME OR CEMENT;;;;;;;TNE;;_DAU2;20240101;99991231;0;0;;;;;;
AU;2521000025;20240101;99991231;EN;Salt. sulfur. earths and stone. plastering materials, lime and cement---Limestone flux. limestone and other calcareous stone, of a kind used for the manufacture of lime or cement.---LIMESTONE FLUX. LIMESTONE AND OTHER CALCAREOUS STONE, OF A KIND USED FOR THE MANUFACTURE OF LIME OR CEMENT;;;;;;;ES;Salt. sulfur. earths and stone. plastering materials, lime and cement---Limestone flux. limestone and other calcareous stone, of a kind used for the manufacture of lime or cement.---LIMESTONE FLUX. LIMESTONE AND OTHER CALCAREOUS STONE, OF A KIND USED FOR THE MANUFACTURE OF LIME OR CEMENT;;;;;;;TNE;;_DAU30;20240101;99991231;0;0;;;;;;
AU;2522100026;20240101;99991231;EN;Salt. sulfur. earths and stone. plastering materials, lime and cement---QUICKLIME, SLAKED LIME AND HYDRAULIC LIME, OTHER THAN CALCIUM OXIDE AND HYDROXIDE OF 2825:---Quicklime;;;;;;;ES;Salt. sulfur. earths and stone. plastering materials, lime and cement---QUICKLIME, SLAKED LIME AND HYDRAULIC LIME, OTHER THAN CALCIUM OXIDE AND HYDROXIDE OF 2825:---Quicklime;;;;;;;KG;;_DAU1;20240101;99991231;0;0;;;;;;
AU;2522100026;20240101;99991231;EN;Salt. sulfur. earths and stone. plastering materials, lime and cement---QUICKLIME, SLAKED LIME AND HYDRAULIC LIME, OTHER THAN CALCIUM OXIDE AND HYDROXIDE OF 2825:---Quicklime;;;;;;;ES;Salt. sulfur. earths and stone. plastering materials, lime and cement---QUICKLIME, SLAKED LIME AND HYDRAULIC LIME, OTHER THAN CALCIUM OXIDE AND HYDROXIDE OF 2825:---Quicklime;;;;;;;KG;;_DAU13;20240101;99991231;0;0;;;;;;
AU;2522100026;20240101;99991231;EN;Salt. sulfur. earths and stone. plastering materials, lime and cement---QUICKLIME, SLAKED LIME AND HYDRAULIC LIME, OTHER THAN CALCIUM OXIDE AND HYDROXIDE OF 2825:---Quicklime;;;;;;;ES;Salt. sulfur. earths and stone. plastering materials, lime and cement---QUICKLIME, SLAKED LIME AND HYDRAULIC LIME, OTHER THAN CALCIUM OXIDE AND HYDROXIDE OF 2825:---Quicklime;;;;;;;KG;;_DAU17;20240101;99991231;0;0;;;;;;
AU;2522100026;20240101;99991231;EN;Salt. sulfur. earths and stone. plastering materials, lime and cement---QUICKLIME, SLAKED LIME AND HYDRAULIC LIME, OTHER THAN CALCIUM OXIDE AND HYDROXIDE OF 2825:---Quicklime;;;;;;;ES;Salt. sulfur. earths and stone. plastering materials, lime and cement---QUICKLIME, SLAKED LIME AND HYDRAULIC LIME, OTHER THAN CALCIUM OXIDE AND HYDROXIDE OF 2825:---Quicklime;;;;;;;KG;;_DAU2;20240101;99991231;0;0;;;;;;
AU;2522100026;20240101;99991231;EN;Salt. sulfur. earths and stone. plastering materials, lime and cement---QUICKLIME, SLAKED LIME AND HYDRAULIC LIME, OTHER THAN CALCIUM OXIDE AND HYDROXIDE OF 2825:---Quicklime;;;;;;;ES;Salt. sulfur. earths and stone. plastering materials, lime and cement---QUICKLIME, SLAKED LIME AND HYDRAULIC LIME, OTHER THAN CALCIUM OXIDE AND HYDROXIDE OF 2825:---Quicklime;;;;;;;KG;;_DAU30;20240101;99991231;0;0;;;;;;
AU;2522200027;20240101;99991231;EN;Salt. sulfur. earths and stone. plastering materials, lime and cement---QUICKLIME, SLAKED LIME AND HYDRAULIC LIME, OTHER THAN CALCIUM OXIDE AND HYDROXIDE OF 2825:---Slaked lime;;;;;;;ES;Salt. sulfur. earths and stone. plastering materials, lime and cement---QUICKLIME, SLAKED LIME AND HYDRAULIC LIME, OTHER THAN CALCIUM OXIDE AND HYDROXIDE OF 2825:---Slaked lime;;;;;;;KG;;_DAU1;20240101;99991231;0;0;;;;;;
AU;2522200027;20240101;99991231;EN;Salt. sulfur. earths and stone. plastering materials, lime and cement---QUICKLIME, SLAKED LIME AND HYDRAULIC LIME, OTHER THAN CALCIUM OXIDE AND HYDROXIDE OF 2825:---Slaked lime;;;;;;;ES;Salt. sulfur. earths and stone. plastering materials, lime and cement---QUICKLIME, SLAKED LIME AND HYDRAULIC LIME, OTHER THAN CALCIUM OXIDE AND HYDROXIDE OF 2825:---Slaked lime;;;;;;;KG;;_DAU13;20240101;99991231;0;0;;;;;;
AU;2522200027;20240101;99991231;EN;Salt. sulfur. earths and stone. plastering materials, lime and cement---QUICKLIME, SLAKED LIME AND HYDRAULIC LIME, OTHER THAN CALCIUM OXIDE AND HYDROXIDE OF 2825:---Slaked lime;;;;;;;ES;Salt. sulfur. earths and stone. plastering materials, lime and cement---QUICKLIME, SLAKED LIME AND HYDRAULIC LIME, OTHER THAN CALCIUM OXIDE AND HYDROXIDE OF 2825:---Slaked lime;;;;;;;KG;;_DAU17;20240101;99991231;0;0;;;;;;
AU;2522200027;20240101;99991231;EN;Salt. sulfur. earths and stone. plastering materials, lime and cement---QUICKLIME, SLAKED LIME AND HYDRAULIC LIME, OTHER THAN CALCIUM OXIDE AND HYDROXIDE OF 2825:---Slaked lime;;;;;;;ES;Salt. sulfur. earths and stone. plastering materials, lime and cement---QUICKLIME, SLAKED LIME AND HYDRAULIC LIME, OTHER THAN CALCIUM OXIDE AND HYDROXIDE OF 2825:---Slaked lime;;;;;;;KG;;_DAU2;20240101;99991231;0;0;;;;;;
AU;2522200027;20240101;99991231;EN;Salt. sulfur. earths and stone. plastering materials, lime and cement---QUICKLIME, SLAKED LIME AND HYDRAULIC LIME, OTHER THAN CALCIUM OXIDE AND HYDROXIDE OF 2825:---Slaked lime;;;;;;;ES;Salt. sulfur. earths and stone. plastering materials, lime and cement---QUICKLIME, SLAKED LIME AND HYDRAULIC LIME, OTHER THAN CALCIUM OXIDE AND HYDROXIDE OF 2825:---Slaked lime;;;;;;;KG;;_DAU30;20240101;99991231;0;0;;;;;;
AU;2522300028;20240101;99991231;EN;Salt. sulfur. earths and stone. plastering materials, lime and cement---QUICKLIME, SLAKED LIME AND HYDRAULIC LIME, OTHER THAN CALCIUM OXIDE AND HYDROXIDE OF 2825:---Hydraulic lime;;;;;;;ES;Salt. sulfur. earths and stone. plastering materials, lime and cement---QUICKLIME, SLAKED LIME AND HYDRAULIC LIME, OTHER THAN CALCIUM OXIDE AND HYDROXIDE OF 2825:---Hydraulic lime;;;;;;;KG;;_DAU1;20240101;99991231;0;0;;;;;;
AU;2522300028;20240101;99991231;EN;Salt. sulfur. earths and stone. plastering materials, lime and cement---QUICKLIME, SLAKED LIME AND HYDRAULIC LIME, OTHER THAN CALCIUM OXIDE AND HYDROXIDE OF 2825:---Hydraulic lime;;;;;;;ES;Salt. sulfur. earths and stone. plastering materials, lime and cement---QUICKLIME, SLAKED LIME AND HYDRAULIC LIME, OTHER THAN CALCIUM OXIDE AND HYDROXIDE OF 2825:---Hydraulic lime;;;;;;;KG;;_DAU13;20240101;99991231;0;0;;;;;;
AU;2522300028;20240101;99991231;EN;Salt. sulfur. earths and stone. plastering materials, lime and cement---QUICKLIME, SLAKED LIME AND HYDRAULIC LIME, OTHER THAN CALCIUM OXIDE AND HYDROXIDE OF 2825:---Hydraulic lime;;;;;;;ES;Salt. sulfur. earths and stone. plastering materials, lime and cement---QUICKLIME, SLAKED LIME AND HYDRAULIC LIME, OTHER THAN CALCIUM OXIDE AND HYDROXIDE OF 2825:---Hydraulic lime;;;;;;;KG;;_DAU17;20240101;99991231;0;0;;;;;;
AU;2522300028;20240101;99991231;EN;Salt. sulfur. earths and stone. plastering materials, lime and cement---QUICKLIME, SLAKED LIME AND HYDRAULIC LIME, OTHER THAN CALCIUM OXIDE AND HYDROXIDE OF 2825:---Hydraulic lime;;;;;;;ES;Salt. sulfur. earths and stone. plastering materials, lime and cement---QUICKLIME, SLAKED LIME AND HYDRAULIC LIME, OTHER THAN CALCIUM OXIDE AND HYDROXIDE OF 2825:---Hydraulic lime;;;;;;;KG;;_DAU2;20240101;99991231;0;0;;;;;;
AU;2522300028;20240101;99991231;EN;Salt. sulfur. earths and stone. plastering materials, lime and cement---QUICKLIME, SLAKED LIME AND HYDRAULIC LIME, OTHER THAN CALCIUM OXIDE AND HYDROXIDE OF 2825:---Hydraulic lime;;;;;;;ES;Salt. sulfur. earths and stone. plastering materials, lime and cement---QUICKLIME, SLAKED LIME AND HYDRAULIC LIME, OTHER THAN CALCIUM OXIDE AND HYDROXIDE OF 2825:---Hydraulic lime;;;;;;;KG;;_DAU30;20240101;99991231;0;0;;;;;;
AU;2523100029;20240101;99991231;EN;Salt. sulfur. earths and stone. plastering materials, lime and cement---PORTLAND CEMENT, ALUMINOUS CEMENT, SLAG CEMENT, SUPERSULPHATE CEMENT AND SIMILAR HYDRAULIC CEMENTS, WHETHER OR NOT COLOURED OR IN THE FORM OF CLINKERS:---Cement clinkers;;;;;;;ES;Salt. sulfur. earths and stone. plastering materials, lime and cement---PORTLAND CEMENT, ALUMINOUS CEMENT, SLAG CEMENT, SUPERSULPHATE CEMENT AND SIMILAR HYDRAULIC CEMENTS, WHETHER OR NOT COLOURED OR IN THE FORM OF CLINKERS:---Cement clinkers;;;;;;;KG;;_DAU1;20240101;99991231;0;0;;;;;;
AU;2523100029;20240101;99991231;EN;Salt. sulfur. earths and stone. plastering materials, lime and cement---PORTLAND CEMENT, ALUMINOUS CEMENT, SLAG CEMENT, SUPERSULPHATE CEMENT AND SIMILAR HYDRAULIC CEMENTS, WHETHER OR NOT COLOURED OR IN THE FORM OF CLINKERS:---Cement clinkers;;;;;;;ES;Salt. sulfur. earths and stone. plastering materials, lime and cement---PORTLAND CEMENT, ALUMINOUS CEMENT, SLAG CEMENT, SUPERSULPHATE CEMENT AND SIMILAR HYDRAULIC CEMENTS, WHETHER OR NOT COLOURED OR IN THE FORM OF CLINKERS:---Cement clinkers;;;;;;;KG;;_DAU13;20240101;99991231;0;0;;;;;;
AU;2523100029;20240101;99991231;EN;Salt. sulfur. earths and stone. plastering materials, lime and cement---PORTLAND CEMENT, ALUMINOUS CEMENT, SLAG CEMENT, SUPERSULPHATE CEMENT AND SIMILAR HYDRAULIC CEMENTS, WHETHER OR NOT COLOURED OR IN THE FORM OF CLINKERS:---Cement clinkers;;;;;;;ES;Salt. sulfur. earths and stone. plastering materials, lime and cement---PORTLAND CEMENT, ALUMINOUS CEMENT, SLAG CEMENT, SUPERSULPHATE CEMENT AND SIMILAR HYDRAULIC CEMENTS, WHETHER OR NOT COLOURED OR IN THE FORM OF CLINKERS:---Cement clinkers;;;;;;;KG;;_DAU17;20240101;99991231;0;0;;;;;;
AU;2523100029;20240101;99991231;EN;Salt. sulfur. earths and stone. plastering materials, lime and cement---PORTLAND CEMENT, ALUMINOUS CEMENT, SLAG CEMENT, SUPERSULPHATE CEMENT AND SIMILAR HYDRAULIC CEMENTS, WHETHER OR NOT COLOURED OR IN THE FORM OF CLINKERS:---Cement clinkers;;;;;;;ES;Salt. sulfur. earths and stone. plastering materials, lime and cement---PORTLAND CEMENT, ALUMINOUS CEMENT, SLAG CEMENT, SUPERSULPHATE CEMENT AND SIMILAR HYDRAULIC CEMENTS, WHETHER OR NOT COLOURED OR IN THE FORM OF CLINKERS:---Cement clinkers;;;;;;;KG;;_DAU2;20240101;99991231;0;0;;;;;;
AU;2523100029;20240101;99991231;EN;Salt. sulfur. earths and stone. plastering materials, lime and cement---PORTLAND CEMENT, ALUMINOUS CEMENT, SLAG CEMENT, SUPERSULPHATE CEMENT AND SIMILAR HYDRAULIC CEMENTS, WHETHER OR NOT COLOURED OR IN THE FORM OF CLINKERS:---Cement clinkers;;;;;;;ES;Salt. sulfur. earths and stone. plastering materials, lime and cement---PORTLAND CEMENT, ALUMINOUS CEMENT, SLAG CEMENT, SUPERSULPHATE CEMENT AND SIMILAR HYDRAULIC CEMENTS, WHETHER OR NOT COLOURED OR IN THE FORM OF CLINKERS:---Cement clinkers;;;;;;;KG;;_DAU30;20240101;99991231;0;0;;;;;;
AU;2523210030;20240101;99991231;EN;Salt. sulfur. earths and stone. plastering materials, lime and cement---PORTLAND CEMENT, ALUMINOUS CEMENT, SLAG CEMENT, SUPERSULPHATE CEMENT AND SIMILAR HYDRAULIC CEMENTS, WHETHER OR NOT COLOURED OR IN THE FORM OF CLINKERS:---Portland cement:---White cement, whether or not artificially coloured;;;;;;;ES;Salt. sulfur. earths and stone. plastering materials, lime and cement---PORTLAND CEMENT, ALUMINOUS CEMENT, SLAG CEMENT, SUPERSULPHATE CEMENT AND SIMILAR HYDRAULIC CEMENTS, WHETHER OR NOT COLOURED OR IN THE FORM OF CLINKERS:---Portland cement:---White cement, whether or not artificially coloured;;;;;;;TNE;;_DAU1;20240101;99991231;0;0;;;;;;
AU;2523210030;20240101;99991231;EN;Salt. sulfur. earths and stone. plastering materials, lime and cement---PORTLAND CEMENT, ALUMINOUS CEMENT, SLAG CEMENT, SUPERSULPHATE CEMENT AND SIMILAR HYDRAULIC CEMENTS, WHETHER OR NOT COLOURED OR IN THE FORM OF CLINKERS:---Portland cement:---White cement, whether or not artificially coloured;;;;;;;ES;Salt. sulfur. earths and stone. plastering materials, lime and cement---PORTLAND CEMENT, ALUMINOUS CEMENT, SLAG CEMENT, SUPERSULPHATE CEMENT AND SIMILAR HYDRAULIC CEMENTS, WHETHER OR NOT COLOURED OR IN THE FORM OF CLINKERS:---Portland cement:---White cement, whether or not artificially coloured;;;;;;;TNE;;_DAU13;20240101;99991231;0;0;;;;;;
AU;2523210030;20240101;99991231;EN;Salt. sulfur. earths and stone. plastering materials, lime and cement---PORTLAND CEMENT, ALUMINOUS CEMENT, SLAG CEMENT, SUPERSULPHATE CEMENT AND SIMILAR HYDRAULIC CEMENTS, WHETHER OR NOT COLOURED OR IN THE FORM OF CLINKERS:---Portland cement:---White cement, whether or not artificially coloured;;;;;;;ES;Salt. sulfur. earths and stone. plastering materials, lime and cement---PORTLAND CEMENT, ALUMINOUS CEMENT, SLAG CEMENT, SUPERSULPHATE CEMENT AND SIMILAR HYDRAULIC CEMENTS, WHETHER OR NOT COLOURED OR IN THE FORM OF CLINKERS:---Portland cement:---White cement, whether or not artificially coloured;;;;;;;TNE;;_DAU17;20240101;99991231;0;0;;;;;;
AU;2523210030;20240101;99991231;EN;Salt. sulfur. earths and stone. plastering materials, lime and cement---PORTLAND CEMENT, ALUMINOUS CEMENT, SLAG CEMENT, SUPERSULPHATE CEMENT AND SIMILAR HYDRAULIC CEMENTS, WHETHER OR NOT COLOURED OR IN THE FORM OF CLINKERS:---Portland cement:---White cement, whether or not artificially coloured;;;;;;;ES;Salt. sulfur. earths and stone. plastering materials, lime and cement---PORTLAND CEMENT, ALUMINOUS CEMENT, SLAG CEMENT, SUPERSULPHATE CEMENT AND SIMILAR HYDRAULIC CEMENTS, WHETHER OR NOT COLOURED OR IN THE FORM OF CLINKERS:---Portland cement:---White cement, whether or not artificially coloured;;;;;;;TNE;;_DAU2;20240101;99991231;0;0;;;;;;
AU;2523210030;20240101;99991231;EN;Salt. sulfur. earths and stone. plastering materials, lime and cement---PORTLAND CEMENT, ALUMINOUS CEMENT, SLAG CEMENT, SUPERSULPHATE CEMENT AND SIMILAR HYDRAULIC CEMENTS, WHETHER OR NOT COLOURED OR IN THE FORM OF CLINKERS:---Portland cement:---White cement, whether or not artificially coloured;;;;;;;ES;Salt. sulfur. earths and stone. plastering materials, lime and cement---PORTLAND CEMENT, ALUMINOUS CEMENT, SLAG CEMENT, SUPERSULPHATE CEMENT AND SIMILAR HYDRAULIC CEMENTS, WHETHER OR NOT COLOURED OR IN THE FORM OF CLINKERS:---Portland cement:---White cement, whether or not artificially coloured;;;;;;;TNE;;_DAU30;20240101;99991231;0;0;;;;;;
AU;2523290037;20240101;99991231;EN;Salt. sulfur. earths and stone. plastering materials, lime and cement---PORTLAND CEMENT, ALUMINOUS CEMENT, SLAG CEMENT, SUPERSULPHATE CEMENT AND SIMILAR HYDRAULIC CEMENTS, WHETHER OR NOT COLOURED OR IN THE FORM OF CLINKERS:---Portland cement:---Other;;;;;;;ES;Salt. sulfur. earths and stone. plastering materials, lime and cement---PORTLAND CEMENT, ALUMINOUS CEMENT, SLAG CEMENT, SUPERSULPHATE CEMENT AND SIMILAR HYDRAULIC CEMENTS, WHETHER OR NOT COLOURED OR IN THE FORM OF CLINKERS:---Portland cement:---Other;;;;;;;TNE;;_DAU1;20240101;99991231;0;0;;;;;;
AU;2523290037;20240101;99991231;EN;Salt. sulfur. earths and stone. plastering materials, lime and cement---PORTLAND CEMENT, ALUMINOUS CEMENT, SLAG CEMENT, SUPERSULPHATE CEMENT AND SIMILAR HYDRAULIC CEMENTS, WHETHER OR NOT COLOURED OR IN THE FORM OF CLINKERS:---Portland cement:---Other;;;;;;;ES;Salt. sulfur. earths and stone. plastering materials, lime and cement---PORTLAND CEMENT, ALUMINOUS CEMENT, SLAG CEMENT, SUPERSULPHATE CEMENT AND SIMILAR HYDRAULIC CEMENTS, WHETHER OR NOT COLOURED OR IN THE FORM OF CLINKERS:---Portland cement:---Other;;;;;;;TNE;;_DAU13;20240101;99991231;0;0;;;;;;
AU;2523290037;20240101;99991231;EN;Salt. sulfur. earths and stone. plastering materials, lime and cement---PORTLAND CEMENT, ALUMINOUS CEMENT, SLAG CEMENT, SUPERSULPHATE CEMENT AND SIMILAR HYDRAULIC CEMENTS, WHETHER OR NOT COLOURED OR IN THE FORM OF CLINKERS:---Portland cement:---Other;;;;;;;ES;Salt. sulfur. earths and stone. plastering materials, lime and cement---PORTLAND CEMENT, ALUMINOUS CEMENT, SLAG CEMENT, SUPERSULPHATE CEMENT AND SIMILAR HYDRAULIC CEMENTS, WHETHER OR NOT COLOURED OR IN THE FORM OF CLINKERS:---Portland cement:---Other;;;;;;;TNE;;_DAU17;20240101;99991231;0;0;;;;;;
AU;2523290037;20240101;99991231;EN;Salt. sulfur. earths and stone. plastering materials, lime and cement---PORTLAND CEMENT, ALUMINOUS CEMENT, SLAG CEMENT, SUPERSULPHATE CEMENT AND SIMILAR HYDRAULIC CEMENTS, WHETHER OR NOT COLOURED OR IN THE FORM OF CLINKERS:---Portland cement:---Other;;;;;;;ES;Salt. sulfur. earths and stone. plastering materials, lime and cement---PORTLAND CEMENT, ALUMINOUS CEMENT, SLAG CEMENT, SUPERSULPHATE CEMENT AND SIMILAR HYDRAULIC CEMENTS, WHETHER OR NOT COLOURED OR IN THE FORM OF CLINKERS:---Portland cement:---Other;;;;;;;TNE;;_DAU2;20240101;99991231;0;0;;;;;;
AU;2523290037;20240101;99991231;EN;Salt. sulfur. earths and stone. plastering materials, lime and cement---PORTLAND CEMENT, ALUMINOUS CEMENT, SLAG CEMENT, SUPERSULPHATE CEMENT AND SIMILAR HYDRAULIC CEMENTS, WHETHER OR NOT COLOURED OR IN THE FORM OF CLINKERS:---Portland cement:---Other;;;;;;;ES;Salt. sulfur. earths and stone. plastering materials, lime and cement---PORTLAND CEMENT, ALUMINOUS CEMENT, SLAG CEMENT, SUPERSULPHATE CEMENT AND SIMILAR HYDRAULIC CEMENTS, WHETHER OR NOT COLOURED OR IN THE FORM OF CLINKERS:---Portland cement:---Other;;;;;;;TNE;;_DAU30;20240101;99991231;0;0;;;;;;
AU;2523300033;20240101;99991231;EN;Salt. sulfur. earths and stone. plastering materials, lime and cement---PORTLAND CEMENT, ALUMINOUS CEMENT, SLAG CEMENT, SUPERSULPHATE CEMENT AND SIMILAR HYDRAULIC CEMENTS, WHETHER OR NOT COLOURED OR IN THE FORM OF CLINKERS:---Aluminous cement;;;;;;;ES;Salt. sulfur. earths and stone. plastering materials, lime and cement---PORTLAND CEMENT, ALUMINOUS CEMENT, SLAG CEMENT, SUPERSULPHATE CEMENT AND SIMILAR HYDRAULIC CEMENTS, WHETHER OR NOT COLOURED OR IN THE FORM OF CLINKERS:---Aluminous cement;;;;;;;KG;;_DAU1;20240101;99991231;5;0;;;;;;
AU;2523300033;20240101;99991231;EN;Salt. sulfur. earths and stone. plastering materials, lime and cement---PORTLAND CEMENT, ALUMINOUS CEMENT, SLAG CEMENT, SUPERSULPHATE CEMENT AND SIMILAR HYDRAULIC CEMENTS, WHETHER OR NOT COLOURED OR IN THE FORM OF CLINKERS:---Aluminous cement;;;;;;;ES;Salt. sulfur. earths and stone. plastering materials, lime and cement---PORTLAND CEMENT, ALUMINOUS CEMENT, SLAG CEMENT, SUPERSULPHATE CEMENT AND SIMILAR HYDRAULIC CEMENTS, WHETHER OR NOT COLOURED OR IN THE FORM OF CLINKERS:---Aluminous cement;;;;;;;KG;;_DAU13;20240101;99991231;0;0;;;;;;
AU;2523300033;20240101;99991231;EN;Salt. sulfur. earths and stone. plastering materials, lime and cement---PORTLAND CEMENT, ALUMINOUS CEMENT, SLAG CEMENT, SUPERSULPHATE CEMENT AND SIMILAR HYDRAULIC CEMENTS, WHETHER OR NOT COLOURED OR IN THE FORM OF CLINKERS:---Aluminous cement;;;;;;;ES;Salt. sulfur. earths and stone. plastering materials, lime and cement---PORTLAND CEMENT, ALUMINOUS CEMENT, SLAG CEMENT, SUPERSULPHATE CEMENT AND SIMILAR HYDRAULIC CEMENTS, WHETHER OR NOT COLOURED OR IN THE FORM OF CLINKERS:---Aluminous cement;;;;;;;KG;;_DAU17;20240101;99991231;0;0;;;;;;
AU;2523300033;20240101;99991231;EN;Salt. sulfur. earths and stone. plastering materials, lime and cement---PORTLAND CEMENT, ALUMINOUS CEMENT, SLAG CEMENT, SUPERSULPHATE CEMENT AND SIMILAR HYDRAULIC CEMENTS, WHETHER OR NOT COLOURED OR IN THE FORM OF CLINKERS:---Aluminous cement;;;;;;;ES;Salt. sulfur. earths and stone. plastering materials, lime and cement---PORTLAND CEMENT, ALUMINOUS CEMENT, SLAG CEMENT, SUPERSULPHATE CEMENT AND SIMILAR HYDRAULIC CEMENTS, WHETHER OR NOT COLOURED OR IN THE FORM OF CLINKERS:---Aluminous cement;;;;;;;KG;;_DAU2;20240101;99991231;0;0;;;;;;
AU;2523300033;20240101;99991231;EN;Salt. sulfur. earths and stone. plastering materials, lime and cement---PORTLAND CEMENT, ALUMINOUS CEMENT, SLAG CEMENT, SUPERSULPHATE CEMENT AND SIMILAR HYDRAULIC CEMENTS, WHETHER OR NOT COLOURED OR IN THE FORM OF CLINKERS:---Aluminous cement;;;;;;;ES;Salt. sulfur. earths and stone. plastering materials, lime and cement---PORTLAND CEMENT, ALUMINOUS CEMENT, SLAG CEMENT, SUPERSULPHATE CEMENT AND SIMILAR HYDRAULIC CEMENTS, WHETHER OR NOT COLOURED OR IN THE FORM OF CLINKERS:---Aluminous cement;;;;;;;KG;;_DAU30;20240101;99991231;0;0;;;;;;
AU;2523900034;20240101;99991231;EN;Salt. sulfur. earths and stone. plastering materials, lime and cement---PORTLAND CEMENT, ALUMINOUS CEMENT, SLAG CEMENT, SUPERSULPHATE CEMENT AND SIMILAR HYDRAULIC CEMENTS, WHETHER OR NOT COLOURED OR IN THE FORM OF CLINKERS:---Other hydraulic cements;;;;;;;ES;Salt. sulfur. earths and stone. plastering materials, lime and cement---PORTLAND CEMENT, ALUMINOUS CEMENT, SLAG CEMENT, SUPERSULPHATE CEMENT AND SIMILAR HYDRAULIC CEMENTS, WHETHER OR NOT COLOURED OR IN THE FORM OF CLINKERS:---Other hydraulic cements;;;;;;;KG;;_DAU1;20240101;99991231;5;0;;;;;;
AU;2523900034;20240101;99991231;EN;Salt. sulfur. earths and stone. plastering materials, lime and cement---PORTLAND CEMENT, ALUMINOUS CEMENT, SLAG CEMENT, SUPERSULPHATE CEMENT AND SIMILAR HYDRAULIC CEMENTS, WHETHER OR NOT COLOURED OR IN THE FORM OF CLINKERS:---Other hydraulic cements;;;;;;;ES;Salt. sulfur. earths and stone. plastering materials, lime and cement---PORTLAND CEMENT, ALUMINOUS CEMENT, SLAG CEMENT, SUPERSULPHATE CEMENT AND SIMILAR HYDRAULIC CEMENTS, WHETHER OR NOT COLOURED OR IN THE FORM OF CLINKERS:---Other hydraulic cements;;;;;;;KG;;_DAU13;20240101;99991231;0;0;;;;;;
AU;2523900034;20240101;99991231;EN;Salt. sulfur. earths and stone. plastering materials, lime and cement---PORTLAND CEMENT, ALUMINOUS CEMENT, SLAG CEMENT, SUPERSULPHATE CEMENT AND SIMILAR HYDRAULIC CEMENTS, WHETHER OR NOT COLOURED OR IN THE FORM OF CLINKERS:---Other hydraulic cements;;;;;;;ES;Salt. sulfur. earths and stone. plastering materials, lime and cement---PORTLAND CEMENT, ALUMINOUS CEMENT, SLAG CEMENT, SUPERSULPHATE CEMENT AND SIMILAR HYDRAULIC CEMENTS, WHETHER OR NOT COLOURED OR IN THE FORM OF CLINKERS:---Other hydraulic cements;;;;;;;KG;;_DAU17;20240101;99991231;0;0;;;;;;
AU;2523900034;20240101;99991231;EN;Salt. sulfur. earths and stone. plastering materials, lime and cement---PORTLAND CEMENT, ALUMINOUS CEMENT, SLAG CEMENT, SUPERSULPHATE CEMENT AND SIMILAR HYDRAULIC CEMENTS, WHETHER OR NOT COLOURED OR IN THE FORM OF CLINKERS:---Other hydraulic cements;;;;;;;ES;Salt. sulfur. earths and stone. plastering materials, lime and cement---PORTLAND CEMENT, ALUMINOUS CEMENT, SLAG CEMENT, SUPERSULPHATE CEMENT AND SIMILAR HYDRAULIC CEMENTS, WHETHER OR NOT COLOURED OR IN THE FORM OF CLINKERS:---Other hydraulic cements;;;;;;;KG;;_DAU2;20240101;99991231;0;0;;;;;;
AU;2523900034;20240101;99991231;EN;Salt. sulfur. earths and stone. plastering materials, lime and cement---PORTLAND CEMENT, ALUMINOUS CEMENT, SLAG CEMENT, SUPERSULPHATE CEMENT AND SIMILAR HYDRAULIC CEMENTS, WHETHER OR NOT COLOURED OR IN THE FORM OF CLINKERS:---Other hydraulic cements;;;;;;;ES;Salt. sulfur. earths and stone. plastering materials, lime and cement---PORTLAND CEMENT, ALUMINOUS CEMENT, SLAG CEMENT, SUPERSULPHATE CEMENT AND SIMILAR HYDRAULIC CEMENTS, WHETHER OR NOT COLOURED OR IN THE FORM OF CLINKERS:---Other hydraulic cements;;;;;;;KG;;_DAU30;20240101;99991231;0;0;;;;;;
AU;2524100035;20240101;99991231;EN;Salt. sulfur. earths and stone. plastering materials, lime and cement---ASBESTOS:---Crocidolite;;;;;;;ES;Salt. sulfur. earths and stone. plastering materials, lime and cement---ASBESTOS:---Crocidolite;;;;;;;KG;;_DAU1;20240101;99991231;0;0;;;;;;
AU;2524100035;20240101;99991231;EN;Salt. sulfur. earths and stone. plastering materials, lime and cement---ASBESTOS:---Crocidolite;;;;;;;ES;Salt. sulfur. earths and stone. plastering materials, lime and cement---ASBESTOS:---Crocidolite;;;;;;;KG;;_DAU13;20240101;99991231;0;0;;;;;;
AU;2524100035;20240101;99991231;EN;Salt. sulfur. earths and stone. plastering materials, lime and cement---ASBESTOS:---Crocidolite;;;;;;;ES;Salt. sulfur. earths and stone. plastering materials, lime and cement---ASBESTOS:---Crocidolite;;;;;;;KG;;_DAU17;20240101;99991231;0;0;;;;;;
AU;2524100035;20240101;99991231;EN;Salt. sulfur. earths and stone. plastering materials, lime and cement---ASBESTOS:---Crocidolite;;;;;;;ES;Salt. sulfur. earths and stone. plastering materials, lime and cement---ASBESTOS:---Crocidolite;;;;;;;KG;;_DAU2;20240101;99991231;0;0;;;;;;
AU;2524100035;20240101;99991231;EN;Salt. sulfur. earths and stone. plastering materials, lime and cement---ASBESTOS:---Crocidolite;;;;;;;ES;Salt. sulfur. earths and stone. plastering materials, lime and cement---ASBESTOS:---Crocidolite;;;;;;;KG;;_DAU30;20240101;99991231;0;0;;;;;;
AU;2524900036;20240101;99991231;EN;Salt. sulfur. earths and stone. plastering materials, lime and cement---ASBESTOS:---Other;;;;;;;ES;Salt. sulfur. earths and stone. plastering materials, lime and cement---ASBESTOS:---Other;;;;;;;KG;;_DAU1;20240101;99991231;0;0;;;;;;
AU;2524900036;20240101;99991231;EN;Salt. sulfur. earths and stone. plastering materials, lime and cement---ASBESTOS:---Other;;;;;;;ES;Salt. sulfur. earths and stone. plastering materials, lime and cement---ASBESTOS:---Other;;;;;;;KG;;_DAU13;20240101;99991231;0;0;;;;;;
AU;2524900036;20240101;99991231;EN;Salt. sulfur. earths and stone. plastering materials, lime and cement---ASBESTOS:---Other;;;;;;;ES;Salt. sulfur. earths and stone. plastering materials, lime and cement---ASBESTOS:---Other;;;;;;;KG;;_DAU17;20240101;99991231;0;0;;;;;;
AU;2524900036;20240101;99991231;EN;Salt. sulfur. earths and stone. plastering materials, lime and cement---ASBESTOS:---Other;;;;;;;ES;Salt. sulfur. earths and stone. plastering materials, lime and cement---ASBESTOS:---Other;;;;;;;KG;;_DAU2;20240101;99991231;0;0;;;;;;
AU;2524900036;20240101;99991231;EN;Salt. sulfur. earths and stone. plastering materials, lime and cement---ASBESTOS:---Other;;;;;;;ES;Salt. sulfur. earths and stone. plastering materials, lime and cement---ASBESTOS:---Other;;;;;;;KG;;_DAU30;20240101;99991231;0;0;;;;;;
AU;2525100003;20240101;99991231;EN;Salt. sulfur. earths and stone. plastering materials, lime and cement---MICA, INCLUDING SPLITTINGS. MICA WASTE:---Crude mica and mica rifted into sheets or splittings;;;;;;;ES;Salt. sulfur. earths and stone. plastering materials, lime and cement---MICA, INCLUDING SPLITTINGS. MICA WASTE:---Crude mica and mica rifted into sheets or splittings;;;;;;;KG;;_DAU1;20240101;99991231;5;0;;;;;;
AU;2525100003;20240101;99991231;EN;Salt. sulfur. earths and stone. plastering materials, lime and cement---MICA, INCLUDING SPLITTINGS. MICA WASTE:---Crude mica and mica rifted into sheets or splittings;;;;;;;ES;Salt. sulfur. earths and stone. plastering materials, lime and cement---MICA, INCLUDING SPLITTINGS. MICA WASTE:---Crude mica and mica rifted into sheets or splittings;;;;;;;KG;;_DAU13;20240101;99991231;0;0;;;;;;
AU;2525100003;20240101;99991231;EN;Salt. sulfur. earths and stone. plastering materials, lime and cement---MICA, INCLUDING SPLITTINGS. MICA WASTE:---Crude mica and mica rifted into sheets or splittings;;;;;;;ES;Salt. sulfur. earths and stone. plastering materials, lime and cement---MICA, INCLUDING SPLITTINGS. MICA WASTE:---Crude mica and mica rifted into sheets or splittings;;;;;;;KG;;_DAU17;20240101;99991231;0;0;;;;;;
AU;2525100003;20240101;99991231;EN;Salt. sulfur. earths and stone. plastering materials, lime and cement---MICA, INCLUDING SPLITTINGS. MICA WASTE:---Crude mica and mica rifted into sheets or splittings;;;;;;;ES;Salt. sulfur. earths and stone. plastering materials, lime and cement---MICA, INCLUDING SPLITTINGS. MICA WASTE:---Crude mica and mica rifted into sheets or splittings;;;;;;;KG;;_DAU2;20240101;99991231;0;0;;;;;;
AU;2525100003;20240101;99991231;EN;Salt. sulfur. earths and stone. plastering materials, lime and cement---MICA, INCLUDING SPLITTINGS. MICA WASTE:---Crude mica and mica rifted into sheets or splittings;;;;;;;ES;Salt. sulfur. earths and stone. plastering materials, lime and cement---MICA, INCLUDING SPLITTINGS. MICA WASTE:---Crude mica and mica rifted into sheets or splittings;;;;;;;KG;;_DAU30;20240101;99991231;0;0;;;;;;
AU;2525200004;20240101;99991231;EN;Salt. sulfur. earths and stone. plastering materials, lime and cement---MICA, INCLUDING SPLITTINGS. MICA WASTE:---Mica powder;;;;;;;ES;Salt. sulfur. earths and stone. plastering materials, lime and cement---MICA, INCLUDING SPLITTINGS. MICA WASTE:---Mica powder;;;;;;;KG;;_DAU1;20240101;99991231;0;0;;;;;;
AU;2525200004;20240101;99991231;EN;Salt. sulfur. earths and stone. plastering materials, lime and cement---MICA, INCLUDING SPLITTINGS. MICA WASTE:---Mica powder;;;;;;;ES;Salt. sulfur. earths and stone. plastering materials, lime and cement---MICA, INCLUDING SPLITTINGS. MICA WASTE:---Mica powder;;;;;;;KG;;_DAU13;20240101;99991231;0;0;;;;;;
AU;2525200004;20240101;99991231;EN;Salt. sulfur. earths and stone. plastering materials, lime and cement---MICA, INCLUDING SPLITTINGS. MICA WASTE:---Mica powder;;;;;;;ES;Salt. sulfur. earths and stone. plastering materials, lime and cement---MICA, INCLUDING SPLITTINGS. MICA WASTE:---Mica powder;;;;;;;KG;;_DAU17;20240101;99991231;0;0;;;;;;
AU;2525200004;20240101;99991231;EN;Salt. sulfur. earths and stone. plastering materials, lime and cement---MICA, INCLUDING SPLITTINGS. MICA WASTE:---Mica powder;;;;;;;ES;Salt. sulfur. earths and stone. plastering materials, lime and cement---MICA, INCLUDING SPLITTINGS. MICA WASTE:---Mica powder;;;;;;;KG;;_DAU2;20240101;99991231;0;0;;;;;;
AU;2525200004;20240101;99991231;EN;Salt. sulfur. earths and stone. plastering materials, lime and cement---MICA, INCLUDING SPLITTINGS. MICA WASTE:---Mica powder;;;;;;;ES;Salt. sulfur. earths and stone. plastering materials, lime and cement---MICA, INCLUDING SPLITTINGS. MICA WASTE:---Mica powder;;;;;;;KG;;_DAU30;20240101;99991231;0;0;;;;;;
AU;2525300005;20240101;99991231;EN;Salt. sulfur. earths and stone. plastering materials, lime and cement---MICA, INCLUDING SPLITTINGS. MICA WASTE:---Mica waste;;;;;;;ES;Salt. sulfur. earths and stone. plastering materials, lime and cement---MICA, INCLUDING SPLITTINGS. MICA WASTE:---Mica waste;;;;;;;KG;;_DAU1;20240101;99991231;0;0;;;;;;
AU;2525300005;20240101;99991231;EN;Salt. sulfur. earths and stone. plastering materials, lime and cement---MICA, INCLUDING SPLITTINGS. MICA WASTE:---Mica waste;;;;;;;ES;Salt. sulfur. earths and stone. plastering materials, lime and cement---MICA, INCLUDING SPLITTINGS. MICA WASTE:---Mica waste;;;;;;;KG;;_DAU13;20240101;99991231;0;0;;;;;;
AU;2525300005;20240101;99991231;EN;Salt. sulfur. earths and stone. plastering materials, lime and cement---MICA, INCLUDING SPLITTINGS. MICA WASTE:---Mica waste;;;;;;;ES;Salt. sulfur. earths and stone. plastering materials, lime and cement---MICA, INCLUDING SPLITTINGS. MICA WASTE:---Mica waste;;;;;;;KG;;_DAU17;20240101;99991231;0;0;;;;;;
AU;2525300005;20240101;99991231;EN;Salt. sulfur. earths and stone. plastering materials, lime and cement---MICA, INCLUDING SPLITTINGS. MICA WASTE:---Mica waste;;;;;;;ES;Salt. sulfur. earths and stone. plastering materials, lime and cement---MICA, INCLUDING SPLITTINGS. MICA WASTE:---Mica waste;;;;;;;KG;;_DAU2;20240101;99991231;0;0;;;;;;
AU;2525300005;20240101;99991231;EN;Salt. sulfur. earths and stone. plastering materials, lime and cement---MICA, INCLUDING SPLITTINGS. MICA WASTE:---Mica waste;;;;;;;ES;Salt. sulfur. earths and stone. plastering materials, lime and cement---MICA, INCLUDING SPLITTINGS. MICA WASTE:---Mica waste;;;;;;;KG;;_DAU30;20240101;99991231;0;0;;;;;;
AU;2526100006;20240101;99991231;EN;Salt. sulfur. earths and stone. plastering materials, lime and cement---NATURAL STEATITE, WHETHER OR NOT ROUGHLY TRIMMED OR MERELY CUT, BY SAWING OR OTHERWISE, INTO BLOCKS OR SLABS OF A RECTANGULAR (INCLUDING SQUARE) SHAPE. TALC:---Not crushed, not powdered;;;;;;;ES;Salt. sulfur. earths and stone. plastering materials, lime and cement---NATURAL STEATITE, WHETHER OR NOT ROUGHLY TRIMMED OR MERELY CUT, BY SAWING OR OTHERWISE, INTO BLOCKS OR SLABS OF A RECTANGULAR (INCLUDING SQUARE) SHAPE. TALC:---Not crushed, not powdered;;;;;;;KG;;_DAU1;20240101;99991231;5;0;;;;;;
AU;2526100006;20240101;99991231;EN;Salt. sulfur. earths and stone. plastering materials, lime and cement---NATURAL STEATITE, WHETHER OR NOT ROUGHLY TRIMMED OR MERELY CUT, BY SAWING OR OTHERWISE, INTO BLOCKS OR SLABS OF A RECTANGULAR (INCLUDING SQUARE) SHAPE. TALC:---Not crushed, not powdered;;;;;;;ES;Salt. sulfur. earths and stone. plastering materials, lime and cement---NATURAL STEATITE, WHETHER OR NOT ROUGHLY TRIMMED OR MERELY CUT, BY SAWING OR OTHERWISE, INTO BLOCKS OR SLABS OF A RECTANGULAR (INCLUDING SQUARE) SHAPE. TALC:---Not crushed, not powdered;;;;;;;KG;;_DAU13;20240101;99991231;0;0;;;;;;
AU;2526100006;20240101;99991231;EN;Salt. sulfur. earths and stone. plastering materials, lime and cement---NATURAL STEATITE, WHETHER OR NOT ROUGHLY TRIMMED OR MERELY CUT, BY SAWING OR OTHERWISE, INTO BLOCKS OR SLABS OF A RECTANGULAR (INCLUDING SQUARE) SHAPE. TALC:---Not crushed, not powdered;;;;;;;ES;Salt. sulfur. earths and stone. plastering materials, lime and cement---NATURAL STEATITE, WHETHER OR NOT ROUGHLY TRIMMED OR MERELY CUT, BY SAWING OR OTHERWISE, INTO BLOCKS OR SLABS OF A RECTANGULAR (INCLUDING SQUARE) SHAPE. TALC:---Not crushed, not powdered;;;;;;;KG;;_DAU17;20240101;99991231;0;0;;;;;;
AU;2526100006;20240101;99991231;EN;Salt. sulfur. earths and stone. plastering materials, lime and cement---NATURAL STEATITE, WHETHER OR NOT ROUGHLY TRIMMED OR MERELY CUT, BY SAWING OR OTHERWISE, INTO BLOCKS OR SLABS OF A RECTANGULAR (INCLUDING SQUARE) SHAPE. TALC:---Not crushed, not powdered;;;;;;;ES;Salt. sulfur. earths and stone. plastering materials, lime and cement---NATURAL STEATITE, WHETHER OR NOT ROUGHLY TRIMMED OR MERELY CUT, BY SAWING OR OTHERWISE, INTO BLOCKS OR SLABS OF A RECTANGULAR (INCLUDING SQUARE) SHAPE. TALC:---Not crushed, not powdered;;;;;;;KG;;_DAU2;20240101;99991231;0;0;;;;;;
AU;2526100006;20240101;99991231;EN;Salt. sulfur. earths and stone. plastering materials, lime and cement---NATURAL STEATITE, WHETHER OR NOT ROUGHLY TRIMMED OR MERELY CUT, BY SAWING OR OTHERWISE, INTO BLOCKS OR SLABS OF A RECTANGULAR (INCLUDING SQUARE) SHAPE. TALC:---Not crushed, not powdered;;;;;;;ES;Salt. sulfur. earths and stone. plastering materials, lime and cement---NATURAL STEATITE, WHETHER OR NOT ROUGHLY TRIMMED OR MERELY CUT, BY SAWING OR OTHERWISE, INTO BLOCKS OR SLABS OF A RECTANGULAR (INCLUDING SQUARE) SHAPE. TALC:---Not crushed, not powdered;;;;;;;KG;;_DAU30;20240101;99991231;0;0;;;;;;
AU;2526200007;20240101;99991231;EN;Salt. sulfur. earths and stone. plastering materials, lime and cement---NATURAL STEATITE, WHETHER OR NOT ROUGHLY TRIMMED OR MERELY CUT, BY SAWING OR OTHERWISE, INTO BLOCKS OR SLABS OF A RECTANGULAR (INCLUDING SQUARE) SHAPE. TALC:---Crushed or powdered;;;;;;;ES;Salt. sulfur. earths and stone. plastering materials, lime and cement---NATURAL STEATITE, WHETHER OR NOT ROUGHLY TRIMMED OR MERELY CUT, BY SAWING OR OTHERWISE, INTO BLOCKS OR SLABS OF A RECTANGULAR (INCLUDING SQUARE) SHAPE. TALC:---Crushed or powdered;;;;;;;KG;;_DAU1;20240101;99991231;5;0;;;;;;
AU;2526200007;20240101;99991231;EN;Salt. sulfur. earths and stone. plastering materials, lime and cement---NATURAL STEATITE, WHETHER OR NOT ROUGHLY TRIMMED OR MERELY CUT, BY SAWING OR OTHERWISE, INTO BLOCKS OR SLABS OF A RECTANGULAR (INCLUDING SQUARE) SHAPE. TALC:---Crushed or powdered;;;;;;;ES;Salt. sulfur. earths and stone. plastering materials, lime and cement---NATURAL STEATITE, WHETHER OR NOT ROUGHLY TRIMMED OR MERELY CUT, BY SAWING OR OTHERWISE, INTO BLOCKS OR SLABS OF A RECTANGULAR (INCLUDING SQUARE) SHAPE. TALC:---Crushed or powdered;;;;;;;KG;;_DAU13;20240101;99991231;0;0;;;;;;
AU;2526200007;20240101;99991231;EN;Salt. sulfur. earths and stone. plastering materials, lime and cement---NATURAL STEATITE, WHETHER OR NOT ROUGHLY TRIMMED OR MERELY CUT, BY SAWING OR OTHERWISE, INTO BLOCKS OR SLABS OF A RECTANGULAR (INCLUDING SQUARE) SHAPE. TALC:---Crushed or powdered;;;;;;;ES;Salt. sulfur. earths and stone. plastering materials, lime and cement---NATURAL STEATITE, WHETHER OR NOT ROUGHLY TRIMMED OR MERELY CUT, BY SAWING OR OTHERWISE, INTO BLOCKS OR SLABS OF A RECTANGULAR (INCLUDING SQUARE) SHAPE. TALC:---Crushed or powdered;;;;;;;KG;;_DAU17;20240101;99991231;0;0;;;;;;
AU;2526200007;20240101;99991231;EN;Salt. sulfur. earths and stone. plastering materials, lime and cement---NATURAL STEATITE, WHETHER OR NOT ROUGHLY TRIMMED OR MERELY CUT, BY SAWING OR OTHERWISE, INTO BLOCKS OR SLABS OF A RECTANGULAR (INCLUDING SQUARE) SHAPE. TALC:---Crushed or powdered;;;;;;;ES;Salt. sulfur. earths and stone. plastering materials, lime and cement---NATURAL STEATITE, WHETHER OR NOT ROUGHLY TRIMMED OR MERELY CUT, BY SAWING OR OTHERWISE, INTO BLOCKS OR SLABS OF A RECTANGULAR (INCLUDING SQUARE) SHAPE. TALC:---Crushed or powdered;;;;;;;KG;;_DAU2;20240101;99991231;0;0;;;;;;
AU;2526200007;20240101;99991231;EN;Salt. sulfur. earths and stone. plastering materials, lime and cement---NATURAL STEATITE, WHETHER OR NOT ROUGHLY TRIMMED OR MERELY CUT, BY SAWING OR OTHERWISE, INTO BLOCKS OR SLABS OF A RECTANGULAR (INCLUDING SQUARE) SHAPE. TALC:---Crushed or powdered;;;;;;;ES;Salt. sulfur. earths and stone. plastering materials, lime and cement---NATURAL STEATITE, WHETHER OR NOT ROUGHLY TRIMMED OR MERELY CUT, BY SAWING OR OTHERWISE, INTO BLOCKS OR SLABS OF A RECTANGULAR (INCLUDING SQUARE) SHAPE. TALC:---Crushed or powdered;;;;;;;KG;;_DAU30;20240101;99991231;0;0;;;;;;
AU;2528000010;20240101;99991231;EN;Salt. sulfur. earths and stone. plastering materials, lime and cement---Natural borates and concentrates thereof (whether or not calcined), but not including borates separated from natural brine. natural boric acid containing not more than 85 % of H3BO3 calculated on the dry weight.---NATURAL BORATES AND CONCENTRATES THEREOF (WHETHER OR NOT CALCINED), BUT NOT INCLUDING BORATES SEPARATED FROM NATURAL BRINE. NATURAL BORIC ACID CONTAINING NOT MORE THAN 85% OF H3BO3 CALCULATED ON THE DRY WEIGHT;;;;;;;ES;Salt. sulfur. earths and stone. plastering materials, lime and cement---Natural borates and concentrates thereof (whether or not calcined), but not including borates separated from natural brine. natural boric acid containing not more than 85 % of H3BO3 calculated on the dry weight.---NATURAL BORATES AND CONCENTRATES THEREOF (WHETHER OR NOT CALCINED), BUT NOT INCLUDING BORATES SEPARATED FROM NATURAL BRINE. NATURAL BORIC ACID CONTAINING NOT MORE THAN 85% OF H3BO3 CALCULATED ON THE DRY WEIGHT;;;;;;;KG;;_DAU1;20240101;99991231;0;0;;;;;;
AU;2528000010;20240101;99991231;EN;Salt. sulfur. earths and stone. plastering materials, lime and cement---Natural borates and concentrates thereof (whether or not calcined), but not including borates separated from natural brine. natural boric acid containing not more than 85 % of H3BO3 calculated on the dry weight.---NATURAL BORATES AND CONCENTRATES THEREOF (WHETHER OR NOT CALCINED), BUT NOT INCLUDING BORATES SEPARATED FROM NATURAL BRINE. NATURAL BORIC ACID CONTAINING NOT MORE THAN 85% OF H3BO3 CALCULATED ON THE DRY WEIGHT;;;;;;;ES;Salt. sulfur. earths and stone. plastering materials, lime and cement---Natural borates and concentrates thereof (whether or not calcined), but not including borates separated from natural brine. natural boric acid containing not more than 85 % of H3BO3 calculated on the dry weight.---NATURAL BORATES AND CONCENTRATES THEREOF (WHETHER OR NOT CALCINED), BUT NOT INCLUDING BORATES SEPARATED FROM NATURAL BRINE. NATURAL BORIC ACID CONTAINING NOT MORE THAN 85% OF H3BO3 CALCULATED ON THE DRY WEIGHT;;;;;;;KG;;_DAU13;20240101;99991231;0;0;;;;;;
AU;2528000010;20240101;99991231;EN;Salt. sulfur. earths and stone. plastering materials, lime and cement---Natural borates and concentrates thereof (whether or not calcined), but not including borates separated from natural brine. natural boric acid containing not more than 85 % of H3BO3 calculated on the dry weight.---NATURAL BORATES AND CONCENTRATES THEREOF (WHETHER OR NOT CALCINED), BUT NOT INCLUDING BORATES SEPARATED FROM NATURAL BRINE. NATURAL BORIC ACID CONTAINING NOT MORE THAN 85% OF H3BO3 CALCULATED ON THE DRY WEIGHT;;;;;;;ES;Salt. sulfur. earths and stone. plastering materials, lime and cement---Natural borates and concentrates thereof (whether or not calcined), but not including borates separated from natural brine. natural boric acid containing not more than 85 % of H3BO3 calculated on the dry weight.---NATURAL BORATES AND CONCENTRATES THEREOF (WHETHER OR NOT CALCINED), BUT NOT INCLUDING BORATES SEPARATED FROM NATURAL BRINE. NATURAL BORIC ACID CONTAINING NOT MORE THAN 85% OF H3BO3 CALCULATED ON THE DRY WEIGHT;;;;;;;KG;;_DAU17;20240101;99991231;0;0;;;;;;
AU;2528000010;20240101;99991231;EN;Salt. sulfur. earths and stone. plastering materials, lime and cement---Natural borates and concentrates thereof (whether or not calcined), but not including borates separated from natural brine. natural boric acid containing not more than 85 % of H3BO3 calculated on the dry weight.---NATURAL BORATES AND CONCENTRATES THEREOF (WHETHER OR NOT CALCINED), BUT NOT INCLUDING BORATES SEPARATED FROM NATURAL BRINE. NATURAL BORIC ACID CONTAINING NOT MORE THAN 85% OF H3BO3 CALCULATED ON THE DRY WEIGHT;;;;;;;ES;Salt. sulfur. earths and stone. plastering materials, lime and cement---Natural borates and concentrates thereof (whether or not calcined), but not including borates separated from natural brine. natural boric acid containing not more than 85 % of H3BO3 calculated on the dry weight.---NATURAL BORATES AND CONCENTRATES THEREOF (WHETHER OR NOT CALCINED), BUT NOT INCLUDING BORATES SEPARATED FROM NATURAL BRINE. NATURAL BORIC ACID CONTAINING NOT MORE THAN 85% OF H3BO3 CALCULATED ON THE DRY WEIGHT;;;;;;;KG;;_DAU2;20240101;99991231;0;0;;;;;;
AU;2528000010;20240101;99991231;EN;Salt. sulfur. earths and stone. plastering materials, lime and cement---Natural borates and concentrates thereof (whether or not calcined), but not including borates separated from natural brine. natural boric acid containing not more than 85 % of H3BO3 calculated on the dry weight.---NATURAL BORATES AND CONCENTRATES THEREOF (WHETHER OR NOT CALCINED), BUT NOT INCLUDING BORATES SEPARATED FROM NATURAL BRINE. NATURAL BORIC ACID CONTAINING NOT MORE THAN 85% OF H3BO3 CALCULATED ON THE DRY WEIGHT;;;;;;;ES;Salt. sulfur. earths and stone. plastering materials, lime and cement---Natural borates and concentrates thereof (whether or not calcined), but not including borates separated from natural brine. natural boric acid containing not more than 85 % of H3BO3 calculated on the dry weight.---NATURAL BORATES AND CONCENTRATES THEREOF (WHETHER OR NOT CALCINED), BUT NOT INCLUDING BORATES SEPARATED FROM NATURAL BRINE. NATURAL BORIC ACID CONTAINING NOT MORE THAN 85% OF H3BO3 CALCULATED ON THE DRY WEIGHT;;;;;;;KG;;_DAU30;20240101;99991231;0;0;;;;;;
AU;2529100011;20240101;99991231;EN;Salt. sulfur. earths and stone. plastering materials, lime and cement---FELDSPAR. LEUCITE. NEPHELINE AND NEPHELINE SYENITE. FLUORSPAR:---Feldspar;;;;;;;ES;Salt. sulfur. earths and stone. plastering materials, lime and cement---FELDSPAR. LEUCITE. NEPHELINE AND NEPHELINE SYENITE. FLUORSPAR:---Feldspar;;;;;;;TNE;;_DAU1;20240101;99991231;0;0;;;;;;
AU;2529100011;20240101;99991231;EN;Salt. sulfur. earths and stone. plastering materials, lime and cement---FELDSPAR. LEUCITE. NEPHELINE AND NEPHELINE SYENITE. FLUORSPAR:---Feldspar;;;;;;;ES;Salt. sulfur. earths and stone. plastering materials, lime and cement---FELDSPAR. LEUCITE. NEPHELINE AND NEPHELINE SYENITE. FLUORSPAR:---Feldspar;;;;;;;TNE;;_DAU13;20240101;99991231;0;0;;;;;;
AU;2529100011;20240101;99991231;EN;Salt. sulfur. earths and stone. plastering materials, lime and cement---FELDSPAR. LEUCITE. NEPHELINE AND NEPHELINE SYENITE. FLUORSPAR:---Feldspar;;;;;;;ES;Salt. sulfur. earths and stone. plastering materials, lime and cement---FELDSPAR. LEUCITE. NEPHELINE AND NEPHELINE SYENITE. FLUORSPAR:---Feldspar;;;;;;;TNE;;_DAU17;20240101;99991231;0;0;;;;;;
AU;2529100011;20240101;99991231;EN;Salt. sulfur. earths and stone. plastering materials, lime and cement---FELDSPAR. LEUCITE. NEPHELINE AND NEPHELINE SYENITE. FLUORSPAR:---Feldspar;;;;;;;ES;Salt. sulfur. earths and stone. plastering materials, lime and cement---FELDSPAR. LEUCITE. NEPHELINE AND NEPHELINE SYENITE. FLUORSPAR:---Feldspar;;;;;;;TNE;;_DAU2;20240101;99991231;0;0;;;;;;
AU;2529100011;20240101;99991231;EN;Salt. sulfur. earths and stone. plastering materials, lime and cement---FELDSPAR. LEUCITE. NEPHELINE AND NEPHELINE SYENITE. FLUORSPAR:---Feldspar;;;;;;;ES;Salt. sulfur. earths and stone. plastering materials, lime and cement---FELDSPAR. LEUCITE. NEPHELINE AND NEPHELINE SYENITE. FLUORSPAR:---Feldspar;;;;;;;TNE;;_DAU30;20240101;99991231;0;0;;;;;;
AU;2529210012;20240101;99991231;EN;Salt. sulfur. earths and stone. plastering materials, lime and cement---FELDSPAR. LEUCITE. NEPHELINE AND NEPHELINE SYENITE. FLUORSPAR:---Fluorspar:---Containing by weight 97% or less of calcium fluoride;;;;;;;ES;Salt. sulfur. earths and stone. plastering materials, lime and cement---FELDSPAR. LEUCITE. NEPHELINE AND NEPHELINE SYENITE. FLUORSPAR:---Fluorspar:---Containing by weight 97% or less of calcium fluoride;;;;;;;TNE;;_DAU1;20240101;99991231;0;0;;;;;;
AU;2529210012;20240101;99991231;EN;Salt. sulfur. earths and stone. plastering materials, lime and cement---FELDSPAR. LEUCITE. NEPHELINE AND NEPHELINE SYENITE. FLUORSPAR:---Fluorspar:---Containing by weight 97% or less of calcium fluoride;;;;;;;ES;Salt. sulfur. earths and stone. plastering materials, lime and cement---FELDSPAR. LEUCITE. NEPHELINE AND NEPHELINE SYENITE. FLUORSPAR:---Fluorspar:---Containing by weight 97% or less of calcium fluoride;;;;;;;TNE;;_DAU13;20240101;99991231;0;0;;;;;;
AU;2529210012;20240101;99991231;EN;Salt. sulfur. earths and stone. plastering materials, lime and cement---FELDSPAR. LEUCITE. NEPHELINE AND NEPHELINE SYENITE. FLUORSPAR:---Fluorspar:---Containing by weight 97% or less of calcium fluoride;;;;;;;ES;Salt. sulfur. earths and stone. plastering materials, lime and cement---FELDSPAR. LEUCITE. NEPHELINE AND NEPHELINE SYENITE. FLUORSPAR:---Fluorspar:---Containing by weight 97% or less of calcium fluoride;;;;;;;TNE;;_DAU17;20240101;99991231;0;0;;;;;;
AU;2529210012;20240101;99991231;EN;Salt. sulfur. earths and stone. plastering materials, lime and cement---FELDSPAR. LEUCITE. NEPHELINE AND NEPHELINE SYENITE. FLUORSPAR:---Fluorspar:---Containing by weight 97% or less of calcium fluoride;;;;;;;ES;Salt. sulfur. earths and stone. plastering materials, lime and cement---FELDSPAR. LEUCITE. NEPHELINE AND NEPHELINE SYENITE. FLUORSPAR:---Fluorspar:---Containing by weight 97% or less of calcium fluoride;;;;;;;TNE;;_DAU2;20240101;99991231;0;0;;;;;;
AU;2529210012;20240101;99991231;EN;Salt. sulfur. earths and stone. plastering materials, lime and cement---FELDSPAR. LEUCITE. NEPHELINE AND NEPHELINE SYENITE. FLUORSPAR:---Fluorspar:---Containing by weight 97% or less of calcium fluoride;;;;;;;ES;Salt. sulfur. earths and stone. plastering materials, lime and cement---FELDSPAR. LEUCITE. NEPHELINE AND NEPHELINE SYENITE. FLUORSPAR:---Fluorspar:---Containing by weight 97% or less of calcium fluoride;;;;;;;TNE;;_DAU30;20240101;99991231;0;0;;;;;;
AU;2529220013;20240101;99991231;EN;Salt. sulfur. earths and stone. plastering materials, lime and cement---FELDSPAR. LEUCITE. NEPHELINE AND NEPHELINE SYENITE. FLUORSPAR:---Fluorspar:---Containing by weight more than 97% of calcium fluoride;;;;;;;ES;Salt. sulfur. earths and stone. plastering materials, lime and cement---FELDSPAR. LEUCITE. NEPHELINE AND NEPHELINE SYENITE. FLUORSPAR:---Fluorspar:---Containing by weight more than 97% of calcium fluoride;;;;;;;TNE;;_DAU1;20240101;99991231;0;0;;;;;;
AU;2529220013;20240101;99991231;EN;Salt. sulfur. earths and stone. plastering materials, lime and cement---FELDSPAR. LEUCITE. NEPHELINE AND NEPHELINE SYENITE. FLUORSPAR:---Fluorspar:---Containing by weight more than 97% of calcium fluoride;;;;;;;ES;Salt. sulfur. earths and stone. plastering materials, lime and cement---FELDSPAR. LEUCITE. NEPHELINE AND NEPHELINE SYENITE. FLUORSPAR:---Fluorspar:---Containing by weight more than 97% of calcium fluoride;;;;;;;TNE;;_DAU13;20240101;99991231;0;0;;;;;;
AU;2529220013;20240101;99991231;EN;Salt. sulfur. earths and stone. plastering materials, lime and cement---FELDSPAR. LEUCITE. NEPHELINE AND NEPHELINE SYENITE. FLUORSPAR:---Fluorspar:---Containing by weight more than 97% of calcium fluoride;;;;;;;ES;Salt. sulfur. earths and stone. plastering materials, lime and cement---FELDSPAR. LEUCITE. NEPHELINE AND NEPHELINE SYENITE. FLUORSPAR:---Fluorspar:---Containing by weight more than 97% of calcium fluoride;;;;;;;TNE;;_DAU17;20240101;99991231;0;0;;;;;;
AU;2529220013;20240101;99991231;EN;Salt. sulfur. earths and stone. plastering materials, lime and cement---FELDSPAR. LEUCITE. NEPHELINE AND NEPHELINE SYENITE. FLUORSPAR:---Fluorspar:---Containing by weight more than 97% of calcium fluoride;;;;;;;ES;Salt. sulfur. earths and stone. plastering materials, lime and cement---FELDSPAR. LEUCITE. NEPHELINE AND NEPHELINE SYENITE. FLUORSPAR:---Fluorspar:---Containing by weight more than 97% of calcium fluoride;;;;;;;TNE;;_DAU2;20240101;99991231;0;0;;;;;;
AU;2529220013;20240101;99991231;EN;Salt. sulfur. earths and stone. plastering materials, lime and cement---FELDSPAR. LEUCITE. NEPHELINE AND NEPHELINE SYENITE. FLUORSPAR:---Fluorspar:---Containing by weight more than 97% of calcium fluoride;;;;;;;ES;Salt. sulfur. earths and stone. plastering materials, lime and cement---FELDSPAR. LEUCITE. NEPHELINE AND NEPHELINE SYENITE. FLUORSPAR:---Fluorspar:---Containing by weight more than 97% of calcium fluoride;;;;;;;TNE;;_DAU30;20240101;99991231;0;0;;;;;;
AU;2529300014;20240101;99991231;EN;Salt. sulfur. earths and stone. plastering materials, lime and cement---FELDSPAR. LEUCITE. NEPHELINE AND NEPHELINE SYENITE. FLUORSPAR:---Leucite. nepheline and nepheline syenite;;;;;;;ES;Salt. sulfur. earths and stone. plastering materials, lime and cement---FELDSPAR. LEUCITE. NEPHELINE AND NEPHELINE SYENITE. FLUORSPAR:---Leucite. nepheline and nepheline syenite;;;;;;;TNE;;_DAU1;20240101;99991231;0;0;;;;;;
AU;2529300014;20240101;99991231;EN;Salt. sulfur. earths and stone. plastering materials, lime and cement---FELDSPAR. LEUCITE. NEPHELINE AND NEPHELINE SYENITE. FLUORSPAR:---Leucite. nepheline and nepheline syenite;;;;;;;ES;Salt. sulfur. earths and stone. plastering materials, lime and cement---FELDSPAR. LEUCITE. NEPHELINE AND NEPHELINE SYENITE. FLUORSPAR:---Leucite. nepheline and nepheline syenite;;;;;;;TNE;;_DAU13;20240101;99991231;0;0;;;;;;
AU;2529300014;20240101;99991231;EN;Salt. sulfur. earths and stone. plastering materials, lime and cement---FELDSPAR. LEUCITE. NEPHELINE AND NEPHELINE SYENITE. FLUORSPAR:---Leucite. nepheline and nepheline syenite;;;;;;;ES;Salt. sulfur. earths and stone. plastering materials, lime and cement---FELDSPAR. LEUCITE. NEPHELINE AND NEPHELINE SYENITE. FLUORSPAR:---Leucite. nepheline and nepheline syenite;;;;;;;TNE;;_DAU17;20240101;99991231;0;0;;;;;;
AU;2529300014;20240101;99991231;EN;Salt. sulfur. earths and stone. plastering materials, lime and cement---FELDSPAR. LEUCITE. NEPHELINE AND NEPHELINE SYENITE. FLUORSPAR:---Leucite. nepheline and nepheline syenite;;;;;;;ES;Salt. sulfur. earths and stone. plastering materials, lime and cement---FELDSPAR. LEUCITE. NEPHELINE AND NEPHELINE SYENITE. FLUORSPAR:---Leucite. nepheline and nepheline syenite;;;;;;;TNE;;_DAU2;20240101;99991231;0;0;;;;;;
AU;2529300014;20240101;99991231;EN;Salt. sulfur. earths and stone. plastering materials, lime and cement---FELDSPAR. LEUCITE. NEPHELINE AND NEPHELINE SYENITE. FLUORSPAR:---Leucite. nepheline and nepheline syenite;;;;;;;ES;Salt. sulfur. earths and stone. plastering materials, lime and cement---FELDSPAR. LEUCITE. NEPHELINE AND NEPHELINE SYENITE. FLUORSPAR:---Leucite. nepheline and nepheline syenite;;;;;;;TNE;;_DAU30;20240101;99991231;0;0;;;;;;
AU;2530100015;20240101;99991231;EN;Salt. sulfur. earths and stone. plastering materials, lime and cement---MINERAL SUBSTANCES NOT ELSEWHERE SPECIFIED OR INCLUDED:---Vermiculite, perlite and chlorites, unexpanded;;;;;;;ES;Salt. sulfur. earths and stone. plastering materials, lime and cement---MINERAL SUBSTANCES NOT ELSEWHERE SPECIFIED OR INCLUDED:---Vermiculite, perlite and chlorites, unexpanded;;;;;;;KG;;_DAU1;20240101;99991231;0;0;;;;;;
AU;2530100015;20240101;99991231;EN;Salt. sulfur. earths and stone. plastering materials, lime and cement---MINERAL SUBSTANCES NOT ELSEWHERE SPECIFIED OR INCLUDED:---Vermiculite, perlite and chlorites, unexpanded;;;;;;;ES;Salt. sulfur. earths and stone. plastering materials, lime and cement---MINERAL SUBSTANCES NOT ELSEWHERE SPECIFIED OR INCLUDED:---Vermiculite, perlite and chlorites, unexpanded;;;;;;;KG;;_DAU13;20240101;99991231;0;0;;;;;;
AU;2530100015;20240101;99991231;EN;Salt. sulfur. earths and stone. plastering materials, lime and cement---MINERAL SUBSTANCES NOT ELSEWHERE SPECIFIED OR INCLUDED:---Vermiculite, perlite and chlorites, unexpanded;;;;;;;ES;Salt. sulfur. earths and stone. plastering materials, lime and cement---MINERAL SUBSTANCES NOT ELSEWHERE SPECIFIED OR INCLUDED:---Vermiculite, perlite and chlorites, unexpanded;;;;;;;KG;;_DAU17;20240101;99991231;0;0;;;;;;
AU;2530100015;20240101;99991231;EN;Salt. sulfur. earths and stone. plastering materials, lime and cement---MINERAL SUBSTANCES NOT ELSEWHERE SPECIFIED OR INCLUDED:---Vermiculite, perlite and chlorites, unexpanded;;;;;;;ES;Salt. sulfur. earths and stone. plastering materials, lime and cement---MINERAL SUBSTANCES NOT ELSEWHERE SPECIFIED OR INCLUDED:---Vermiculite, perlite and chlorites, unexpanded;;;;;;;KG;;_DAU2;20240101;99991231;0;0;;;;;;
AU;2530100015;20240101;99991231;EN;Salt. sulfur. earths and stone. plastering materials, lime and cement---MINERAL SUBSTANCES NOT ELSEWHERE SPECIFIED OR INCLUDED:---Vermiculite, perlite and chlorites, unexpanded;;;;;;;ES;Salt. sulfur. earths and stone. plastering materials, lime and cement---MINERAL SUBSTANCES NOT ELSEWHERE SPECIFIED OR INCLUDED:---Vermiculite, perlite and chlorites, unexpanded;;;;;;;KG;;_DAU30;20240101;99991231;0;0;;;;;;
AU;2530200016;20240101;99991231;EN;Salt. sulfur. earths and stone. plastering materials, lime and cement---MINERAL SUBSTANCES NOT ELSEWHERE SPECIFIED OR INCLUDED:---Kieserite, epsomite (natural magnesium sulphates);;;;;;;ES;Salt. sulfur. earths and stone. plastering materials, lime and cement---MINERAL SUBSTANCES NOT ELSEWHERE SPECIFIED OR INCLUDED:---Kieserite, epsomite (natural magnesium sulphates);;;;;;;KG;;_DAU1;20240101;99991231;0;0;;;;;;
AU;2530200016;20240101;99991231;EN;Salt. sulfur. earths and stone. plastering materials, lime and cement---MINERAL SUBSTANCES NOT ELSEWHERE SPECIFIED OR INCLUDED:---Kieserite, epsomite (natural magnesium sulphates);;;;;;;ES;Salt. sulfur. earths and stone. plastering materials, lime and cement---MINERAL SUBSTANCES NOT ELSEWHERE SPECIFIED OR INCLUDED:---Kieserite, epsomite (natural magnesium sulphates);;;;;;;KG;;_DAU13;20240101;99991231;0;0;;;;;;
AU;2530200016;20240101;99991231;EN;Salt. sulfur. earths and stone. plastering materials, lime and cement---MINERAL SUBSTANCES NOT ELSEWHERE SPECIFIED OR INCLUDED:---Kieserite, epsomite (natural magnesium sulphates);;;;;;;ES;Salt. sulfur. earths and stone. plastering materials, lime and cement---MINERAL SUBSTANCES NOT ELSEWHERE SPECIFIED OR INCLUDED:---Kieserite, epsomite (natural magnesium sulphates);;;;;;;KG;;_DAU17;20240101;99991231;0;0;;;;;;
AU;2530200016;20240101;99991231;EN;Salt. sulfur. earths and stone. plastering materials, lime and cement---MINERAL SUBSTANCES NOT ELSEWHERE SPECIFIED OR INCLUDED:---Kieserite, epsomite (natural magnesium sulphates);;;;;;;ES;Salt. sulfur. earths and stone. plastering materials, lime and cement---MINERAL SUBSTANCES NOT ELSEWHERE SPECIFIED OR INCLUDED:---Kieserite, epsomite (natural magnesium sulphates);;;;;;;KG;;_DAU2;20240101;99991231;0;0;;;;;;
AU;2530200016;20240101;99991231;EN;Salt. sulfur. earths and stone. plastering materials, lime and cement---MINERAL SUBSTANCES NOT ELSEWHERE SPECIFIED OR INCLUDED:---Kieserite, epsomite (natural magnesium sulphates);;;;;;;ES;Salt. sulfur. earths and stone. plastering materials, lime and cement---MINERAL SUBSTANCES NOT ELSEWHERE SPECIFIED OR INCLUDED:---Kieserite, epsomite (natural magnesium sulphates);;;;;;;KG;;_DAU30;20240101;99991231;0;0;;;;;;
AU;2530900040;20240101;99991231;EN;Salt. sulfur. earths and stone. plastering materials, lime and cement---MINERAL SUBSTANCES NOT ELSEWHERE SPECIFIED OR INCLUDED:---Other;;;;;;;ES;Salt. sulfur. earths and stone. plastering materials, lime and cement---MINERAL SUBSTANCES NOT ELSEWHERE SPECIFIED OR INCLUDED:---Other;;;;;;;KG;;_DAU1;20240101;99991231;0;0;;;;;;
AU;2530900040;20240101;99991231;EN;Salt. sulfur. earths and stone. plastering materials, lime and cement---MINERAL SUBSTANCES NOT ELSEWHERE SPECIFIED OR INCLUDED:---Other;;;;;;;ES;Salt. sulfur. earths and stone. plastering materials, lime and cement---MINERAL SUBSTANCES NOT ELSEWHERE SPECIFIED OR INCLUDED:---Other;;;;;;;KG;;_DAU13;20240101;99991231;0;0;;;;;;
AU;2530900040;20240101;99991231;EN;Salt. sulfur. earths and stone. plastering materials, lime and cement---MINERAL SUBSTANCES NOT ELSEWHERE SPECIFIED OR INCLUDED:---Other;;;;;;;ES;Salt. sulfur. earths and stone. plastering materials, lime and cement---MINERAL SUBSTANCES NOT ELSEWHERE SPECIFIED OR INCLUDED:---Other;;;;;;;KG;;_DAU17;20240101;99991231;0;0;;;;;;
AU;2530900040;20240101;99991231;EN;Salt. sulfur. earths and stone. plastering materials, lime and cement---MINERAL SUBSTANCES NOT ELSEWHERE SPECIFIED OR INCLUDED:---Other;;;;;;;ES;Salt. sulfur. earths and stone. plastering materials, lime and cement---MINERAL SUBSTANCES NOT ELSEWHERE SPECIFIED OR INCLUDED:---Other;;;;;;;KG;;_DAU2;20240101;99991231;0;0;;;;;;
AU;2530900040;20240101;99991231;EN;Salt. sulfur. earths and stone. plastering materials, lime and cement---MINERAL SUBSTANCES NOT ELSEWHERE SPECIFIED OR INCLUDED:---Other;;;;;;;ES;Salt. sulfur. earths and stone. plastering materials, lime and cement---MINERAL SUBSTANCES NOT ELSEWHERE SPECIFIED OR INCLUDED:---Other;;;;;;;KG;;_DAU30;20240101;99991231;0;0;;;;;;
AU;2601110001;20240101;99991231;EN;Ores, slag and ash---IRON ORES AND CONCENTRATES, INCLUDING ROASTED IRON PYRITES:---Iron ores and concentrates, other than roasted iron pyrites:---Non-agglomerated;;;;;;;ES;Ores, slag and ash---IRON ORES AND CONCENTRATES, INCLUDING ROASTED IRON PYRITES:---Iron ores and concentrates, other than roasted iron pyrites:---Non-agglomerated;;;;;;;TNE;;_DAU1;20240101;99991231;0;0;;;;;;
AU;2601110001;20240101;99991231;EN;Ores, slag and ash---IRON ORES AND CONCENTRATES, INCLUDING ROASTED IRON PYRITES:---Iron ores and concentrates, other than roasted iron pyrites:---Non-agglomerated;;;;;;;ES;Ores, slag and ash---IRON ORES AND CONCENTRATES, INCLUDING ROASTED IRON PYRITES:---Iron ores and concentrates, other than roasted iron pyrites:---Non-agglomerated;;;;;;;TNE;;_DAU13;20240101;99991231;0;0;;;;;;
AU;2601110001;20240101;99991231;EN;Ores, slag and ash---IRON ORES AND CONCENTRATES, INCLUDING ROASTED IRON PYRITES:---Iron ores and concentrates, other than roasted iron pyrites:---Non-agglomerated;;;;;;;ES;Ores, slag and ash---IRON ORES AND CONCENTRATES, INCLUDING ROASTED IRON PYRITES:---Iron ores and concentrates, other than roasted iron pyrites:---Non-agglomerated;;;;;;;TNE;;_DAU17;20240101;99991231;0;0;;;;;;
AU;2601110001;20240101;99991231;EN;Ores, slag and ash---IRON ORES AND CONCENTRATES, INCLUDING ROASTED IRON PYRITES:---Iron ores and concentrates, other than roasted iron pyrites:---Non-agglomerated;;;;;;;ES;Ores, slag and ash---IRON ORES AND CONCENTRATES, INCLUDING ROASTED IRON PYRITES:---Iron ores and concentrates, other than roasted iron pyrites:---Non-agglomerated;;;;;;;TNE;;_DAU2;20240101;99991231;0;0;;;;;;
AU;2601110001;20240101;99991231;EN;Ores, slag and ash---IRON ORES AND CONCENTRATES, INCLUDING ROASTED IRON PYRITES:---Iron ores and concentrates, other than roasted iron pyrites:---Non-agglomerated;;;;;;;ES;Ores, slag and ash---IRON ORES AND CONCENTRATES, INCLUDING ROASTED IRON PYRITES:---Iron ores and concentrates, other than roasted iron pyrites:---Non-agglomerated;;;;;;;TNE;;_DAU30;20240101;99991231;0;0;;;;;;
AU;2601120002;20240101;99991231;EN;Ores, slag and ash---IRON ORES AND CONCENTRATES, INCLUDING ROASTED IRON PYRITES:---Iron ores and concentrates, other than roasted iron pyrites:---Agglomerated;;;;;;;ES;Ores, slag and ash---IRON ORES AND CONCENTRATES, INCLUDING ROASTED IRON PYRITES:---Iron ores and concentrates, other than roasted iron pyrites:---Agglomerated;;;;;;;TNE;;_DAU1;20240101;99991231;0;0;;;;;;
AU;2601120002;20240101;99991231;EN;Ores, slag and ash---IRON ORES AND CONCENTRATES, INCLUDING ROASTED IRON PYRITES:---Iron ores and concentrates, other than roasted iron pyrites:---Agglomerated;;;;;;;ES;Ores, slag and ash---IRON ORES AND CONCENTRATES, INCLUDING ROASTED IRON PYRITES:---Iron ores and concentrates, other than roasted iron pyrites:---Agglomerated;;;;;;;TNE;;_DAU13;20240101;99991231;0;0;;;;;;
AU;2601120002;20240101;99991231;EN;Ores, slag and ash---IRON ORES AND CONCENTRATES, INCLUDING ROASTED IRON PYRITES:---Iron ores and concentrates, other than roasted iron pyrites:---Agglomerated;;;;;;;ES;Ores, slag and ash---IRON ORES AND CONCENTRATES, INCLUDING ROASTED IRON PYRITES:---Iron ores and concentrates, other than roasted iron pyrites:---Agglomerated;;;;;;;TNE;;_DAU17;20240101;99991231;0;0;;;;;;
AU;2601120002;20240101;99991231;EN;Ores, slag and ash---IRON ORES AND CONCENTRATES, INCLUDING ROASTED IRON PYRITES:---Iron ores and concentrates, other than roasted iron pyrites:---Agglomerated;;;;;;;ES;Ores, slag and ash---IRON ORES AND CONCENTRATES, INCLUDING ROASTED IRON PYRITES:---Iron ores and concentrates, other than roasted iron pyrites:---Agglomerated;;;;;;;TNE;;_DAU2;20240101;99991231;0;0;;;;;;
AU;2601120002;20240101;99991231;EN;Ores, slag and ash---IRON ORES AND CONCENTRATES, INCLUDING ROASTED IRON PYRITES:---Iron ores and concentrates, other than roasted iron pyrites:---Agglomerated;;;;;;;ES;Ores, slag and ash---IRON ORES AND CONCENTRATES, INCLUDING ROASTED IRON PYRITES:---Iron ores and concentrates, other than roasted iron pyrites:---Agglomerated;;;;;;;TNE;;_DAU30;20240101;99991231;0;0;;;;;;
AU;2601200003;20240101;99991231;EN;Ores, slag and ash---IRON ORES AND CONCENTRATES, INCLUDING ROASTED IRON PYRITES:---Roasted iron pyrites;;;;;;;ES;Ores, slag and ash---IRON ORES AND CONCENTRATES, INCLUDING ROASTED IRON PYRITES:---Roasted iron pyrites;;;;;;;TNE;;_DAU1;20240101;99991231;0;0;;;;;;
AU;2601200003;20240101;99991231;EN;Ores, slag and ash---IRON ORES AND CONCENTRATES, INCLUDING ROASTED IRON PYRITES:---Roasted iron pyrites;;;;;;;ES;Ores, slag and ash---IRON ORES AND CONCENTRATES, INCLUDING ROASTED IRON PYRITES:---Roasted iron pyrites;;;;;;;TNE;;_DAU13;20240101;99991231;0;0;;;;;;
AU;2601200003;20240101;99991231;EN;Ores, slag and ash---IRON ORES AND CONCENTRATES, INCLUDING ROASTED IRON PYRITES:---Roasted iron pyrites;;;;;;;ES;Ores, slag and ash---IRON ORES AND CONCENTRATES, INCLUDING ROASTED IRON PYRITES:---Roasted iron pyrites;;;;;;;TNE;;_DAU17;20240101;99991231;0;0;;;;;;
AU;2601200003;20240101;99991231;EN;Ores, slag and ash---IRON ORES AND CONCENTRATES, INCLUDING ROASTED IRON PYRITES:---Roasted iron pyrites;;;;;;;ES;Ores, slag and ash---IRON ORES AND CONCENTRATES, INCLUDING ROASTED IRON PYRITES:---Roasted iron pyrites;;;;;;;TNE;;_DAU2;20240101;99991231;0;0;;;;;;
AU;2601200003;20240101;99991231;EN;Ores, slag and ash---IRON ORES AND CONCENTRATES, INCLUDING ROASTED IRON PYRITES:---Roasted iron pyrites;;;;;;;ES;Ores, slag and ash---IRON ORES AND CONCENTRATES, INCLUDING ROASTED IRON PYRITES:---Roasted iron pyrites;;;;;;;TNE;;_DAU30;20240101;99991231;0;0;;;;;;
AU;2602000036;20240101;99991231;EN;Ores, slag and ash---Manganese ores and concentrates, including ferruginous manganese ores and concentrates with a manganese content of 20 % or more, calculated on the dry weight.---MANGANESE ORES AND CONCENTRATES, INCLUDING FERRUGINOUS MANGANESE ORES AND CONCENTRATES WITH A MANGANESE CONTENT OF 20% OR MORE, CALCULATED ON THE DRY WEIGHT;;;;;;;ES;Ores, slag and ash---Manganese ores and concentrates, including ferruginous manganese ores and concentrates with a manganese content of 20 % or more, calculated on the dry weight.---MANGANESE ORES AND CONCENTRATES, INCLUDING FERRUGINOUS MANGANESE ORES AND CONCENTRATES WITH A MANGANESE CONTENT OF 20% OR MORE, CALCULATED ON THE DRY WEIGHT;;;;;;;KG;;_DAU1;20240101;99991231;0;0;;;;;;
AU;2602000036;20240101;99991231;EN;Ores, slag and ash---Manganese ores and concentrates, including ferruginous manganese ores and concentrates with a manganese content of 20 % or more, calculated on the dry weight.---MANGANESE ORES AND CONCENTRATES, INCLUDING FERRUGINOUS MANGANESE ORES AND CONCENTRATES WITH A MANGANESE CONTENT OF 20% OR MORE, CALCULATED ON THE DRY WEIGHT;;;;;;;ES;Ores, slag and ash---Manganese ores and concentrates, including ferruginous manganese ores and concentrates with a manganese content of 20 % or more, calculated on the dry weight.---MANGANESE ORES AND CONCENTRATES, INCLUDING FERRUGINOUS MANGANESE ORES AND CONCENTRATES WITH A MANGANESE CONTENT OF 20% OR MORE, CALCULATED ON THE DRY WEIGHT;;;;;;;KG;;_DAU13;20240101;99991231;0;0;;;;;;
AU;2602000036;20240101;99991231;EN;Ores, slag and ash---Manganese ores and concentrates, including ferruginous manganese ores and concentrates with a manganese content of 20 % or more, calculated on the dry weight.---MANGANESE ORES AND CONCENTRATES, INCLUDING FERRUGINOUS MANGANESE ORES AND CONCENTRATES WITH A MANGANESE CONTENT OF 20% OR MORE, CALCULATED ON THE DRY WEIGHT;;;;;;;ES;Ores, slag and ash---Manganese ores and concentrates, including ferruginous manganese ores and concentrates with a manganese content of 20 % or more, calculated on the dry weight.---MANGANESE ORES AND CONCENTRATES, INCLUDING FERRUGINOUS MANGANESE ORES AND CONCENTRATES WITH A MANGANESE CONTENT OF 20% OR MORE, CALCULATED ON THE DRY WEIGHT;;;;;;;KG;;_DAU17;20240101;99991231;0;0;;;;;;
AU;2602000036;20240101;99991231;EN;Ores, slag and ash---Manganese ores and concentrates, including ferruginous manganese ores and concentrates with a manganese content of 20 % or more, calculated on the dry weight.---MANGANESE ORES AND CONCENTRATES, INCLUDING FERRUGINOUS MANGANESE ORES AND CONCENTRATES WITH A MANGANESE CONTENT OF 20% OR MORE, CALCULATED ON THE DRY WEIGHT;;;;;;;ES;Ores, slag and ash---Manganese ores and concentrates, including ferruginous manganese ores and concentrates with a manganese content of 20 % or more, calculated on the dry weight.---MANGANESE ORES AND CONCENTRATES, INCLUDING FERRUGINOUS MANGANESE ORES AND CONCENTRATES WITH A MANGANESE CONTENT OF 20% OR MORE, CALCULATED ON THE DRY WEIGHT;;;;;;;KG;;_DAU2;20240101;99991231;0;0;;;;;;
AU;2602000036;20240101;99991231;EN;Ores, slag and ash---Manganese ores and concentrates, including ferruginous manganese ores and concentrates with a manganese content of 20 % or more, calculated on the dry weight.---MANGANESE ORES AND CONCENTRATES, INCLUDING FERRUGINOUS MANGANESE ORES AND CONCENTRATES WITH A MANGANESE CONTENT OF 20% OR MORE, CALCULATED ON THE DRY WEIGHT;;;;;;;ES;Ores, slag and ash---Manganese ores and concentrates, including ferruginous manganese ores and concentrates with a manganese content of 20 % or more, calculated on the dry weight.---MANGANESE ORES AND CONCENTRATES, INCLUDING FERRUGINOUS MANGANESE ORES AND CONCENTRATES WITH A MANGANESE CONTENT OF 20% OR MORE, CALCULATED ON THE DRY WEIGHT;;;;;;;KG;;_DAU30;20240101;99991231;0;0;;;;;;
AU;2603000006;20240101;99991231;EN;Ores, slag and ash---Copper ores and concentrates.---COPPER ORES AND CONCENTRATES;;;;;;;ES;Ores, slag and ash---Copper ores and concentrates.---COPPER ORES AND CONCENTRATES;;;;;;;KG;;_DAU1;20240101;99991231;0;0;;;;;;
AU;2603000006;20240101;99991231;EN;Ores, slag and ash---Copper ores and concentrates.---COPPER ORES AND CONCENTRATES;;;;;;;ES;Ores, slag and ash---Copper ores and concentrates.---COPPER ORES AND CONCENTRATES;;;;;;;KG;;_DAU13;20240101;99991231;0;0;;;;;;
AU;2603000006;20240101;99991231;EN;Ores, slag and ash---Copper ores and concentrates.---COPPER ORES AND CONCENTRATES;;;;;;;ES;Ores, slag and ash---Copper ores and concentrates.---COPPER ORES AND CONCENTRATES;;;;;;;KG;;_DAU17;20240101;99991231;0;0;;;;;;
AU;2603000006;20240101;99991231;EN;Ores, slag and ash---Copper ores and concentrates.---COPPER ORES AND CONCENTRATES;;;;;;;ES;Ores, slag and ash---Copper ores and concentrates.---COPPER ORES AND CONCENTRATES;;;;;;;KG;;_DAU2;20240101;99991231;0;0;;;;;;
AU;2603000006;20240101;99991231;EN;Ores, slag and ash---Copper ores and concentrates.---COPPER ORES AND CONCENTRATES;;;;;;;ES;Ores, slag and ash---Copper ores and concentrates.---COPPER ORES AND CONCENTRATES;;;;;;;KG;;_DAU30;20240101;99991231;0;0;;;;;;
AU;2604000007;20240101;99991231;EN;Ores, slag and ash---Nickel ores and concentrates.---NICKEL ORES AND CONCENTRATES;;;;;;;ES;Ores, slag and ash---Nickel ores and concentrates.---NICKEL ORES AND CONCENTRATES;;;;;;;KG;;_DAU1;20240101;99991231;0;0;;;;;;
AU;2604000007;20240101;99991231;EN;Ores, slag and ash---Nickel ores and concentrates.---NICKEL ORES AND CONCENTRATES;;;;;;;ES;Ores, slag and ash---Nickel ores and concentrates.---NICKEL ORES AND CONCENTRATES;;;;;;;KG;;_DAU13;20240101;99991231;0;0;;;;;;
AU;2604000007;20240101;99991231;EN;Ores, slag and ash---Nickel ores and concentrates.---NICKEL ORES AND CONCENTRATES;;;;;;;ES;Ores, slag and ash---Nickel ores and concentrates.---NICKEL ORES AND CONCENTRATES;;;;;;;KG;;_DAU17;20240101;99991231;0;0;;;;;;
AU;2604000007;20240101;99991231;EN;Ores, slag and ash---Nickel ores and concentrates.---NICKEL ORES AND CONCENTRATES;;;;;;;ES;Ores, slag and ash---Nickel ores and concentrates.---NICKEL ORES AND CONCENTRATES;;;;;;;KG;;_DAU2;20240101;99991231;0;0;;;;;;
AU;2604000007;20240101;99991231;EN;Ores, slag and ash---Nickel ores and concentrates.---NICKEL ORES AND CONCENTRATES;;;;;;;ES;Ores, slag and ash---Nickel ores and concentrates.---NICKEL ORES AND CONCENTRATES;;;;;;;KG;;_DAU30;20240101;99991231;0;0;;;;;;
AU;2605000008;20240101;99991231;EN;Ores, slag and ash---Cobalt ores and concentrates.---COBALT ORES AND CONCENTRATES;;;;;;;ES;Ores, slag and ash---Cobalt ores and concentrates.---COBALT ORES AND CONCENTRATES;;;;;;;KG;;_DAU1;20240101;99991231;0;0;;;;;;
AU;2605000008;20240101;99991231;EN;Ores, slag and ash---Cobalt ores and concentrates.---COBALT ORES AND CONCENTRATES;;;;;;;ES;Ores, slag and ash---Cobalt ores and concentrates.---COBALT ORES AND CONCENTRATES;;;;;;;KG;;_DAU13;20240101;99991231;0;0;;;;;;
AU;2605000008;20240101;99991231;EN;Ores, slag and ash---Cobalt ores and concentrates.---COBALT ORES AND CONCENTRATES;;;;;;;ES;Ores, slag and ash---Cobalt ores and concentrates.---COBALT ORES AND CONCENTRATES;;;;;;;KG;;_DAU17;20240101;99991231;0;0;;;;;;
AU;2605000008;20240101;99991231;EN;Ores, slag and ash---Cobalt ores and concentrates.---COBALT ORES AND CONCENTRATES;;;;;;;ES;Ores, slag and ash---Cobalt ores and concentrates.---COBALT ORES AND CONCENTRATES;;;;;;;KG;;_DAU2;20240101;99991231;0;0;;;;;;
AU;2605000008;20240101;99991231;EN;Ores, slag and ash---Cobalt ores and concentrates.---COBALT ORES AND CONCENTRATES;;;;;;;ES;Ores, slag and ash---Cobalt ores and concentrates.---COBALT ORES AND CONCENTRATES;;;;;;;KG;;_DAU30;20240101;99991231;0;0;;;;;;
AU;2606000009;20240101;99991231;EN;Ores, slag and ash---Aluminium ores and concentrates.---ALUMINIUM ORES AND CONCENTRATES;;;;;;;ES;Ores, slag and ash---Aluminium ores and concentrates.---ALUMINIUM ORES AND CONCENTRATES;;;;;;;KG;;_DAU1;20240101;99991231;0;0;;;;;;
AU;2606000009;20240101;99991231;EN;Ores, slag and ash---Aluminium ores and concentrates.---ALUMINIUM ORES AND CONCENTRATES;;;;;;;ES;Ores, slag and ash---Aluminium ores and concentrates.---ALUMINIUM ORES AND CONCENTRATES;;;;;;;KG;;_DAU13;20240101;99991231;0;0;;;;;;
AU;2606000009;20240101;99991231;EN;Ores, slag and ash---Aluminium ores and concentrates.---ALUMINIUM ORES AND CONCENTRATES;;;;;;;ES;Ores, slag and ash---Aluminium ores and concentrates.---ALUMINIUM ORES AND CONCENTRATES;;;;;;;KG;;_DAU17;20240101;99991231;0;0;;;;;;
AU;2606000009;20240101;99991231;EN;Ores, slag and ash---Aluminium ores and concentrates.---ALUMINIUM ORES AND CONCENTRATES;;;;;;;ES;Ores, slag and ash---Aluminium ores and concentrates.---ALUMINIUM ORES AND CONCENTRATES;;;;;;;KG;;_DAU2;20240101;99991231;0;0;;;;;;
AU;2606000009;20240101;99991231;EN;Ores, slag and ash---Aluminium ores and concentrates.---ALUMINIUM ORES AND CONCENTRATES;;;;;;;ES;Ores, slag and ash---Aluminium ores and concentrates.---ALUMINIUM ORES AND CONCENTRATES;;;;;;;KG;;_DAU30;20240101;99991231;0;0;;;;;;
AU;2607000010;20240101;99991231;EN;Ores, slag and ash---Lead ores and concentrates.---LEAD ORES AND CONCENTRATES;;;;;;;ES;Ores, slag and ash---Lead ores and concentrates.---LEAD ORES AND CONCENTRATES;;;;;;;KG;;_DAU1;20240101;99991231;0;0;;;;;;
AU;2607000010;20240101;99991231;EN;Ores, slag and ash---Lead ores and concentrates.---LEAD ORES AND CONCENTRATES;;;;;;;ES;Ores, slag and ash---Lead ores and concentrates.---LEAD ORES AND CONCENTRATES;;;;;;;KG;;_DAU13;20240101;99991231;0;0;;;;;;
AU;2607000010;20240101;99991231;EN;Ores, slag and ash---Lead ores and concentrates.---LEAD ORES AND CONCENTRATES;;;;;;;ES;Ores, slag and ash---Lead ores and concentrates.---LEAD ORES AND CONCENTRATES;;;;;;;KG;;_DAU17;20240101;99991231;0;0;;;;;;
AU;2607000010;20240101;99991231;EN;Ores, slag and ash---Lead ores and concentrates.---LEAD ORES AND CONCENTRATES;;;;;;;ES;Ores, slag and ash---Lead ores and concentrates.---LEAD ORES AND CONCENTRATES;;;;;;;KG;;_DAU2;20240101;99991231;0;0;;;;;;
AU;2607000010;20240101;99991231;EN;Ores, slag and ash---Lead ores and concentrates.---LEAD ORES AND CONCENTRATES;;;;;;;ES;Ores, slag and ash---Lead ores and concentrates.---LEAD ORES AND CONCENTRATES;;;;;;;KG;;_DAU30;20240101;99991231;0;0;;;;;;
AU;2608000011;20240101;99991231;EN;Ores, slag and ash---Zinc ores and concentrates.---ZINC ORES AND CONCENTRATES;;;;;;;ES;Ores, slag and ash---Zinc ores and concentrates.---ZINC ORES AND CONCENTRATES;;;;;;;KG;;_DAU1;20240101;99991231;0;0;;;;;;
AU;2608000011;20240101;99991231;EN;Ores, slag and ash---Zinc ores and concentrates.---ZINC ORES AND CONCENTRATES;;;;;;;ES;Ores, slag and ash---Zinc ores and concentrates.---ZINC ORES AND CONCENTRATES;;;;;;;KG;;_DAU13;20240101;99991231;0;0;;;;;;
AU;2608000011;20240101;99991231;EN;Ores, slag and ash---Zinc ores and concentrates.---ZINC ORES AND CONCENTRATES;;;;;;;ES;Ores, slag and ash---Zinc ores and concentrates.---ZINC ORES AND CONCENTRATES;;;;;;;KG;;_DAU17;20240101;99991231;0;0;;;;;;
AU;2608000011;20240101;99991231;EN;Ores, slag and ash---Zinc ores and concentrates.---ZINC ORES AND CONCENTRATES;;;;;;;ES;Ores, slag and ash---Zinc ores and concentrates.---ZINC ORES AND CONCENTRATES;;;;;;;KG;;_DAU2;20240101;99991231;0;0;;;;;;
AU;2608000011;20240101;99991231;EN;Ores, slag and ash---Zinc ores and concentrates.---ZINC ORES AND CONCENTRATES;;;;;;;ES;Ores, slag and ash---Zinc ores and concentrates.---ZINC ORES AND CONCENTRATES;;;;;;;KG;;_DAU30;20240101;99991231;0;0;;;;;;
AU;2609000012;20240101;99991231;EN;Ores, slag and ash---Tin ores and concentrates.---TIN ORES AND CONCENTRATES;;;;;;;ES;Ores, slag and ash---Tin ores and concentrates.---TIN ORES AND CONCENTRATES;;;;;;;KG;;_DAU1;20240101;99991231;0;0;;;;;;
AU;2609000012;20240101;99991231;EN;Ores, slag and ash---Tin ores and concentrates.---TIN ORES AND CONCENTRATES;;;;;;;ES;Ores, slag and ash---Tin ores and concentrates.---TIN ORES AND CONCENTRATES;;;;;;;KG;;_DAU13;20240101;99991231;0;0;;;;;;
AU;2609000012;20240101;99991231;EN;Ores, slag and ash---Tin ores and concentrates.---TIN ORES AND CONCENTRATES;;;;;;;ES;Ores, slag and ash---Tin ores and concentrates.---TIN ORES AND CONCENTRATES;;;;;;;KG;;_DAU17;20240101;99991231;0;0;;;;;;
AU;2609000012;20240101;99991231;EN;Ores, slag and ash---Tin ores and concentrates.---TIN ORES AND CONCENTRATES;;;;;;;ES;Ores, slag and ash---Tin ores and concentrates.---TIN ORES AND CONCENTRATES;;;;;;;KG;;_DAU2;20240101;99991231;0;0;;;;;;
AU;2609000012;20240101;99991231;EN;Ores, slag and ash---Tin ores and concentrates.---TIN ORES AND CONCENTRATES;;;;;;;ES;Ores, slag and ash---Tin ores and concentrates.---TIN ORES AND CONCENTRATES;;;;;;;KG;;_DAU30;20240101;99991231;0;0;;;;;;
AU;2610000013;20240101;99991231;EN;Ores, slag and ash---Chromium ores and concentrates.---CHROMIUM ORES AND CONCENTRATES;;;;;;;ES;Ores, slag and ash---Chromium ores and concentrates.---CHROMIUM ORES AND CONCENTRATES;;;;;;;KG;;_DAU1;20240101;99991231;0;0;;;;;;
AU;2610000013;20240101;99991231;EN;Ores, slag and ash---Chromium ores and concentrates.---CHROMIUM ORES AND CONCENTRATES;;;;;;;ES;Ores, slag and ash---Chromium ores and concentrates.---CHROMIUM ORES AND CONCENTRATES;;;;;;;KG;;_DAU13;20240101;99991231;0;0;;;;;;
AU;2610000013;20240101;99991231;EN;Ores, slag and ash---Chromium ores and concentrates.---CHROMIUM ORES AND CONCENTRATES;;;;;;;ES;Ores, slag and ash---Chromium ores and concentrates.---CHROMIUM ORES AND CONCENTRATES;;;;;;;KG;;_DAU17;20240101;99991231;0;0;;;;;;
AU;2610000013;20240101;99991231;EN;Ores, slag and ash---Chromium ores and concentrates.---CHROMIUM ORES AND CONCENTRATES;;;;;;;ES;Ores, slag and ash---Chromium ores and concentrates.---CHROMIUM ORES AND CONCENTRATES;;;;;;;KG;;_DAU2;20240101;99991231;0;0;;;;;;
AU;2610000013;20240101;99991231;EN;Ores, slag and ash---Chromium ores and concentrates.---CHROMIUM ORES AND CONCENTRATES;;;;;;;ES;Ores, slag and ash---Chromium ores and concentrates.---CHROMIUM ORES AND CONCENTRATES;;;;;;;KG;;_DAU30;20240101;99991231;0;0;;;;;;
AU;2611000014;20240101;99991231;EN;Ores, slag and ash---Tungsten ores and concentrates.---TUNGSTEN ORES AND CONCENTRATES;;;;;;;ES;Ores, slag and ash---Tungsten ores and concentrates.---TUNGSTEN ORES AND CONCENTRATES;;;;;;;KG;;_DAU1;20240101;99991231;0;0;;;;;;
AU;2611000014;20240101;99991231;EN;Ores, slag and ash---Tungsten ores and concentrates.---TUNGSTEN ORES AND CONCENTRATES;;;;;;;ES;Ores, slag and ash---Tungsten ores and concentrates.---TUNGSTEN ORES AND CONCENTRATES;;;;;;;KG;;_DAU13;20240101;99991231;0;0;;;;;;
AU;2611000014;20240101;99991231;EN;Ores, slag and ash---Tungsten ores and concentrates.---TUNGSTEN ORES AND CONCENTRATES;;;;;;;ES;Ores, slag and ash---Tungsten ores and concentrates.---TUNGSTEN ORES AND CONCENTRATES;;;;;;;KG;;_DAU17;20240101;99991231;0;0;;;;;;
AU;2611000014;20240101;99991231;EN;Ores, slag and ash---Tungsten ores and concentrates.---TUNGSTEN ORES AND CONCENTRATES;;;;;;;ES;Ores, slag and ash---Tungsten ores and concentrates.---TUNGSTEN ORES AND CONCENTRATES;;;;;;;KG;;_DAU2;20240101;99991231;0;0;;;;;;
AU;2611000014;20240101;99991231;EN;Ores, slag and ash---Tungsten ores and concentrates.---TUNGSTEN ORES AND CONCENTRATES;;;;;;;ES;Ores, slag and ash---Tungsten ores and concentrates.---TUNGSTEN ORES AND CONCENTRATES;;;;;;;KG;;_DAU30;20240101;99991231;0;0;;;;;;
AU;2612100015;20240101;99991231;EN;Ores, slag and ash---URANIUM OR THORIUM ORES AND CONCENTRATES:---Uranium ores and concentrates;;;;;;;ES;Ores, slag and ash---URANIUM OR THORIUM ORES AND CONCENTRATES:---Uranium ores and concentrates;;;;;;;KG;;_DAU1;20240101;99991231;0;0;;;;;;
AU;2612100015;20240101;99991231;EN;Ores, slag and ash---URANIUM OR THORIUM ORES AND CONCENTRATES:---Uranium ores and concentrates;;;;;;;ES;Ores, slag and ash---URANIUM OR THORIUM ORES AND CONCENTRATES:---Uranium ores and concentrates;;;;;;;KG;;_DAU13;20240101;99991231;0;0;;;;;;
AU;2612100015;20240101;99991231;EN;Ores, slag and ash---URANIUM OR THORIUM ORES AND CONCENTRATES:---Uranium ores and concentrates;;;;;;;ES;Ores, slag and ash---URANIUM OR THORIUM ORES AND CONCENTRATES:---Uranium ores and concentrates;;;;;;;KG;;_DAU17;20240101;99991231;0;0;;;;;;
AU;2612100015;20240101;99991231;EN;Ores, slag and ash---URANIUM OR THORIUM ORES AND CONCENTRATES:---Uranium ores and concentrates;;;;;;;ES;Ores, slag and ash---URANIUM OR THORIUM ORES AND CONCENTRATES:---Uranium ores and concentrates;;;;;;;KG;;_DAU2;20240101;99991231;0;0;;;;;;
AU;2612100015;20240101;99991231;EN;Ores, slag and ash---URANIUM OR THORIUM ORES AND CONCENTRATES:---Uranium ores and concentrates;;;;;;;ES;Ores, slag and ash---URANIUM OR THORIUM ORES AND CONCENTRATES:---Uranium ores and concentrates;;;;;;;KG;;_DAU30;20240101;99991231;0;0;;;;;;
AU;2612200016;20240101;99991231;EN;Ores, slag and ash---URANIUM OR THORIUM ORES AND CONCENTRATES:---Thorium ores and concentrates;;;;;;;ES;Ores, slag and ash---URANIUM OR THORIUM ORES AND CONCENTRATES:---Thorium ores and concentrates;;;;;;;KG;;_DAU1;20240101;99991231;0;0;;;;;;
AU;2612200016;20240101;99991231;EN;Ores, slag and ash---URANIUM OR THORIUM ORES AND CONCENTRATES:---Thorium ores and concentrates;;;;;;;ES;Ores, slag and ash---URANIUM OR THORIUM ORES AND CONCENTRATES:---Thorium ores and concentrates;;;;;;;KG;;_DAU13;20240101;99991231;0;0;;;;;;
AU;2612200016;20240101;99991231;EN;Ores, slag and ash---URANIUM OR THORIUM ORES AND CONCENTRATES:---Thorium ores and concentrates;;;;;;;ES;Ores, slag and ash---URANIUM OR THORIUM ORES AND CONCENTRATES:---Thorium ores and concentrates;;;;;;;KG;;_DAU17;20240101;99991231;0;0;;;;;;
AU;2612200016;20240101;99991231;EN;Ores, slag and ash---URANIUM OR THORIUM ORES AND CONCENTRATES:---Thorium ores and concentrates;;;;;;;ES;Ores, slag and ash---URANIUM OR THORIUM ORES AND CONCENTRATES:---Thorium ores and concentrates;;;;;;;KG;;_DAU2;20240101;99991231;0;0;;;;;;
AU;2612200016;20240101;99991231;EN;Ores, slag and ash---URANIUM OR THORIUM ORES AND CONCENTRATES:---Thorium ores and concentrates;;;;;;;ES;Ores, slag and ash---URANIUM OR THORIUM ORES AND CONCENTRATES:---Thorium ores and concentrates;;;;;;;KG;;_DAU30;20240101;99991231;0;0;;;;;;
AU;2613100017;20240101;99991231;EN;Ores, slag and ash---MOLYBDENUM ORES AND CONCENTRATES:---Roasted;;;;;;;ES;Ores, slag and ash---MOLYBDENUM ORES AND CONCENTRATES:---Roasted;;;;;;;KG;;_DAU1;20240101;99991231;0;0;;;;;;
AU;2613100017;20240101;99991231;EN;Ores, slag and ash---MOLYBDENUM ORES AND CONCENTRATES:---Roasted;;;;;;;ES;Ores, slag and ash---MOLYBDENUM ORES AND CONCENTRATES:---Roasted;;;;;;;KG;;_DAU13;20240101;99991231;0;0;;;;;;
AU;2613100017;20240101;99991231;EN;Ores, slag and ash---MOLYBDENUM ORES AND CONCENTRATES:---Roasted;;;;;;;ES;Ores, slag and ash---MOLYBDENUM ORES AND CONCENTRATES:---Roasted;;;;;;;KG;;_DAU17;20240101;99991231;0;0;;;;;;
AU;2613100017;20240101;99991231;EN;Ores, slag and ash---MOLYBDENUM ORES AND CONCENTRATES:---Roasted;;;;;;;ES;Ores, slag and ash---MOLYBDENUM ORES AND CONCENTRATES:---Roasted;;;;;;;KG;;_DAU2;20240101;99991231;0;0;;;;;;
AU;2613100017;20240101;99991231;EN;Ores, slag and ash---MOLYBDENUM ORES AND CONCENTRATES:---Roasted;;;;;;;ES;Ores, slag and ash---MOLYBDENUM ORES AND CONCENTRATES:---Roasted;;;;;;;KG;;_DAU30;20240101;99991231;0;0;;;;;;
AU;2613900018;20240101;99991231;EN;Ores, slag and ash---MOLYBDENUM ORES AND CONCENTRATES:---Other;;;;;;;ES;Ores, slag and ash---MOLYBDENUM ORES AND CONCENTRATES:---Other;;;;;;;KG;;_DAU1;20240101;99991231;0;0;;;;;;
AU;2613900018;20240101;99991231;EN;Ores, slag and ash---MOLYBDENUM ORES AND CONCENTRATES:---Other;;;;;;;ES;Ores, slag and ash---MOLYBDENUM ORES AND CONCENTRATES:---Other;;;;;;;KG;;_DAU13;20240101;99991231;0;0;;;;;;
AU;2613900018;20240101;99991231;EN;Ores, slag and ash---MOLYBDENUM ORES AND CONCENTRATES:---Other;;;;;;;ES;Ores, slag and ash---MOLYBDENUM ORES AND CONCENTRATES:---Other;;;;;;;KG;;_DAU17;20240101;99991231;0;0;;;;;;
AU;2613900018;20240101;99991231;EN;Ores, slag and ash---MOLYBDENUM ORES AND CONCENTRATES:---Other;;;;;;;ES;Ores, slag and ash---MOLYBDENUM ORES AND CONCENTRATES:---Other;;;;;;;KG;;_DAU2;20240101;99991231;0;0;;;;;;
AU;2613900018;20240101;99991231;EN;Ores, slag and ash---MOLYBDENUM ORES AND CONCENTRATES:---Other;;;;;;;ES;Ores, slag and ash---MOLYBDENUM ORES AND CONCENTRATES:---Other;;;;;;;KG;;_DAU30;20240101;99991231;0;0;;;;;;
AU;2614000019;20240101;99991231;EN;Ores, slag and ash---Titanium ores and concentrates.---TITANIUM ORES AND CONCENTRATES;;;;;;;ES;Ores, slag and ash---Titanium ores and concentrates.---TITANIUM ORES AND CONCENTRATES;;;;;;;KG;;_DAU1;20240101;99991231;0;0;;;;;;
AU;2614000019;20240101;99991231;EN;Ores, slag and ash---Titanium ores and concentrates.---TITANIUM ORES AND CONCENTRATES;;;;;;;ES;Ores, slag and ash---Titanium ores and concentrates.---TITANIUM ORES AND CONCENTRATES;;;;;;;KG;;_DAU13;20240101;99991231;0;0;;;;;;
AU;2614000019;20240101;99991231;EN;Ores, slag and ash---Titanium ores and concentrates.---TITANIUM ORES AND CONCENTRATES;;;;;;;ES;Ores, slag and ash---Titanium ores and concentrates.---TITANIUM ORES AND CONCENTRATES;;;;;;;KG;;_DAU17;20240101;99991231;0;0;;;;;;
AU;2614000019;20240101;99991231;EN;Ores, slag and ash---Titanium ores and concentrates.---TITANIUM ORES AND CONCENTRATES;;;;;;;ES;Ores, slag and ash---Titanium ores and concentrates.---TITANIUM ORES AND CONCENTRATES;;;;;;;KG;;_DAU2;20240101;99991231;0;0;;;;;;
AU;2614000019;20240101;99991231;EN;Ores, slag and ash---Titanium ores and concentrates.---TITANIUM ORES AND CONCENTRATES;;;;;;;ES;Ores, slag and ash---Titanium ores and concentrates.---TITANIUM ORES AND CONCENTRATES;;;;;;;KG;;_DAU30;20240101;99991231;0;0;;;;;;
AU;2615100020;20240101;99991231;EN;Ores, slag and ash---NIOBIUM, TANTALUM, VANADIUM OR ZIRCONIUM ORES AND CONCENTRATES:---Zirconium ores and concentrates;;;;;;;ES;Ores, slag and ash---NIOBIUM, TANTALUM, VANADIUM OR ZIRCONIUM ORES AND CONCENTRATES:---Zirconium ores and concentrates;;;;;;;KG;;_DAU1;20240101;99991231;0;0;;;;;;
AU;2615100020;20240101;99991231;EN;Ores, slag and ash---NIOBIUM, TANTALUM, VANADIUM OR ZIRCONIUM ORES AND CONCENTRATES:---Zirconium ores and concentrates;;;;;;;ES;Ores, slag and ash---NIOBIUM, TANTALUM, VANADIUM OR ZIRCONIUM ORES AND CONCENTRATES:---Zirconium ores and concentrates;;;;;;;KG;;_DAU13;20240101;99991231;0;0;;;;;;
AU;2615100020;20240101;99991231;EN;Ores, slag and ash---NIOBIUM, TANTALUM, VANADIUM OR ZIRCONIUM ORES AND CONCENTRATES:---Zirconium ores and concentrates;;;;;;;ES;Ores, slag and ash---NIOBIUM, TANTALUM, VANADIUM OR ZIRCONIUM ORES AND CONCENTRATES:---Zirconium ores and concentrates;;;;;;;KG;;_DAU17;20240101;99991231;0;0;;;;;;
AU;2615100020;20240101;99991231;EN;Ores, slag and ash---NIOBIUM, TANTALUM, VANADIUM OR ZIRCONIUM ORES AND CONCENTRATES:---Zirconium ores and concentrates;;;;;;;ES;Ores, slag and ash---NIOBIUM, TANTALUM, VANADIUM OR ZIRCONIUM ORES AND CONCENTRATES:---Zirconium ores and concentrates;;;;;;;KG;;_DAU2;20240101;99991231;0;0;;;;;;
AU;2615100020;20240101;99991231;EN;Ores, slag and ash---NIOBIUM, TANTALUM, VANADIUM OR ZIRCONIUM ORES AND CONCENTRATES:---Zirconium ores and concentrates;;;;;;;ES;Ores, slag and ash---NIOBIUM, TANTALUM, VANADIUM OR ZIRCONIUM ORES AND CONCENTRATES:---Zirconium ores and concentrates;;;;;;;KG;;_DAU30;20240101;99991231;0;0;;;;;;
AU;2615900021;20240101;99991231;EN;Ores, slag and ash---NIOBIUM, TANTALUM, VANADIUM OR ZIRCONIUM ORES AND CONCENTRATES:---Other;;;;;;;ES;Ores, slag and ash---NIOBIUM, TANTALUM, VANADIUM OR ZIRCONIUM ORES AND CONCENTRATES:---Other;;;;;;;KG;;_DAU1;20240101;99991231;0;0;;;;;;
AU;2615900021;20240101;99991231;EN;Ores, slag and ash---NIOBIUM, TANTALUM, VANADIUM OR ZIRCONIUM ORES AND CONCENTRATES:---Other;;;;;;;ES;Ores, slag and ash---NIOBIUM, TANTALUM, VANADIUM OR ZIRCONIUM ORES AND CONCENTRATES:---Other;;;;;;;KG;;_DAU13;20240101;99991231;0;0;;;;;;
AU;2615900021;20240101;99991231;EN;Ores, slag and ash---NIOBIUM, TANTALUM, VANADIUM OR ZIRCONIUM ORES AND CONCENTRATES:---Other;;;;;;;ES;Ores, slag and ash---NIOBIUM, TANTALUM, VANADIUM OR ZIRCONIUM ORES AND CONCENTRATES:---Other;;;;;;;KG;;_DAU17;20240101;99991231;0;0;;;;;;
AU;2615900021;20240101;99991231;EN;Ores, slag and ash---NIOBIUM, TANTALUM, VANADIUM OR ZIRCONIUM ORES AND CONCENTRATES:---Other;;;;;;;ES;Ores, slag and ash---NIOBIUM, TANTALUM, VANADIUM OR ZIRCONIUM ORES AND CONCENTRATES:---Other;;;;;;;KG;;_DAU2;20240101;99991231;0;0;;;;;;
AU;2615900021;20240101;99991231;EN;Ores, slag and ash---NIOBIUM, TANTALUM, VANADIUM OR ZIRCONIUM ORES AND CONCENTRATES:---Other;;;;;;;ES;Ores, slag and ash---NIOBIUM, TANTALUM, VANADIUM OR ZIRCONIUM ORES AND CONCENTRATES:---Other;;;;;;;KG;;_DAU30;20240101;99991231;0;0;;;;;;
AU;2616100022;20240101;99991231;EN;Ores, slag and ash---PRECIOUS METAL ORES AND CONCENTRATES:---Silver ores and concentrates;;;;;;;ES;Ores, slag and ash---PRECIOUS METAL ORES AND CONCENTRATES:---Silver ores and concentrates;;;;;;;KG;;_DAU1;20240101;99991231;0;0;;;;;;
AU;2616100022;20240101;99991231;EN;Ores, slag and ash---PRECIOUS METAL ORES AND CONCENTRATES:---Silver ores and concentrates;;;;;;;ES;Ores, slag and ash---PRECIOUS METAL ORES AND CONCENTRATES:---Silver ores and concentrates;;;;;;;KG;;_DAU13;20240101;99991231;0;0;;;;;;
AU;2616100022;20240101;99991231;EN;Ores, slag and ash---PRECIOUS METAL ORES AND CONCENTRATES:---Silver ores and concentrates;;;;;;;ES;Ores, slag and ash---PRECIOUS METAL ORES AND CONCENTRATES:---Silver ores and concentrates;;;;;;;KG;;_DAU17;20240101;99991231;0;0;;;;;;
AU;2616100022;20240101;99991231;EN;Ores, slag and ash---PRECIOUS METAL ORES AND CONCENTRATES:---Silver ores and concentrates;;;;;;;ES;Ores, slag and ash---PRECIOUS METAL ORES AND CONCENTRATES:---Silver ores and concentrates;;;;;;;KG;;_DAU2;20240101;99991231;0;0;;;;;;
AU;2616100022;20240101;99991231;EN;Ores, slag and ash---PRECIOUS METAL ORES AND CONCENTRATES:---Silver ores and concentrates;;;;;;;ES;Ores, slag and ash---PRECIOUS METAL ORES AND CONCENTRATES:---Silver ores and concentrates;;;;;;;KG;;_DAU30;20240101;99991231;0;0;;;;;;
AU;2616900023;20240101;99991231;EN;Ores, slag and ash---PRECIOUS METAL ORES AND CONCENTRATES:---Other;;;;;;;ES;Ores, slag and ash---PRECIOUS METAL ORES AND CONCENTRATES:---Other;;;;;;;KG;;_DAU1;20240101;99991231;0;0;;;;;;
AU;2616900023;20240101;99991231;EN;Ores, slag and ash---PRECIOUS METAL ORES AND CONCENTRATES:---Other;;;;;;;ES;Ores, slag and ash---PRECIOUS METAL ORES AND CONCENTRATES:---Other;;;;;;;KG;;_DAU13;20240101;99991231;0;0;;;;;;
AU;2616900023;20240101;99991231;EN;Ores, slag and ash---PRECIOUS METAL ORES AND CONCENTRATES:---Other;;;;;;;ES;Ores, slag and ash---PRECIOUS METAL ORES AND CONCENTRATES:---Other;;;;;;;KG;;_DAU17;20240101;99991231;0;0;;;;;;
AU;2616900023;20240101;99991231;EN;Ores, slag and ash---PRECIOUS METAL ORES AND CONCENTRATES:---Other;;;;;;;ES;Ores, slag and ash---PRECIOUS METAL ORES AND CONCENTRATES:---Other;;;;;;;KG;;_DAU2;20240101;99991231;0;0;;;;;;
AU;2616900023;20240101;99991231;EN;Ores, slag and ash---PRECIOUS METAL ORES AND CONCENTRATES:---Other;;;;;;;ES;Ores, slag and ash---PRECIOUS METAL ORES AND CONCENTRATES:---Other;;;;;;;KG;;_DAU30;20240101;99991231;0;0;;;;;;
AU;2617100024;20240101;99991231;EN;Ores, slag and ash---OTHER ORES AND CONCENTRATES:---Antimony ores and concentrates;;;;;;;ES;Ores, slag and ash---OTHER ORES AND CONCENTRATES:---Antimony ores and concentrates;;;;;;;KG;;_DAU1;20240101;99991231;0;0;;;;;;
AU;2617100024;20240101;99991231;EN;Ores, slag and ash---OTHER ORES AND CONCENTRATES:---Antimony ores and concentrates;;;;;;;ES;Ores, slag and ash---OTHER ORES AND CONCENTRATES:---Antimony ores and concentrates;;;;;;;KG;;_DAU13;20240101;99991231;0;0;;;;;;
AU;2617100024;20240101;99991231;EN;Ores, slag and ash---OTHER ORES AND CONCENTRATES:---Antimony ores and concentrates;;;;;;;ES;Ores, slag and ash---OTHER ORES AND CONCENTRATES:---Antimony ores and concentrates;;;;;;;KG;;_DAU17;20240101;99991231;0;0;;;;;;
AU;2617100024;20240101;99991231;EN;Ores, slag and ash---OTHER ORES AND CONCENTRATES:---Antimony ores and concentrates;;;;;;;ES;Ores, slag and ash---OTHER ORES AND CONCENTRATES:---Antimony ores and concentrates;;;;;;;KG;;_DAU2;20240101;99991231;0;0;;;;;;
AU;2617100024;20240101;99991231;EN;Ores, slag and ash---OTHER ORES AND CONCENTRATES:---Antimony ores and concentrates;;;;;;;ES;Ores, slag and ash---OTHER ORES AND CONCENTRATES:---Antimony ores and concentrates;;;;;;;KG;;_DAU30;20240101;99991231;0;0;;;;;;
AU;2617900025;20240101;99991231;EN;Ores, slag and ash---OTHER ORES AND CONCENTRATES:---Other;;;;;;;ES;Ores, slag and ash---OTHER ORES AND CONCENTRATES:---Other;;;;;;;KG;;_DAU1;20240101;99991231;0;0;;;;;;
AU;2617900025;20240101;99991231;EN;Ores, slag and ash---OTHER ORES AND CONCENTRATES:---Other;;;;;;;ES;Ores, slag and ash---OTHER ORES AND CONCENTRATES:---Other;;;;;;;KG;;_DAU13;20240101;99991231;0;0;;;;;;
AU;2617900025;20240101;99991231;EN;Ores, slag and ash---OTHER ORES AND CONCENTRATES:---Other;;;;;;;ES;Ores, slag and ash---OTHER ORES AND CONCENTRATES:---Other;;;;;;;KG;;_DAU17;20240101;99991231;0;0;;;;;;
AU;2617900025;20240101;99991231;EN;Ores, slag and ash---OTHER ORES AND CONCENTRATES:---Other;;;;;;;ES;Ores, slag and ash---OTHER ORES AND CONCENTRATES:---Other;;;;;;;KG;;_DAU2;20240101;99991231;0;0;;;;;;
AU;2617900025;20240101;99991231;EN;Ores, slag and ash---OTHER ORES AND CONCENTRATES:---Other;;;;;;;ES;Ores, slag and ash---OTHER ORES AND CONCENTRATES:---Other;;;;;;;KG;;_DAU30;20240101;99991231;0;0;;;;;;
AU;2618000026;20240101;99991231;EN;Ores, slag and ash---Granulated slag (slag sand) from the manufacture of iron or steel.---GRANULATED SLAG (SLAG SAND) FROM THE MANUFACTURE OF IRON OR STEEL;;;;;;;ES;Ores, slag and ash---Granulated slag (slag sand) from the manufacture of iron or steel.---GRANULATED SLAG (SLAG SAND) FROM THE MANUFACTURE OF IRON OR STEEL;;;;;;;KG;;_DAU1;20240101;99991231;0;0;;;;;;
AU;2618000026;20240101;99991231;EN;Ores, slag and ash---Granulated slag (slag sand) from the manufacture of iron or steel.---GRANULATED SLAG (SLAG SAND) FROM THE MANUFACTURE OF IRON OR STEEL;;;;;;;ES;Ores, slag and ash---Granulated slag (slag sand) from the manufacture of iron or steel.---GRANULATED SLAG (SLAG SAND) FROM THE MANUFACTURE OF IRON OR STEEL;;;;;;;KG;;_DAU13;20240101;99991231;0;0;;;;;;
AU;2618000026;20240101;99991231;EN;Ores, slag and ash---Granulated slag (slag sand) from the manufacture of iron or steel.---GRANULATED SLAG (SLAG SAND) FROM THE MANUFACTURE OF IRON OR STEEL;;;;;;;ES;Ores, slag and ash---Granulated slag (slag sand) from the manufacture of iron or steel.---GRANULATED SLAG (SLAG SAND) FROM THE MANUFACTURE OF IRON OR STEEL;;;;;;;KG;;_DAU17;20240101;99991231;0;0;;;;;;
AU;2618000026;20240101;99991231;EN;Ores, slag and ash---Granulated slag (slag sand) from the manufacture of iron or steel.---GRANULATED SLAG (SLAG SAND) FROM THE MANUFACTURE OF IRON OR STEEL;;;;;;;ES;Ores, slag and ash---Granulated slag (slag sand) from the manufacture of iron or steel.---GRANULATED SLAG (SLAG SAND) FROM THE MANUFACTURE OF IRON OR STEEL;;;;;;;KG;;_DAU2;20240101;99991231;0;0;;;;;;
AU;2618000026;20240101;99991231;EN;Ores, slag and ash---Granulated slag (slag sand) from the manufacture of iron or steel.---GRANULATED SLAG (SLAG SAND) FROM THE MANUFACTURE OF IRON OR STEEL;;;;;;;ES;Ores, slag and ash---Granulated slag (slag sand) from the manufacture of iron or steel.---GRANULATED SLAG (SLAG SAND) FROM THE MANUFACTURE OF IRON OR STEEL;;;;;;;KG;;_DAU30;20240101;99991231;0;0;;;;;;
AU;2619000027;20240101;99991231;EN;Ores, slag and ash---Slag, dross (other than granulated slag), scalings and other waste from the manufacture of iron or steel.---SLAG, DROSS (OTHER THAN GRANULATED SLAG), SCALINGS AND OTHER WASTE FROM THE MANUFACTURE OF IRON OR STEEL;;;;;;;ES;Ores, slag and ash---Slag, dross (other than granulated slag), scalings and other waste from the manufacture of iron or steel.---SLAG, DROSS (OTHER THAN GRANULATED SLAG), SCALINGS AND OTHER WASTE FROM THE MANUFACTURE OF IRON OR STEEL;;;;;;;KG;;_DAU1;20240101;99991231;0;0;;;;;;
AU;2619000027;20240101;99991231;EN;Ores, slag and ash---Slag, dross (other than granulated slag), scalings and other waste from the manufacture of iron or steel.---SLAG, DROSS (OTHER THAN GRANULATED SLAG), SCALINGS AND OTHER WASTE FROM THE MANUFACTURE OF IRON OR STEEL;;;;;;;ES;Ores, slag and ash---Slag, dross (other than granulated slag), scalings and other waste from the manufacture of iron or steel.---SLAG, DROSS (OTHER THAN GRANULATED SLAG), SCALINGS AND OTHER WASTE FROM THE MANUFACTURE OF IRON OR STEEL;;;;;;;KG;;_DAU13;20240101;99991231;0;0;;;;;;
AU;2619000027;20240101;99991231;EN;Ores, slag and ash---Slag, dross (other than granulated slag), scalings and other waste from the manufacture of iron or steel.---SLAG, DROSS (OTHER THAN GRANULATED SLAG), SCALINGS AND OTHER WASTE FROM THE MANUFACTURE OF IRON OR STEEL;;;;;;;ES;Ores, slag and ash---Slag, dross (other than granulated slag), scalings and other waste from the manufacture of iron or steel.---SLAG, DROSS (OTHER THAN GRANULATED SLAG), SCALINGS AND OTHER WASTE FROM THE MANUFACTURE OF IRON OR STEEL;;;;;;;KG;;_DAU17;20240101;99991231;0;0;;;;;;
AU;2619000027;20240101;99991231;EN;Ores, slag and ash---Slag, dross (other than granulated slag), scalings and other waste from the manufacture of iron or steel.---SLAG, DROSS (OTHER THAN GRANULATED SLAG), SCALINGS AND OTHER WASTE FROM THE MANUFACTURE OF IRON OR STEEL;;;;;;;ES;Ores, slag and ash---Slag, dross (other than granulated slag), scalings and other waste from the manufacture of iron or steel.---SLAG, DROSS (OTHER THAN GRANULATED SLAG), SCALINGS AND OTHER WASTE FROM THE MANUFACTURE OF IRON OR STEEL;;;;;;;KG;;_DAU2;20240101;99991231;0;0;;;;;;
AU;2619000027;20240101;99991231;EN;Ores, slag and ash---Slag, dross (other than granulated slag), scalings and other waste from the manufacture of iron or steel.---SLAG, DROSS (OTHER THAN GRANULATED SLAG), SCALINGS AND OTHER WASTE FROM THE MANUFACTURE OF IRON OR STEEL;;;;;;;ES;Ores, slag and ash---Slag, dross (other than granulated slag), scalings and other waste from the manufacture of iron or steel.---SLAG, DROSS (OTHER THAN GRANULATED SLAG), SCALINGS AND OTHER WASTE FROM THE MANUFACTURE OF IRON OR STEEL;;;;;;;KG;;_DAU30;20240101;99991231;0;0;;;;;;
AU;2620110028;20240101;99991231;EN;Ores, slag and ash---SLAG, ASH AND RESIDUES (OTHER THAN FROM THE MANUFACTURE OF IRON OR STEEL) CONTAINING METALS, ARSENIC OR THEIR COMPOUNDS:---Containing mainly zinc:---Hard zinc spelter;;;;;;;ES;Ores, slag and ash---SLAG, ASH AND RESIDUES (OTHER THAN FROM THE MANUFACTURE OF IRON OR STEEL) CONTAINING METALS, ARSENIC OR THEIR COMPOUNDS:---Containing mainly zinc:---Hard zinc spelter;;;;;;;KG;;_DAU1;20240101;99991231;0;0;;;;;;
AU;2620110028;20240101;99991231;EN;Ores, slag and ash---SLAG, ASH AND RESIDUES (OTHER THAN FROM THE MANUFACTURE OF IRON OR STEEL) CONTAINING METALS, ARSENIC OR THEIR COMPOUNDS:---Containing mainly zinc:---Hard zinc spelter;;;;;;;ES;Ores, slag and ash---SLAG, ASH AND RESIDUES (OTHER THAN FROM THE MANUFACTURE OF IRON OR STEEL) CONTAINING METALS, ARSENIC OR THEIR COMPOUNDS:---Containing mainly zinc:---Hard zinc spelter;;;;;;;KG;;_DAU13;20240101;99991231;0;0;;;;;;
AU;2620110028;20240101;99991231;EN;Ores, slag and ash---SLAG, ASH AND RESIDUES (OTHER THAN FROM THE MANUFACTURE OF IRON OR STEEL) CONTAINING METALS, ARSENIC OR THEIR COMPOUNDS:---Containing mainly zinc:---Hard zinc spelter;;;;;;;ES;Ores, slag and ash---SLAG, ASH AND RESIDUES (OTHER THAN FROM THE MANUFACTURE OF IRON OR STEEL) CONTAINING METALS, ARSENIC OR THEIR COMPOUNDS:---Containing mainly zinc:---Hard zinc spelter;;;;;;;KG;;_DAU17;20240101;99991231;0;0;;;;;;
AU;2620110028;20240101;99991231;EN;Ores, slag and ash---SLAG, ASH AND RESIDUES (OTHER THAN FROM THE MANUFACTURE OF IRON OR STEEL) CONTAINING METALS, ARSENIC OR THEIR COMPOUNDS:---Containing mainly zinc:---Hard zinc spelter;;;;;;;ES;Ores, slag and ash---SLAG, ASH AND RESIDUES (OTHER THAN FROM THE MANUFACTURE OF IRON OR STEEL) CONTAINING METALS, ARSENIC OR THEIR COMPOUNDS:---Containing mainly zinc:---Hard zinc spelter;;;;;;;KG;;_DAU2;20240101;99991231;0;0;;;;;;
AU;2620110028;20240101;99991231;EN;Ores, slag and ash---SLAG, ASH AND RESIDUES (OTHER THAN FROM THE MANUFACTURE OF IRON OR STEEL) CONTAINING METALS, ARSENIC OR THEIR COMPOUNDS:---Containing mainly zinc:---Hard zinc spelter;;;;;;;ES;Ores, slag and ash---SLAG, ASH AND RESIDUES (OTHER THAN FROM THE MANUFACTURE OF IRON OR STEEL) CONTAINING METALS, ARSENIC OR THEIR COMPOUNDS:---Containing mainly zinc:---Hard zinc spelter;;;;;;;KG;;_DAU30;20240101;99991231;0;0;;;;;;
AU;2620190029;20240101;99991231;EN;Ores, slag and ash---SLAG, ASH AND RESIDUES (OTHER THAN FROM THE MANUFACTURE OF IRON OR STEEL) CONTAINING METALS, ARSENIC OR THEIR COMPOUNDS:---Containing mainly zinc:---Other;;;;;;;ES;Ores, slag and ash---SLAG, ASH AND RESIDUES (OTHER THAN FROM THE MANUFACTURE OF IRON OR STEEL) CONTAINING METALS, ARSENIC OR THEIR COMPOUNDS:---Containing mainly zinc:---Other;;;;;;;KG;;_DAU1;20240101;99991231;0;0;;;;;;
AU;2620190029;20240101;99991231;EN;Ores, slag and ash---SLAG, ASH AND RESIDUES (OTHER THAN FROM THE MANUFACTURE OF IRON OR STEEL) CONTAINING METALS, ARSENIC OR THEIR COMPOUNDS:---Containing mainly zinc:---Other;;;;;;;ES;Ores, slag and ash---SLAG, ASH AND RESIDUES (OTHER THAN FROM THE MANUFACTURE OF IRON OR STEEL) CONTAINING METALS, ARSENIC OR THEIR COMPOUNDS:---Containing mainly zinc:---Other;;;;;;;KG;;_DAU13;20240101;99991231;0;0;;;;;;
AU;2620190029;20240101;99991231;EN;Ores, slag and ash---SLAG, ASH AND RESIDUES (OTHER THAN FROM THE MANUFACTURE OF IRON OR STEEL) CONTAINING METALS, ARSENIC OR THEIR COMPOUNDS:---Containing mainly zinc:---Other;;;;;;;ES;Ores, slag and ash---SLAG, ASH AND RESIDUES (OTHER THAN FROM THE MANUFACTURE OF IRON OR STEEL) CONTAINING METALS, ARSENIC OR THEIR COMPOUNDS:---Containing mainly zinc:---Other;;;;;;;KG;;_DAU17;20240101;99991231;0;0;;;;;;
AU;2620190029;20240101;99991231;EN;Ores, slag and ash---SLAG, ASH AND RESIDUES (OTHER THAN FROM THE MANUFACTURE OF IRON OR STEEL) CONTAINING METALS, ARSENIC OR THEIR COMPOUNDS:---Containing mainly zinc:---Other;;;;;;;ES;Ores, slag and ash---SLAG, ASH AND RESIDUES (OTHER THAN FROM THE MANUFACTURE OF IRON OR STEEL) CONTAINING METALS, ARSENIC OR THEIR COMPOUNDS:---Containing mainly zinc:---Other;;;;;;;KG;;_DAU2;20240101;99991231;0;0;;;;;;
AU;2620190029;20240101;99991231;EN;Ores, slag and ash---SLAG, ASH AND RESIDUES (OTHER THAN FROM THE MANUFACTURE OF IRON OR STEEL) CONTAINING METALS, ARSENIC OR THEIR COMPOUNDS:---Containing mainly zinc:---Other;;;;;;;ES;Ores, slag and ash---SLAG, ASH AND RESIDUES (OTHER THAN FROM THE MANUFACTURE OF IRON OR STEEL) CONTAINING METALS, ARSENIC OR THEIR COMPOUNDS:---Containing mainly zinc:---Other;;;;;;;KG;;_DAU30;20240101;99991231;0;0;;;;;;
AU;2620210050;20240101;99991231;EN;Ores, slag and ash---SLAG, ASH AND RESIDUES (OTHER THAN FROM THE MANUFACTURE OF IRON OR STEEL) CONTAINING METALS, ARSENIC OR THEIR COMPOUNDS:---Containing mainly lead:---Leaded gasoline sludges and leaded anti-knock compound sludges;;;;;;;ES;Ores, slag and ash---SLAG, ASH AND RESIDUES (OTHER THAN FROM THE MANUFACTURE OF IRON OR STEEL) CONTAINING METALS, ARSENIC OR THEIR COMPOUNDS:---Containing mainly lead:---Leaded gasoline sludges and leaded anti-knock compound sludges;;;;;;;KG;;_DAU1;20240101;99991231;0;0;;;;;;
AU;2620210050;20240101;99991231;EN;Ores, slag and ash---SLAG, ASH AND RESIDUES (OTHER THAN FROM THE MANUFACTURE OF IRON OR STEEL) CONTAINING METALS, ARSENIC OR THEIR COMPOUNDS:---Containing mainly lead:---Leaded gasoline sludges and leaded anti-knock compound sludges;;;;;;;ES;Ores, slag and ash---SLAG, ASH AND RESIDUES (OTHER THAN FROM THE MANUFACTURE OF IRON OR STEEL) CONTAINING METALS, ARSENIC OR THEIR COMPOUNDS:---Containing mainly lead:---Leaded gasoline sludges and leaded anti-knock compound sludges;;;;;;;KG;;_DAU13;20240101;99991231;0;0;;;;;;
AU;2620210050;20240101;99991231;EN;Ores, slag and ash---SLAG, ASH AND RESIDUES (OTHER THAN FROM THE MANUFACTURE OF IRON OR STEEL) CONTAINING METALS, ARSENIC OR THEIR COMPOUNDS:---Containing mainly lead:---Leaded gasoline sludges and leaded anti-knock compound sludges;;;;;;;ES;Ores, slag and ash---SLAG, ASH AND RESIDUES (OTHER THAN FROM THE MANUFACTURE OF IRON OR STEEL) CONTAINING METALS, ARSENIC OR THEIR COMPOUNDS:---Containing mainly lead:---Leaded gasoline sludges and leaded anti-knock compound sludges;;;;;;;KG;;_DAU17;20240101;99991231;0;0;;;;;;
AU;2620210050;20240101;99991231;EN;Ores, slag and ash---SLAG, ASH AND RESIDUES (OTHER THAN FROM THE MANUFACTURE OF IRON OR STEEL) CONTAINING METALS, ARSENIC OR THEIR COMPOUNDS:---Containing mainly lead:---Leaded gasoline sludges and leaded anti-knock compound sludges;;;;;;;ES;Ores, slag and ash---SLAG, ASH AND RESIDUES (OTHER THAN FROM THE MANUFACTURE OF IRON OR STEEL) CONTAINING METALS, ARSENIC OR THEIR COMPOUNDS:---Containing mainly lead:---Leaded gasoline sludges and leaded anti-knock compound sludges;;;;;;;KG;;_DAU2;20240101;99991231;0;0;;;;;;
AU;2620210050;20240101;99991231;EN;Ores, slag and ash---SLAG, ASH AND RESIDUES (OTHER THAN FROM THE MANUFACTURE OF IRON OR STEEL) CONTAINING METALS, ARSENIC OR THEIR COMPOUNDS:---Containing mainly lead:---Leaded gasoline sludges and leaded anti-knock compound sludges;;;;;;;ES;Ores, slag and ash---SLAG, ASH AND RESIDUES (OTHER THAN FROM THE MANUFACTURE OF IRON OR STEEL) CONTAINING METALS, ARSENIC OR THEIR COMPOUNDS:---Containing mainly lead:---Leaded gasoline sludges and leaded anti-knock compound sludges;;;;;;;KG;;_DAU30;20240101;99991231;0;0;;;;;;
AU;2620290055;20240101;99991231;EN;Ores, slag and ash---SLAG, ASH AND RESIDUES (OTHER THAN FROM THE MANUFACTURE OF IRON OR STEEL) CONTAINING METALS, ARSENIC OR THEIR COMPOUNDS:---Containing mainly lead:---Other;;;;;;;ES;Ores, slag and ash---SLAG, ASH AND RESIDUES (OTHER THAN FROM THE MANUFACTURE OF IRON OR STEEL) CONTAINING METALS, ARSENIC OR THEIR COMPOUNDS:---Containing mainly lead:---Other;;;;;;;KG;;_DAU1;20240101;99991231;0;0;;;;;;
AU;2620290055;20240101;99991231;EN;Ores, slag and ash---SLAG, ASH AND RESIDUES (OTHER THAN FROM THE MANUFACTURE OF IRON OR STEEL) CONTAINING METALS, ARSENIC OR THEIR COMPOUNDS:---Containing mainly lead:---Other;;;;;;;ES;Ores, slag and ash---SLAG, ASH AND RESIDUES (OTHER THAN FROM THE MANUFACTURE OF IRON OR STEEL) CONTAINING METALS, ARSENIC OR THEIR COMPOUNDS:---Containing mainly lead:---Other;;;;;;;KG;;_DAU13;20240101;99991231;0;0;;;;;;
AU;2620290055;20240101;99991231;EN;Ores, slag and ash---SLAG, ASH AND RESIDUES (OTHER THAN FROM THE MANUFACTURE OF IRON OR STEEL) CONTAINING METALS, ARSENIC OR THEIR COMPOUNDS:---Containing mainly lead:---Other;;;;;;;ES;Ores, slag and ash---SLAG, ASH AND RESIDUES (OTHER THAN FROM THE MANUFACTURE OF IRON OR STEEL) CONTAINING METALS, ARSENIC OR THEIR COMPOUNDS:---Containing mainly lead:---Other;;;;;;;KG;;_DAU17;20240101;99991231;0;0;;;;;;
AU;2620290055;20240101;99991231;EN;Ores, slag and ash---SLAG, ASH AND RESIDUES (OTHER THAN FROM THE MANUFACTURE OF IRON OR STEEL) CONTAINING METALS, ARSENIC OR THEIR COMPOUNDS:---Containing mainly lead:---Other;;;;;;;ES;Ores, slag and ash---SLAG, ASH AND RESIDUES (OTHER THAN FROM THE MANUFACTURE OF IRON OR STEEL) CONTAINING METALS, ARSENIC OR THEIR COMPOUNDS:---Containing mainly lead:---Other;;;;;;;KG;;_DAU2;20240101;99991231;0;0;;;;;;
AU;2620290055;20240101;99991231;EN;Ores, slag and ash---SLAG, ASH AND RESIDUES (OTHER THAN FROM THE MANUFACTURE OF IRON OR STEEL) CONTAINING METALS, ARSENIC OR THEIR COMPOUNDS:---Containing mainly lead:---Other;;;;;;;ES;Ores, slag and ash---SLAG, ASH AND RESIDUES (OTHER THAN FROM THE MANUFACTURE OF IRON OR STEEL) CONTAINING METALS, ARSENIC OR THEIR COMPOUNDS:---Containing mainly lead:---Other;;;;;;;KG;;_DAU30;20240101;99991231;0;0;;;;;;
AU;2620300031;20240101;99991231;EN;Ores, slag and ash---SLAG, ASH AND RESIDUES (OTHER THAN FROM THE MANUFACTURE OF IRON OR STEEL) CONTAINING METALS, ARSENIC OR THEIR COMPOUNDS:---Containing mainly copper;;;;;;;ES;Ores, slag and ash---SLAG, ASH AND RESIDUES (OTHER THAN FROM THE MANUFACTURE OF IRON OR STEEL) CONTAINING METALS, ARSENIC OR THEIR COMPOUNDS:---Containing mainly copper;;;;;;;KG;;_DAU1;20240101;99991231;0;0;;;;;;
AU;2620300031;20240101;99991231;EN;Ores, slag and ash---SLAG, ASH AND RESIDUES (OTHER THAN FROM THE MANUFACTURE OF IRON OR STEEL) CONTAINING METALS, ARSENIC OR THEIR COMPOUNDS:---Containing mainly copper;;;;;;;ES;Ores, slag and ash---SLAG, ASH AND RESIDUES (OTHER THAN FROM THE MANUFACTURE OF IRON OR STEEL) CONTAINING METALS, ARSENIC OR THEIR COMPOUNDS:---Containing mainly copper;;;;;;;KG;;_DAU13;20240101;99991231;0;0;;;;;;
AU;2620300031;20240101;99991231;EN;Ores, slag and ash---SLAG, ASH AND RESIDUES (OTHER THAN FROM THE MANUFACTURE OF IRON OR STEEL) CONTAINING METALS, ARSENIC OR THEIR COMPOUNDS:---Containing mainly copper;;;;;;;ES;Ores, slag and ash---SLAG, ASH AND RESIDUES (OTHER THAN FROM THE MANUFACTURE OF IRON OR STEEL) CONTAINING METALS, ARSENIC OR THEIR COMPOUNDS:---Containing mainly copper;;;;;;;KG;;_DAU17;20240101;99991231;0;0;;;;;;
