Country;HS Number;Date from;Date to;Lang 1;Desc 1;Desc 2;Desc 3;Desc 4;Desc 5;Desc 6;Desc 7;Lang 2;Desc 21;Desc 22;Desc 23;Desc 24;Desc 25;Desc 26;Desc 27;Unit of measure;Restriction code;Rate type;Champ24;Champ25;Base rate %;Rate amount;Rate curr;Rate qty;Rate qty uom;Spec App;Cert Ori;Cty Grp
CA;9301901022;20240101;99991231;EN;Arms and ammunition. parts and accessories thereof---Military weapons, other than revolvers, pistols and the arms of heading 93.07.---Other---Guns---Rifles:. Semi-automatic;;;;;;;ES;Arms and ammunition. parts and accessories thereof---Military weapons, other than revolvers, pistols and the arms of heading 93.07.---Other---Guns---Rifles:. Semi-automatic;;;;;;;NMB;;PDR;20240101;99991231;0;0;;;;;;
CA;9301901023;20240101;99991231;EN;Arms and ammunition. parts and accessories thereof---Military weapons, other than revolvers, pistols and the arms of heading 93.07.---Other---Guns---Rifles:. Fully automatic;;;;;;;ES;Arms and ammunition. parts and accessories thereof---Military weapons, other than revolvers, pistols and the arms of heading 93.07.---Other---Guns---Rifles:. Fully automatic;;;;;;;NMB;;PDR;20240101;99991231;0;0;;;;;;
CA;9301901029;20240101;99991231;EN;Arms and ammunition. parts and accessories thereof---Military weapons, other than revolvers, pistols and the arms of heading 93.07.---Other---Guns---Rifles:. Other;;;;;;;ES;Arms and ammunition. parts and accessories thereof---Military weapons, other than revolvers, pistols and the arms of heading 93.07.---Other---Guns---Rifles:. Other;;;;;;;NMB;;PDR;20240101;99991231;0;0;;;;;;
CA;9301901030;20240101;99991231;EN;Arms and ammunition. parts and accessories thereof---Military weapons, other than revolvers, pistols and the arms of heading 93.07.---Other---Guns---Machine-guns;;;;;;;ES;Arms and ammunition. parts and accessories thereof---Military weapons, other than revolvers, pistols and the arms of heading 93.07.---Other---Guns---Machine-guns;;;;;;;NMB;;PDR;20240101;99991231;0;0;;;;;;
CA;9301901041;20240101;99991231;EN;Arms and ammunition. parts and accessories thereof---Military weapons, other than revolvers, pistols and the arms of heading 93.07.---Other---Guns---Sub-machine-guns:. Fully automatic;;;;;;;ES;Arms and ammunition. parts and accessories thereof---Military weapons, other than revolvers, pistols and the arms of heading 93.07.---Other---Guns---Sub-machine-guns:. Fully automatic;;;;;;;NMB;;PDR;20240101;99991231;0;0;;;;;;
CA;9301901049;20240101;99991231;EN;Arms and ammunition. parts and accessories thereof---Military weapons, other than revolvers, pistols and the arms of heading 93.07.---Other---Guns---Sub-machine-guns:. Other;;;;;;;ES;Arms and ammunition. parts and accessories thereof---Military weapons, other than revolvers, pistols and the arms of heading 93.07.---Other---Guns---Sub-machine-guns:. Other;;;;;;;NMB;;PDR;20240101;99991231;0;0;;;;;;
CA;9301901090;20240101;99991231;EN;Arms and ammunition. parts and accessories thereof---Military weapons, other than revolvers, pistols and the arms of heading 93.07.---Other---Guns---Other;;;;;;;ES;Arms and ammunition. parts and accessories thereof---Military weapons, other than revolvers, pistols and the arms of heading 93.07.---Other---Guns---Other;;;;;;;NMB;;PDR;20240101;99991231;0;0;;;;;;
CA;9301909000;20240101;99991231;EN;Arms and ammunition. parts and accessories thereof---Military weapons, other than revolvers, pistols and the arms of heading 93.07.---Other---Other;;;;;;;ES;Arms and ammunition. parts and accessories thereof---Military weapons, other than revolvers, pistols and the arms of heading 93.07.---Other---Other;;;;;;;NMB;;PDR;20240101;99991231;7;0;;;;;;
CA;9302000010;20240101;99991231;EN;Arms and ammunition. parts and accessories thereof---Revolvers and pistols, other than those of heading 93.03 or 93.04.---Revolvers;;;;;;;ES;Arms and ammunition. parts and accessories thereof---Revolvers and pistols, other than those of heading 93.03 or 93.04.---Revolvers;;;;;;;NMB;;PDR;20240101;99991231;3.5;0;;;;;;
CA;9302000021;20240101;99991231;EN;Arms and ammunition. parts and accessories thereof---Revolvers and pistols, other than those of heading 93.03 or 93.04.---Pistols, single barrel:. Semi-automatic;;;;;;;ES;Arms and ammunition. parts and accessories thereof---Revolvers and pistols, other than those of heading 93.03 or 93.04.---Pistols, single barrel:. Semi-automatic;;;;;;;NMB;;PDR;20240101;99991231;3.5;0;;;;;;
CA;9302000029;20240101;99991231;EN;Arms and ammunition. parts and accessories thereof---Revolvers and pistols, other than those of heading 93.03 or 93.04.---Pistols, single barrel:. Other;;;;;;;ES;Arms and ammunition. parts and accessories thereof---Revolvers and pistols, other than those of heading 93.03 or 93.04.---Pistols, single barrel:. Other;;;;;;;NMB;;PDR;20240101;99991231;3.5;0;;;;;;
CA;9302000030;20240101;99991231;EN;Arms and ammunition. parts and accessories thereof---Revolvers and pistols, other than those of heading 93.03 or 93.04.---Pistols, multiple barrel;;;;;;;ES;Arms and ammunition. parts and accessories thereof---Revolvers and pistols, other than those of heading 93.03 or 93.04.---Pistols, multiple barrel;;;;;;;NMB;;PDR;20240101;99991231;3.5;0;;;;;;
CA;9303100000;20240101;99991231;EN;Arms and ammunition. parts and accessories thereof---Other firearms and similar devices which operate by the firing of an explosive charge (for example, sporting shotguns and rifles, muzzle-loading firearms, Very pistols and other devices designed to project only signal flares, pistols and revolvers for firing blank ammunition, captive-bolt humane killers, line-throwing guns).---Muzzle-loading firearms;;;;;;;ES;Arms and ammunition. parts and accessories thereof---Other firearms and similar devices which operate by the firing of an explosive charge (for example, sporting shotguns and rifles, muzzle-loading firearms, Very pistols and other devices designed to project only signal flares, pistols and revolvers for firing blank ammunition, captive-bolt humane killers, line-throwing guns).---Muzzle-loading firearms;;;;;;;NMB;;PDR;20240101;99991231;3.5;0;;;;;;
CA;9303201000;20240101;99991231;EN;Arms and ammunition. parts and accessories thereof---Other firearms and similar devices which operate by the firing of an explosive charge (for example, sporting shotguns and rifles, muzzle-loading firearms, Very pistols and other devices designed to project only signal flares, pistols and revolvers for firing blank ammunition, captive-bolt humane killers, line-throwing guns).---Other sporting, hunting or target-shooting shotguns, including combination shotgun-rifles---Pump or slide-action shotguns;;;;;;;ES;Arms and ammunition. parts and accessories thereof---Other firearms and similar devices which operate by the firing of an explosive charge (for example, sporting shotguns and rifles, muzzle-loading firearms, Very pistols and other devices designed to project only signal flares, pistols and revolvers for firing blank ammunition, captive-bolt humane killers, line-throwing guns).---Other sporting, hunting or target-shooting shotguns, including combination shotgun-rifles---Pump or slide-action shotguns;;;;;;;NMB;;PDR;20240101;99991231;3.5;0;;;;;;
CA;9303209011;20240101;99991231;EN;Arms and ammunition. parts and accessories thereof---Other firearms and similar devices which operate by the firing of an explosive charge (for example, sporting shotguns and rifles, muzzle-loading firearms, Very pistols and other devices designed to project only signal flares, pistols and revolvers for firing blank ammunition, captive-bolt humane killers, line-throwing guns).---Other sporting, hunting or target-shooting shotguns, including combination shotgun-rifles---Other---Shotguns, single barrel:. Semi-automatic;;;;;;;ES;Arms and ammunition. parts and accessories thereof---Other firearms and similar devices which operate by the firing of an explosive charge (for example, sporting shotguns and rifles, muzzle-loading firearms, Very pistols and other devices designed to project only signal flares, pistols and revolvers for firing blank ammunition, captive-bolt humane killers, line-throwing guns).---Other sporting, hunting or target-shooting shotguns, including combination shotgun-rifles---Other---Shotguns, single barrel:. Semi-automatic;;;;;;;NMB;;PDR;20240101;99991231;3.5;0;;;;;;
CA;9303209019;20240101;99991231;EN;Arms and ammunition. parts and accessories thereof---Other firearms and similar devices which operate by the firing of an explosive charge (for example, sporting shotguns and rifles, muzzle-loading firearms, Very pistols and other devices designed to project only signal flares, pistols and revolvers for firing blank ammunition, captive-bolt humane killers, line-throwing guns).---Other sporting, hunting or target-shooting shotguns, including combination shotgun-rifles---Other---Shotguns, single barrel:. Other;;;;;;;ES;Arms and ammunition. parts and accessories thereof---Other firearms and similar devices which operate by the firing of an explosive charge (for example, sporting shotguns and rifles, muzzle-loading firearms, Very pistols and other devices designed to project only signal flares, pistols and revolvers for firing blank ammunition, captive-bolt humane killers, line-throwing guns).---Other sporting, hunting or target-shooting shotguns, including combination shotgun-rifles---Other---Shotguns, single barrel:. Other;;;;;;;NMB;;PDR;20240101;99991231;3.5;0;;;;;;
CA;9303209090;20240101;99991231;EN;Arms and ammunition. parts and accessories thereof---Other firearms and similar devices which operate by the firing of an explosive charge (for example, sporting shotguns and rifles, muzzle-loading firearms, Very pistols and other devices designed to project only signal flares, pistols and revolvers for firing blank ammunition, captive-bolt humane killers, line-throwing guns).---Other sporting, hunting or target-shooting shotguns, including combination shotgun-rifles---Other---Other;;;;;;;ES;Arms and ammunition. parts and accessories thereof---Other firearms and similar devices which operate by the firing of an explosive charge (for example, sporting shotguns and rifles, muzzle-loading firearms, Very pistols and other devices designed to project only signal flares, pistols and revolvers for firing blank ammunition, captive-bolt humane killers, line-throwing guns).---Other sporting, hunting or target-shooting shotguns, including combination shotgun-rifles---Other---Other;;;;;;;NMB;;PDR;20240101;99991231;3.5;0;;;;;;
CA;9303301000;20240101;99991231;EN;Arms and ammunition. parts and accessories thereof---Other firearms and similar devices which operate by the firing of an explosive charge (for example, sporting shotguns and rifles, muzzle-loading firearms, Very pistols and other devices designed to project only signal flares, pistols and revolvers for firing blank ammunition, captive-bolt humane killers, line-throwing guns).---Other sporting, hunting or target-shooting rifles---Bolt-action or semi-automatic .22 calibre rimfire rifles, excluding target shooting rifles;;;;;;;ES;Arms and ammunition. parts and accessories thereof---Other firearms and similar devices which operate by the firing of an explosive charge (for example, sporting shotguns and rifles, muzzle-loading firearms, Very pistols and other devices designed to project only signal flares, pistols and revolvers for firing blank ammunition, captive-bolt humane killers, line-throwing guns).---Other sporting, hunting or target-shooting rifles---Bolt-action or semi-automatic .22 calibre rimfire rifles, excluding target shooting rifles;;;;;;;NMB;;PDR;20240101;99991231;7;0;;;;;;
CA;9303309011;20240101;99991231;EN;Arms and ammunition. parts and accessories thereof---Other firearms and similar devices which operate by the firing of an explosive charge (for example, sporting shotguns and rifles, muzzle-loading firearms, Very pistols and other devices designed to project only signal flares, pistols and revolvers for firing blank ammunition, captive-bolt humane killers, line-throwing guns).---Other sporting, hunting or target-shooting rifles---Other---Centrefire rifles:. Bolt-action repeater;;;;;;;ES;Arms and ammunition. parts and accessories thereof---Other firearms and similar devices which operate by the firing of an explosive charge (for example, sporting shotguns and rifles, muzzle-loading firearms, Very pistols and other devices designed to project only signal flares, pistols and revolvers for firing blank ammunition, captive-bolt humane killers, line-throwing guns).---Other sporting, hunting or target-shooting rifles---Other---Centrefire rifles:. Bolt-action repeater;;;;;;;NMB;;PDR;20240101;99991231;3.5;0;;;;;;
CA;9303309014;20240101;99991231;EN;Arms and ammunition. parts and accessories thereof---Other firearms and similar devices which operate by the firing of an explosive charge (for example, sporting shotguns and rifles, muzzle-loading firearms, Very pistols and other devices designed to project only signal flares, pistols and revolvers for firing blank ammunition, captive-bolt humane killers, line-throwing guns).---Other sporting, hunting or target-shooting rifles---Other---Centrefire rifles:. Semi-automatic;;;;;;;ES;Arms and ammunition. parts and accessories thereof---Other firearms and similar devices which operate by the firing of an explosive charge (for example, sporting shotguns and rifles, muzzle-loading firearms, Very pistols and other devices designed to project only signal flares, pistols and revolvers for firing blank ammunition, captive-bolt humane killers, line-throwing guns).---Other sporting, hunting or target-shooting rifles---Other---Centrefire rifles:. Semi-automatic;;;;;;;NMB;;PDR;20240101;99991231;3.5;0;;;;;;
CA;9303309019;20240101;99991231;EN;Arms and ammunition. parts and accessories thereof---Other firearms and similar devices which operate by the firing of an explosive charge (for example, sporting shotguns and rifles, muzzle-loading firearms, Very pistols and other devices designed to project only signal flares, pistols and revolvers for firing blank ammunition, captive-bolt humane killers, line-throwing guns).---Other sporting, hunting or target-shooting rifles---Other---Centrefire rifles:. Other;;;;;;;ES;Arms and ammunition. parts and accessories thereof---Other firearms and similar devices which operate by the firing of an explosive charge (for example, sporting shotguns and rifles, muzzle-loading firearms, Very pistols and other devices designed to project only signal flares, pistols and revolvers for firing blank ammunition, captive-bolt humane killers, line-throwing guns).---Other sporting, hunting or target-shooting rifles---Other---Centrefire rifles:. Other;;;;;;;NMB;;PDR;20240101;99991231;3.5;0;;;;;;
CA;9303309090;20240101;99991231;EN;Arms and ammunition. parts and accessories thereof---Other firearms and similar devices which operate by the firing of an explosive charge (for example, sporting shotguns and rifles, muzzle-loading firearms, Very pistols and other devices designed to project only signal flares, pistols and revolvers for firing blank ammunition, captive-bolt humane killers, line-throwing guns).---Other sporting, hunting or target-shooting rifles---Other---Other;;;;;;;ES;Arms and ammunition. parts and accessories thereof---Other firearms and similar devices which operate by the firing of an explosive charge (for example, sporting shotguns and rifles, muzzle-loading firearms, Very pistols and other devices designed to project only signal flares, pistols and revolvers for firing blank ammunition, captive-bolt humane killers, line-throwing guns).---Other sporting, hunting or target-shooting rifles---Other---Other;;;;;;;NMB;;PDR;20240101;99991231;3.5;0;;;;;;
CA;9303901000;20240101;99991231;EN;Arms and ammunition. parts and accessories thereof---Other firearms and similar devices which operate by the firing of an explosive charge (for example, sporting shotguns and rifles, muzzle-loading firearms, Very pistols and other devices designed to project only signal flares, pistols and revolvers for firing blank ammunition, captive-bolt humane killers, line-throwing guns).---Other---Apparatus for the destruction of predatory animals by the discharge of poisonous cartridges.Automatic explosive bird-scaring devices;;;;;;;ES;Arms and ammunition. parts and accessories thereof---Other firearms and similar devices which operate by the firing of an explosive charge (for example, sporting shotguns and rifles, muzzle-loading firearms, Very pistols and other devices designed to project only signal flares, pistols and revolvers for firing blank ammunition, captive-bolt humane killers, line-throwing guns).---Other---Apparatus for the destruction of predatory animals by the discharge of poisonous cartridges.Automatic explosive bird-scaring devices;;;;;;;NMB;;PDR;20240101;99991231;0;0;;;;;;
CA;9303909000;20240101;99991231;EN;Arms and ammunition. parts and accessories thereof---Other firearms and similar devices which operate by the firing of an explosive charge (for example, sporting shotguns and rifles, muzzle-loading firearms, Very pistols and other devices designed to project only signal flares, pistols and revolvers for firing blank ammunition, captive-bolt humane killers, line-throwing guns).---Other---Other;;;;;;;ES;Arms and ammunition. parts and accessories thereof---Other firearms and similar devices which operate by the firing of an explosive charge (for example, sporting shotguns and rifles, muzzle-loading firearms, Very pistols and other devices designed to project only signal flares, pistols and revolvers for firing blank ammunition, captive-bolt humane killers, line-throwing guns).---Other---Other;;;;;;;NMB;;PDR;20240101;99991231;3.5;0;;;;;;
CA;9304001010;20240101;99991231;EN;Arms and ammunition. parts and accessories thereof---Other arms (for example, spring, air or gas guns and pistols, truncheons), excluding those of heading 93.07.---Guns and pistols, spring or gas---Guns;;;;;;;ES;Arms and ammunition. parts and accessories thereof---Other arms (for example, spring, air or gas guns and pistols, truncheons), excluding those of heading 93.07.---Guns and pistols, spring or gas---Guns;;;;;;;NMB;;PDR;20240101;99991231;3.5;0;;;;;;
CA;9304001020;20240101;99991231;EN;Arms and ammunition. parts and accessories thereof---Other arms (for example, spring, air or gas guns and pistols, truncheons), excluding those of heading 93.07.---Guns and pistols, spring or gas---Pistols;;;;;;;ES;Arms and ammunition. parts and accessories thereof---Other arms (for example, spring, air or gas guns and pistols, truncheons), excluding those of heading 93.07.---Guns and pistols, spring or gas---Pistols;;;;;;;NMB;;PDR;20240101;99991231;3.5;0;;;;;;
CA;9304009010;20240101;99991231;EN;Arms and ammunition. parts and accessories thereof---Other arms (for example, spring, air or gas guns and pistols, truncheons), excluding those of heading 93.07.---Other---Air guns;;;;;;;ES;Arms and ammunition. parts and accessories thereof---Other arms (for example, spring, air or gas guns and pistols, truncheons), excluding those of heading 93.07.---Other---Air guns;;;;;;;NMB;;PDR;20240101;99991231;7;0;;;;;;
CA;9304009090;20240101;99991231;EN;Arms and ammunition. parts and accessories thereof---Other arms (for example, spring, air or gas guns and pistols, truncheons), excluding those of heading 93.07.---Other---Other;;;;;;;ES;Arms and ammunition. parts and accessories thereof---Other arms (for example, spring, air or gas guns and pistols, truncheons), excluding those of heading 93.07.---Other---Other;;;;;;;NMB;;PDR;20240101;99991231;7;0;;;;;;
CA;9305100010;20240101;99991231;EN;Arms and ammunition. parts and accessories thereof---Parts and accessories of articles of headings 93.01 to 93.04.---Of revolvers or pistols---Firing mechanisms;;;;;;;ES;Arms and ammunition. parts and accessories thereof---Parts and accessories of articles of headings 93.01 to 93.04.---Of revolvers or pistols---Firing mechanisms;;;;;;;N/A;;PDR;20240101;99991231;3.5;0;;;;;;
CA;9305100020;20240101;99991231;EN;Arms and ammunition. parts and accessories thereof---Parts and accessories of articles of headings 93.01 to 93.04.---Of revolvers or pistols---Frames and receivers;;;;;;;ES;Arms and ammunition. parts and accessories thereof---Parts and accessories of articles of headings 93.01 to 93.04.---Of revolvers or pistols---Frames and receivers;;;;;;;N/A;;PDR;20240101;99991231;3.5;0;;;;;;
CA;9305100030;20240101;99991231;EN;Arms and ammunition. parts and accessories thereof---Parts and accessories of articles of headings 93.01 to 93.04.---Of revolvers or pistols---Barrels;;;;;;;ES;Arms and ammunition. parts and accessories thereof---Parts and accessories of articles of headings 93.01 to 93.04.---Of revolvers or pistols---Barrels;;;;;;;N/A;;PDR;20240101;99991231;3.5;0;;;;;;
CA;9305100040;20240101;99991231;EN;Arms and ammunition. parts and accessories thereof---Parts and accessories of articles of headings 93.01 to 93.04.---Of revolvers or pistols---Pistons, locking lugs and gas buffers;;;;;;;ES;Arms and ammunition. parts and accessories thereof---Parts and accessories of articles of headings 93.01 to 93.04.---Of revolvers or pistols---Pistons, locking lugs and gas buffers;;;;;;;N/A;;PDR;20240101;99991231;3.5;0;;;;;;
CA;9305100050;20240101;99991231;EN;Arms and ammunition. parts and accessories thereof---Parts and accessories of articles of headings 93.01 to 93.04.---Of revolvers or pistols---Magazines and parts thereof;;;;;;;ES;Arms and ammunition. parts and accessories thereof---Parts and accessories of articles of headings 93.01 to 93.04.---Of revolvers or pistols---Magazines and parts thereof;;;;;;;N/A;;PDR;20240101;99991231;3.5;0;;;;;;
CA;9305100060;20240101;99991231;EN;Arms and ammunition. parts and accessories thereof---Parts and accessories of articles of headings 93.01 to 93.04.---Of revolvers or pistols---Silencers (sound moderators) and parts thereof;;;;;;;ES;Arms and ammunition. parts and accessories thereof---Parts and accessories of articles of headings 93.01 to 93.04.---Of revolvers or pistols---Silencers (sound moderators) and parts thereof;;;;;;;N/A;;PDR;20240101;99991231;3.5;0;;;;;;
CA;9305100070;20240101;99991231;EN;Arms and ammunition. parts and accessories thereof---Parts and accessories of articles of headings 93.01 to 93.04.---Of revolvers or pistols---Butts, grips and plates;;;;;;;ES;Arms and ammunition. parts and accessories thereof---Parts and accessories of articles of headings 93.01 to 93.04.---Of revolvers or pistols---Butts, grips and plates;;;;;;;N/A;;PDR;20240101;99991231;3.5;0;;;;;;
CA;9305100080;20240101;99991231;EN;Arms and ammunition. parts and accessories thereof---Parts and accessories of articles of headings 93.01 to 93.04.---Of revolvers or pistols---Slides for pistols and cylinders for revolvers;;;;;;;ES;Arms and ammunition. parts and accessories thereof---Parts and accessories of articles of headings 93.01 to 93.04.---Of revolvers or pistols---Slides for pistols and cylinders for revolvers;;;;;;;N/A;;PDR;20240101;99991231;3.5;0;;;;;;
CA;9305100090;20240101;99991231;EN;Arms and ammunition. parts and accessories thereof---Parts and accessories of articles of headings 93.01 to 93.04.---Of revolvers or pistols---Other;;;;;;;ES;Arms and ammunition. parts and accessories thereof---Parts and accessories of articles of headings 93.01 to 93.04.---Of revolvers or pistols---Other;;;;;;;N/A;;PDR;20240101;99991231;3.5;0;;;;;;
CA;9305201000;20240101;99991231;EN;Arms and ammunition. parts and accessories thereof---Parts and accessories of articles of headings 93.01 to 93.04.---Of shotguns or rifles of heading 93.03---Shotgun barrels;;;;;;;ES;Arms and ammunition. parts and accessories thereof---Parts and accessories of articles of headings 93.01 to 93.04.---Of shotguns or rifles of heading 93.03---Shotgun barrels;;;;;;;N/A;;PDR;20240101;99991231;2;0;;;;;;
CA;9305202010;20240101;99991231;EN;Arms and ammunition. parts and accessories thereof---Parts and accessories of articles of headings 93.01 to 93.04.---Of shotguns or rifles of heading 93.03---Accessories for use in bolt-action or semi-automatic .22 calibre rimfire rifles, excluding accessories of target shooting rifles.Parts---Firing mechanisms;;;;;;;ES;Arms and ammunition. parts and accessories thereof---Parts and accessories of articles of headings 93.01 to 93.04.---Of shotguns or rifles of heading 93.03---Accessories for use in bolt-action or semi-automatic .22 calibre rimfire rifles, excluding accessories of target shooting rifles.Parts---Firing mechanisms;;;;;;;N/A;;PDR;20240101;99991231;0;0;;;;;;
CA;9305202020;20240101;99991231;EN;Arms and ammunition. parts and accessories thereof---Parts and accessories of articles of headings 93.01 to 93.04.---Of shotguns or rifles of heading 93.03---Accessories for use in bolt-action or semi-automatic .22 calibre rimfire rifles, excluding accessories of target shooting rifles.Parts---Frames and receivers;;;;;;;ES;Arms and ammunition. parts and accessories thereof---Parts and accessories of articles of headings 93.01 to 93.04.---Of shotguns or rifles of heading 93.03---Accessories for use in bolt-action or semi-automatic .22 calibre rimfire rifles, excluding accessories of target shooting rifles.Parts---Frames and receivers;;;;;;;N/A;;PDR;20240101;99991231;0;0;;;;;;
CA;9305202030;20240101;99991231;EN;Arms and ammunition. parts and accessories thereof---Parts and accessories of articles of headings 93.01 to 93.04.---Of shotguns or rifles of heading 93.03---Accessories for use in bolt-action or semi-automatic .22 calibre rimfire rifles, excluding accessories of target shooting rifles.Parts---Rifle barrels;;;;;;;ES;Arms and ammunition. parts and accessories thereof---Parts and accessories of articles of headings 93.01 to 93.04.---Of shotguns or rifles of heading 93.03---Accessories for use in bolt-action or semi-automatic .22 calibre rimfire rifles, excluding accessories of target shooting rifles.Parts---Rifle barrels;;;;;;;N/A;;PDR;20240101;99991231;0;0;;;;;;
CA;9305202040;20240101;99991231;EN;Arms and ammunition. parts and accessories thereof---Parts and accessories of articles of headings 93.01 to 93.04.---Of shotguns or rifles of heading 93.03---Accessories for use in bolt-action or semi-automatic .22 calibre rimfire rifles, excluding accessories of target shooting rifles.Parts---Pistons, locking lugs and gas buffers;;;;;;;ES;Arms and ammunition. parts and accessories thereof---Parts and accessories of articles of headings 93.01 to 93.04.---Of shotguns or rifles of heading 93.03---Accessories for use in bolt-action or semi-automatic .22 calibre rimfire rifles, excluding accessories of target shooting rifles.Parts---Pistons, locking lugs and gas buffers;;;;;;;N/A;;PDR;20240101;99991231;0;0;;;;;;
CA;9305202050;20240101;99991231;EN;Arms and ammunition. parts and accessories thereof---Parts and accessories of articles of headings 93.01 to 93.04.---Of shotguns or rifles of heading 93.03---Accessories for use in bolt-action or semi-automatic .22 calibre rimfire rifles, excluding accessories of target shooting rifles.Parts---Magazines and parts thereof;;;;;;;ES;Arms and ammunition. parts and accessories thereof---Parts and accessories of articles of headings 93.01 to 93.04.---Of shotguns or rifles of heading 93.03---Accessories for use in bolt-action or semi-automatic .22 calibre rimfire rifles, excluding accessories of target shooting rifles.Parts---Magazines and parts thereof;;;;;;;N/A;;PDR;20240101;99991231;0;0;;;;;;
CA;9305202060;20240101;99991231;EN;Arms and ammunition. parts and accessories thereof---Parts and accessories of articles of headings 93.01 to 93.04.---Of shotguns or rifles of heading 93.03---Accessories for use in bolt-action or semi-automatic .22 calibre rimfire rifles, excluding accessories of target shooting rifles.Parts---Silencers (sound moderators) and parts thereof;;;;;;;ES;Arms and ammunition. parts and accessories thereof---Parts and accessories of articles of headings 93.01 to 93.04.---Of shotguns or rifles of heading 93.03---Accessories for use in bolt-action or semi-automatic .22 calibre rimfire rifles, excluding accessories of target shooting rifles.Parts---Silencers (sound moderators) and parts thereof;;;;;;;N/A;;PDR;20240101;99991231;0;0;;;;;;
CA;9305202070;20240101;99991231;EN;Arms and ammunition. parts and accessories thereof---Parts and accessories of articles of headings 93.01 to 93.04.---Of shotguns or rifles of heading 93.03---Accessories for use in bolt-action or semi-automatic .22 calibre rimfire rifles, excluding accessories of target shooting rifles.Parts---Flash eliminators and parts thereof;;;;;;;ES;Arms and ammunition. parts and accessories thereof---Parts and accessories of articles of headings 93.01 to 93.04.---Of shotguns or rifles of heading 93.03---Accessories for use in bolt-action or semi-automatic .22 calibre rimfire rifles, excluding accessories of target shooting rifles.Parts---Flash eliminators and parts thereof;;;;;;;N/A;;PDR;20240101;99991231;0;0;;;;;;
CA;9305202080;20240101;99991231;EN;Arms and ammunition. parts and accessories thereof---Parts and accessories of articles of headings 93.01 to 93.04.---Of shotguns or rifles of heading 93.03---Accessories for use in bolt-action or semi-automatic .22 calibre rimfire rifles, excluding accessories of target shooting rifles.Parts---Breeches, bolts (gunlocks) and bolt carriers;;;;;;;ES;Arms and ammunition. parts and accessories thereof---Parts and accessories of articles of headings 93.01 to 93.04.---Of shotguns or rifles of heading 93.03---Accessories for use in bolt-action or semi-automatic .22 calibre rimfire rifles, excluding accessories of target shooting rifles.Parts---Breeches, bolts (gunlocks) and bolt carriers;;;;;;;N/A;;PDR;20240101;99991231;0;0;;;;;;
CA;9305202090;20240101;99991231;EN;Arms and ammunition. parts and accessories thereof---Parts and accessories of articles of headings 93.01 to 93.04.---Of shotguns or rifles of heading 93.03---Accessories for use in bolt-action or semi-automatic .22 calibre rimfire rifles, excluding accessories of target shooting rifles.Parts---Other;;;;;;;ES;Arms and ammunition. parts and accessories thereof---Parts and accessories of articles of headings 93.01 to 93.04.---Of shotguns or rifles of heading 93.03---Accessories for use in bolt-action or semi-automatic .22 calibre rimfire rifles, excluding accessories of target shooting rifles.Parts---Other;;;;;;;N/A;;PDR;20240101;99991231;0;0;;;;;;
CA;9305209060;20240101;99991231;EN;Arms and ammunition. parts and accessories thereof---Parts and accessories of articles of headings 93.01 to 93.04.---Of shotguns or rifles of heading 93.03---Other---Silencers (sound moderators) and parts thereof;;;;;;;ES;Arms and ammunition. parts and accessories thereof---Parts and accessories of articles of headings 93.01 to 93.04.---Of shotguns or rifles of heading 93.03---Other---Silencers (sound moderators) and parts thereof;;;;;;;N/A;;PDR;20240101;99991231;7.5;0;;;;;;
CA;9305209070;20240101;99991231;EN;Arms and ammunition. parts and accessories thereof---Parts and accessories of articles of headings 93.01 to 93.04.---Of shotguns or rifles of heading 93.03---Other---Flash eliminators and parts thereof;;;;;;;ES;Arms and ammunition. parts and accessories thereof---Parts and accessories of articles of headings 93.01 to 93.04.---Of shotguns or rifles of heading 93.03---Other---Flash eliminators and parts thereof;;;;;;;N/A;;PDR;20240101;99991231;7.5;0;;;;;;
CA;9305209090;20240101;99991231;EN;Arms and ammunition. parts and accessories thereof---Parts and accessories of articles of headings 93.01 to 93.04.---Of shotguns or rifles of heading 93.03---Other---Other;;;;;;;ES;Arms and ammunition. parts and accessories thereof---Parts and accessories of articles of headings 93.01 to 93.04.---Of shotguns or rifles of heading 93.03---Other---Other;;;;;;;N/A;;PDR;20240101;99991231;7.5;0;;;;;;
CA;9305910011;20240101;99991231;EN;Arms and ammunition. parts and accessories thereof---Parts and accessories of articles of headings 93.01 to 93.04.---Other:---Of military weapons of heading 93.01---Of machine-guns, sub-machine-guns, shotguns or rifles:. Firing mechanisms;;;;;;;ES;Arms and ammunition. parts and accessories thereof---Parts and accessories of articles of headings 93.01 to 93.04.---Other:---Of military weapons of heading 93.01---Of machine-guns, sub-machine-guns, shotguns or rifles:. Firing mechanisms;;;;;;;N/A;;PDR;20240101;99991231;3.5;0;;;;;;
CA;9305910012;20240101;99991231;EN;Arms and ammunition. parts and accessories thereof---Parts and accessories of articles of headings 93.01 to 93.04.---Other:---Of military weapons of heading 93.01---Of machine-guns, sub-machine-guns, shotguns or rifles:. Frames and receivers;;;;;;;ES;Arms and ammunition. parts and accessories thereof---Parts and accessories of articles of headings 93.01 to 93.04.---Other:---Of military weapons of heading 93.01---Of machine-guns, sub-machine-guns, shotguns or rifles:. Frames and receivers;;;;;;;N/A;;PDR;20240101;99991231;3.5;0;;;;;;
CA;9305910013;20240101;99991231;EN;Arms and ammunition. parts and accessories thereof---Parts and accessories of articles of headings 93.01 to 93.04.---Other:---Of military weapons of heading 93.01---Of machine-guns, sub-machine-guns, shotguns or rifles:. Barrels;;;;;;;ES;Arms and ammunition. parts and accessories thereof---Parts and accessories of articles of headings 93.01 to 93.04.---Other:---Of military weapons of heading 93.01---Of machine-guns, sub-machine-guns, shotguns or rifles:. Barrels;;;;;;;N/A;;PDR;20240101;99991231;3.5;0;;;;;;
CA;9305910014;20240101;99991231;EN;Arms and ammunition. parts and accessories thereof---Parts and accessories of articles of headings 93.01 to 93.04.---Other:---Of military weapons of heading 93.01---Of machine-guns, sub-machine-guns, shotguns or rifles:. Pistons, locking lugs and gas buffers;;;;;;;ES;Arms and ammunition. parts and accessories thereof---Parts and accessories of articles of headings 93.01 to 93.04.---Other:---Of military weapons of heading 93.01---Of machine-guns, sub-machine-guns, shotguns or rifles:. Pistons, locking lugs and gas buffers;;;;;;;N/A;;PDR;20240101;99991231;3.5;0;;;;;;
CA;9305910015;20240101;99991231;EN;Arms and ammunition. parts and accessories thereof---Parts and accessories of articles of headings 93.01 to 93.04.---Other:---Of military weapons of heading 93.01---Of machine-guns, sub-machine-guns, shotguns or rifles:. Magazines and parts thereof;;;;;;;ES;Arms and ammunition. parts and accessories thereof---Parts and accessories of articles of headings 93.01 to 93.04.---Other:---Of military weapons of heading 93.01---Of machine-guns, sub-machine-guns, shotguns or rifles:. Magazines and parts thereof;;;;;;;N/A;;PDR;20240101;99991231;3.5;0;;;;;;
CA;9305910016;20240101;99991231;EN;Arms and ammunition. parts and accessories thereof---Parts and accessories of articles of headings 93.01 to 93.04.---Other:---Of military weapons of heading 93.01---Of machine-guns, sub-machine-guns, shotguns or rifles:. Silencers (sound moderators) and parts thereof;;;;;;;ES;Arms and ammunition. parts and accessories thereof---Parts and accessories of articles of headings 93.01 to 93.04.---Other:---Of military weapons of heading 93.01---Of machine-guns, sub-machine-guns, shotguns or rifles:. Silencers (sound moderators) and parts thereof;;;;;;;N/A;;PDR;20240101;99991231;3.5;0;;;;;;
CA;9305910017;20240101;99991231;EN;Arms and ammunition. parts and accessories thereof---Parts and accessories of articles of headings 93.01 to 93.04.---Other:---Of military weapons of heading 93.01---Of machine-guns, sub-machine-guns, shotguns or rifles:. Flash eliminators and parts thereof;;;;;;;ES;Arms and ammunition. parts and accessories thereof---Parts and accessories of articles of headings 93.01 to 93.04.---Other:---Of military weapons of heading 93.01---Of machine-guns, sub-machine-guns, shotguns or rifles:. Flash eliminators and parts thereof;;;;;;;N/A;;PDR;20240101;99991231;3.5;0;;;;;;
CA;9305910018;20240101;99991231;EN;Arms and ammunition. parts and accessories thereof---Parts and accessories of articles of headings 93.01 to 93.04.---Other:---Of military weapons of heading 93.01---Of machine-guns, sub-machine-guns, shotguns or rifles:. Breeches, bolts (gunlocks) and bolt carriers;;;;;;;ES;Arms and ammunition. parts and accessories thereof---Parts and accessories of articles of headings 93.01 to 93.04.---Other:---Of military weapons of heading 93.01---Of machine-guns, sub-machine-guns, shotguns or rifles:. Breeches, bolts (gunlocks) and bolt carriers;;;;;;;N/A;;PDR;20240101;99991231;3.5;0;;;;;;
CA;9305910019;20240101;99991231;EN;Arms and ammunition. parts and accessories thereof---Parts and accessories of articles of headings 93.01 to 93.04.---Other:---Of military weapons of heading 93.01---Of machine-guns, sub-machine-guns, shotguns or rifles:. Other;;;;;;;ES;Arms and ammunition. parts and accessories thereof---Parts and accessories of articles of headings 93.01 to 93.04.---Other:---Of military weapons of heading 93.01---Of machine-guns, sub-machine-guns, shotguns or rifles:. Other;;;;;;;N/A;;PDR;20240101;99991231;3.5;0;;;;;;
CA;9305910090;20240101;99991231;EN;Arms and ammunition. parts and accessories thereof---Parts and accessories of articles of headings 93.01 to 93.04.---Other:---Of military weapons of heading 93.01---Other;;;;;;;ES;Arms and ammunition. parts and accessories thereof---Parts and accessories of articles of headings 93.01 to 93.04.---Other:---Of military weapons of heading 93.01---Other;;;;;;;N/A;;PDR;20240101;99991231;3.5;0;;;;;;
CA;9305991000;20240101;99991231;EN;Arms and ammunition. parts and accessories thereof---Parts and accessories of articles of headings 93.01 to 93.04.---Other:---Other---Parts for apparatus for the destruction of predatory animals by the discharge of poisonous cartridges.Parts for automatic explosive bird-scaring devices;;;;;;;ES;Arms and ammunition. parts and accessories thereof---Parts and accessories of articles of headings 93.01 to 93.04.---Other:---Other---Parts for apparatus for the destruction of predatory animals by the discharge of poisonous cartridges.Parts for automatic explosive bird-scaring devices;;;;;;;N/A;;PDR;20240101;99991231;0;0;;;;;;
CA;9305999000;20240101;99991231;EN;Arms and ammunition. parts and accessories thereof---Parts and accessories of articles of headings 93.01 to 93.04.---Other:---Other---Other;;;;;;;ES;Arms and ammunition. parts and accessories thereof---Parts and accessories of articles of headings 93.01 to 93.04.---Other:---Other---Other;;;;;;;N/A;;PDR;20240101;99991231;3.5;0;;;;;;
CA;9306210000;20240101;99991231;EN;Arms and ammunition. parts and accessories thereof---Bombs, grenades, torpedoes, mines, missiles and similar munitions of war and parts thereof. cartridges and other ammunition and projectiles and parts thereof, including shot and cartridge wads.---Shotgun cartridges and parts thereof. air gun pellets:---Cartridges;;;;;;;ES;Arms and ammunition. parts and accessories thereof---Bombs, grenades, torpedoes, mines, missiles and similar munitions of war and parts thereof. cartridges and other ammunition and projectiles and parts thereof, including shot and cartridge wads.---Shotgun cartridges and parts thereof. air gun pellets:---Cartridges;;;;;;;N/A;;PDR;20240101;99991231;7;0;;;;;;
CA;9306290000;20240101;99991231;EN;Arms and ammunition. parts and accessories thereof---Bombs, grenades, torpedoes, mines, missiles and similar munitions of war and parts thereof. cartridges and other ammunition and projectiles and parts thereof, including shot and cartridge wads.---Shotgun cartridges and parts thereof. air gun pellets:---Other;;;;;;;ES;Arms and ammunition. parts and accessories thereof---Bombs, grenades, torpedoes, mines, missiles and similar munitions of war and parts thereof. cartridges and other ammunition and projectiles and parts thereof, including shot and cartridge wads.---Shotgun cartridges and parts thereof. air gun pellets:---Other;;;;;;;N/A;;PDR;20240101;99991231;0;0;;;;;;
CA;9306301000;20240101;99991231;EN;Arms and ammunition. parts and accessories thereof---Bombs, grenades, torpedoes, mines, missiles and similar munitions of war and parts thereof. cartridges and other ammunition and projectiles and parts thereof, including shot and cartridge wads.---Other cartridges and parts thereof---Poisonous cartridges for apparatus for the destruction of predatory animals.Starter cartridges and parts thereof, for diesel or semi-diesel engines.Twin-shot cartridges designed for bird-scaring devices;;;;;;;ES;Arms and ammunition. parts and accessories thereof---Bombs, grenades, torpedoes, mines, missiles and similar munitions of war and parts thereof. cartridges and other ammunition and projectiles and parts thereof, including shot and cartridge wads.---Other cartridges and parts thereof---Poisonous cartridges for apparatus for the destruction of predatory animals.Starter cartridges and parts thereof, for diesel or semi-diesel engines.Twin-shot cartridges designed for bird-scaring devices;;;;;;;N/A;;PDR;20240101;99991231;0;0;;;;;;
CA;9306309012;20240101;99991231;EN;Arms and ammunition. parts and accessories thereof---Bombs, grenades, torpedoes, mines, missiles and similar munitions of war and parts thereof. cartridges and other ammunition and projectiles and parts thereof, including shot and cartridge wads.---Other cartridges and parts thereof---Other---Other cartridges:. Centrefire;;;;;;;ES;Arms and ammunition. parts and accessories thereof---Bombs, grenades, torpedoes, mines, missiles and similar munitions of war and parts thereof. cartridges and other ammunition and projectiles and parts thereof, including shot and cartridge wads.---Other cartridges and parts thereof---Other---Other cartridges:. Centrefire;;;;;;;N/A;;PDR;20240101;99991231;7;0;;;;;;
CA;9306309019;20240101;99991231;EN;Arms and ammunition. parts and accessories thereof---Bombs, grenades, torpedoes, mines, missiles and similar munitions of war and parts thereof. cartridges and other ammunition and projectiles and parts thereof, including shot and cartridge wads.---Other cartridges and parts thereof---Other---Other cartridges:. Other;;;;;;;ES;Arms and ammunition. parts and accessories thereof---Bombs, grenades, torpedoes, mines, missiles and similar munitions of war and parts thereof. cartridges and other ammunition and projectiles and parts thereof, including shot and cartridge wads.---Other cartridges and parts thereof---Other---Other cartridges:. Other;;;;;;;N/A;;PDR;20240101;99991231;7;0;;;;;;
CA;9306309090;20240101;99991231;EN;Arms and ammunition. parts and accessories thereof---Bombs, grenades, torpedoes, mines, missiles and similar munitions of war and parts thereof. cartridges and other ammunition and projectiles and parts thereof, including shot and cartridge wads.---Other cartridges and parts thereof---Other---Other;;;;;;;ES;Arms and ammunition. parts and accessories thereof---Bombs, grenades, torpedoes, mines, missiles and similar munitions of war and parts thereof. cartridges and other ammunition and projectiles and parts thereof, including shot and cartridge wads.---Other cartridges and parts thereof---Other---Other;;;;;;;N/A;;PDR;20240101;99991231;7;0;;;;;;
CA;9306901010;20240101;99991231;EN;Arms and ammunition. parts and accessories thereof---Bombs, grenades, torpedoes, mines, missiles and similar munitions of war and parts thereof. cartridges and other ammunition and projectiles and parts thereof, including shot and cartridge wads.---Other---Parts of bombs, grenades, torpedoes, mines, missiles and similar munitions of war---Of guided missiles;;;;;;;ES;Arms and ammunition. parts and accessories thereof---Bombs, grenades, torpedoes, mines, missiles and similar munitions of war and parts thereof. cartridges and other ammunition and projectiles and parts thereof, including shot and cartridge wads.---Other---Parts of bombs, grenades, torpedoes, mines, missiles and similar munitions of war---Of guided missiles;;;;;;;N/A;;PDR;20240101;99991231;3.5;0;;;;;;
CA;9306901020;20240101;99991231;EN;Arms and ammunition. parts and accessories thereof---Bombs, grenades, torpedoes, mines, missiles and similar munitions of war and parts thereof. cartridges and other ammunition and projectiles and parts thereof, including shot and cartridge wads.---Other---Parts of bombs, grenades, torpedoes, mines, missiles and similar munitions of war---Of bombs, grenades, torpedoes, mines, other missiles and similar munitions of war;;;;;;;ES;Arms and ammunition. parts and accessories thereof---Bombs, grenades, torpedoes, mines, missiles and similar munitions of war and parts thereof. cartridges and other ammunition and projectiles and parts thereof, including shot and cartridge wads.---Other---Parts of bombs, grenades, torpedoes, mines, missiles and similar munitions of war---Of bombs, grenades, torpedoes, mines, other missiles and similar munitions of war;;;;;;;N/A;;PDR;20240101;99991231;3.5;0;;;;;;
CA;9306909020;20240101;99991231;EN;Arms and ammunition. parts and accessories thereof---Bombs, grenades, torpedoes, mines, missiles and similar munitions of war and parts thereof. cartridges and other ammunition and projectiles and parts thereof, including shot and cartridge wads.---Other---Other---Guided missiles;;;;;;;ES;Arms and ammunition. parts and accessories thereof---Bombs, grenades, torpedoes, mines, missiles and similar munitions of war and parts thereof. cartridges and other ammunition and projectiles and parts thereof, including shot and cartridge wads.---Other---Other---Guided missiles;;;;;;;NMB;;PDR;20240101;99991231;7;0;;;;;;
CA;9306909030;20240101;99991231;EN;Arms and ammunition. parts and accessories thereof---Bombs, grenades, torpedoes, mines, missiles and similar munitions of war and parts thereof. cartridges and other ammunition and projectiles and parts thereof, including shot and cartridge wads.---Other---Other---Bombs, grenades, torpedoes, mines, other missiles and similar munitions of war. Other ammunition and projectiles;;;;;;;ES;Arms and ammunition. parts and accessories thereof---Bombs, grenades, torpedoes, mines, missiles and similar munitions of war and parts thereof. cartridges and other ammunition and projectiles and parts thereof, including shot and cartridge wads.---Other---Other---Bombs, grenades, torpedoes, mines, other missiles and similar munitions of war. Other ammunition and projectiles;;;;;;;N/A;;PDR;20240101;99991231;7;0;;;;;;
CA;9306909090;20240101;99991231;EN;Arms and ammunition. parts and accessories thereof---Bombs, grenades, torpedoes, mines, missiles and similar munitions of war and parts thereof. cartridges and other ammunition and projectiles and parts thereof, including shot and cartridge wads.---Other---Other---Other;;;;;;;ES;Arms and ammunition. parts and accessories thereof---Bombs, grenades, torpedoes, mines, missiles and similar munitions of war and parts thereof. cartridges and other ammunition and projectiles and parts thereof, including shot and cartridge wads.---Other---Other---Other;;;;;;;N/A;;PDR;20240101;99991231;7;0;;;;;;
CA;9307000000;20240101;99991231;EN;Arms and ammunition. parts and accessories thereof---Swords, cutlasses, bayonets, lances and similar arms and parts thereof and scabbards and sheaths therefor.---Swords, cutlasses, bayonets, lances and similar arms and parts thereof and scabbards and sheaths therefor.;;;;;;;ES;Arms and ammunition. parts and accessories thereof---Swords, cutlasses, bayonets, lances and similar arms and parts thereof and scabbards and sheaths therefor.---Swords, cutlasses, bayonets, lances and similar arms and parts thereof and scabbards and sheaths therefor.;;;;;;;N/A;;PDR;20240101;99991231;7;0;;;;;;
CA;9401100000;20240101;99991231;EN;Furniture. bedding, mattresses, mattress supports, cushions and similar stuffed furnishings. lamps and lighting fittings, not elsewhere specified or included. illuminated sign illuminated nameplates and the like. prefabricated buildings---Seats (other than those of heading 94.02), whether or not convertible into beds, and parts thereof.---Seats of a kind used for aircraft;;;;;;;ES;Furniture. bedding, mattresses, mattress supports, cushions and similar stuffed furnishings. lamps and lighting fittings, not elsewhere specified or included. illuminated sign illuminated nameplates and the like. prefabricated buildings---Seats (other than those of heading 94.02), whether or not convertible into beds, and parts thereof.---Seats of a kind used for aircraft;;;;;;;N/A;;PDR;20240101;99991231;0;0;;;;;;
CA;9401200010;20240101;99991231;EN;Furniture. bedding, mattresses, mattress supports, cushions and similar stuffed furnishings. lamps and lighting fittings, not elsewhere specified or included. illuminated sign illuminated nameplates and the like. prefabricated buildings---Seats (other than those of heading 94.02), whether or not convertible into beds, and parts thereof.---Seats of a kind used for motor vehicles---For buses, coaches or streetcars;;;;;;;ES;Furniture. bedding, mattresses, mattress supports, cushions and similar stuffed furnishings. lamps and lighting fittings, not elsewhere specified or included. illuminated sign illuminated nameplates and the like. prefabricated buildings---Seats (other than those of heading 94.02), whether or not convertible into beds, and parts thereof.---Seats of a kind used for motor vehicles---For buses, coaches or streetcars;;;;;;;N/A;;PDR;20240101;99991231;6;0;;;;;;
CA;9401200090;20240101;99991231;EN;Furniture. bedding, mattresses, mattress supports, cushions and similar stuffed furnishings. lamps and lighting fittings, not elsewhere specified or included. illuminated sign illuminated nameplates and the like. prefabricated buildings---Seats (other than those of heading 94.02), whether or not convertible into beds, and parts thereof.---Seats of a kind used for motor vehicles---Other;;;;;;;ES;Furniture. bedding, mattresses, mattress supports, cushions and similar stuffed furnishings. lamps and lighting fittings, not elsewhere specified or included. illuminated sign illuminated nameplates and the like. prefabricated buildings---Seats (other than those of heading 94.02), whether or not convertible into beds, and parts thereof.---Seats of a kind used for motor vehicles---Other;;;;;;;N/A;;PDR;20240101;99991231;6;0;;;;;;
CA;9401311000;20240101;99991231;EN;Furniture. bedding, mattresses, mattress supports, cushions and similar stuffed furnishings. lamps and lighting fittings, not elsewhere specified or included. illuminated sign illuminated nameplates and the like. prefabricated buildings---Seats (other than those of heading 94.02), whether or not convertible into beds, and parts thereof.---Swivel seats with variable height adjustment:---Of wood---For domestic purposes;;;;;;;ES;Furniture. bedding, mattresses, mattress supports, cushions and similar stuffed furnishings. lamps and lighting fittings, not elsewhere specified or included. illuminated sign illuminated nameplates and the like. prefabricated buildings---Seats (other than those of heading 94.02), whether or not convertible into beds, and parts thereof.---Swivel seats with variable height adjustment:---Of wood---For domestic purposes;;;;;;;N/A;;PDR;20240101;99991231;8;0;;;;;;
CA;9401319000;20240101;99991231;EN;Furniture. bedding, mattresses, mattress supports, cushions and similar stuffed furnishings. lamps and lighting fittings, not elsewhere specified or included. illuminated sign illuminated nameplates and the like. prefabricated buildings---Seats (other than those of heading 94.02), whether or not convertible into beds, and parts thereof.---Swivel seats with variable height adjustment:---Of wood---Other;;;;;;;ES;Furniture. bedding, mattresses, mattress supports, cushions and similar stuffed furnishings. lamps and lighting fittings, not elsewhere specified or included. illuminated sign illuminated nameplates and the like. prefabricated buildings---Seats (other than those of heading 94.02), whether or not convertible into beds, and parts thereof.---Swivel seats with variable height adjustment:---Of wood---Other;;;;;;;N/A;;PDR;20240101;99991231;0;0;;;;;;
CA;9401391000;20240101;99991231;EN;Furniture. bedding, mattresses, mattress supports, cushions and similar stuffed furnishings. lamps and lighting fittings, not elsewhere specified or included. illuminated sign illuminated nameplates and the like. prefabricated buildings---Seats (other than those of heading 94.02), whether or not convertible into beds, and parts thereof.---Swivel seats with variable height adjustment:---Other---For domestic purposes;;;;;;;ES;Furniture. bedding, mattresses, mattress supports, cushions and similar stuffed furnishings. lamps and lighting fittings, not elsewhere specified or included. illuminated sign illuminated nameplates and the like. prefabricated buildings---Seats (other than those of heading 94.02), whether or not convertible into beds, and parts thereof.---Swivel seats with variable height adjustment:---Other---For domestic purposes;;;;;;;N/A;;PDR;20240101;99991231;8;0;;;;;;
CA;9401399000;20240101;99991231;EN;Furniture. bedding, mattresses, mattress supports, cushions and similar stuffed furnishings. lamps and lighting fittings, not elsewhere specified or included. illuminated sign illuminated nameplates and the like. prefabricated buildings---Seats (other than those of heading 94.02), whether or not convertible into beds, and parts thereof.---Swivel seats with variable height adjustment:---Other---Other;;;;;;;ES;Furniture. bedding, mattresses, mattress supports, cushions and similar stuffed furnishings. lamps and lighting fittings, not elsewhere specified or included. illuminated sign illuminated nameplates and the like. prefabricated buildings---Seats (other than those of heading 94.02), whether or not convertible into beds, and parts thereof.---Swivel seats with variable height adjustment:---Other---Other;;;;;;;N/A;;PDR;20240101;99991231;0;0;;;;;;
CA;9401410000;20240101;99991231;EN;Furniture. bedding, mattresses, mattress supports, cushions and similar stuffed furnishings. lamps and lighting fittings, not elsewhere specified or included. illuminated sign illuminated nameplates and the like. prefabricated buildings---Seats (other than those of heading 94.02), whether or not convertible into beds, and parts thereof.---Seats other than garden seats or camping equipment, convertible into beds:---Of wood;;;;;;;ES;Furniture. bedding, mattresses, mattress supports, cushions and similar stuffed furnishings. lamps and lighting fittings, not elsewhere specified or included. illuminated sign illuminated nameplates and the like. prefabricated buildings---Seats (other than those of heading 94.02), whether or not convertible into beds, and parts thereof.---Seats other than garden seats or camping equipment, convertible into beds:---Of wood;;;;;;;N/A;;PDR;20240101;99991231;9.5;0;;;;;;
CA;9401490000;20240101;99991231;EN;Furniture. bedding, mattresses, mattress supports, cushions and similar stuffed furnishings. lamps and lighting fittings, not elsewhere specified or included. illuminated sign illuminated nameplates and the like. prefabricated buildings---Seats (other than those of heading 94.02), whether or not convertible into beds, and parts thereof.---Seats other than garden seats or camping equipment, convertible into beds:---Other;;;;;;;ES;Furniture. bedding, mattresses, mattress supports, cushions and similar stuffed furnishings. lamps and lighting fittings, not elsewhere specified or included. illuminated sign illuminated nameplates and the like. prefabricated buildings---Seats (other than those of heading 94.02), whether or not convertible into beds, and parts thereof.---Seats other than garden seats or camping equipment, convertible into beds:---Other;;;;;;;N/A;;PDR;20240101;99991231;9.5;0;;;;;;
CA;9401521000;20240101;99991231;EN;Furniture. bedding, mattresses, mattress supports, cushions and similar stuffed furnishings. lamps and lighting fittings, not elsewhere specified or included. illuminated sign illuminated nameplates and the like. prefabricated buildings---Seats (other than those of heading 94.02), whether or not convertible into beds, and parts thereof.---Seats of cane, osier, bamboo or similar materials:---Of bamboo---Unfinished and unassembled, for use in the manufacture of furniture of bamboo;;;;;;;ES;Furniture. bedding, mattresses, mattress supports, cushions and similar stuffed furnishings. lamps and lighting fittings, not elsewhere specified or included. illuminated sign illuminated nameplates and the like. prefabricated buildings---Seats (other than those of heading 94.02), whether or not convertible into beds, and parts thereof.---Seats of cane, osier, bamboo or similar materials:---Of bamboo---Unfinished and unassembled, for use in the manufacture of furniture of bamboo;;;;;;;N/A;;PDR;20240101;99991231;0;0;;;;;;
CA;9401529000;20240101;99991231;EN;Furniture. bedding, mattresses, mattress supports, cushions and similar stuffed furnishings. lamps and lighting fittings, not elsewhere specified or included. illuminated sign illuminated nameplates and the like. prefabricated buildings---Seats (other than those of heading 94.02), whether or not convertible into beds, and parts thereof.---Seats of cane, osier, bamboo or similar materials:---Of bamboo---Other;;;;;;;ES;Furniture. bedding, mattresses, mattress supports, cushions and similar stuffed furnishings. lamps and lighting fittings, not elsewhere specified or included. illuminated sign illuminated nameplates and the like. prefabricated buildings---Seats (other than those of heading 94.02), whether or not convertible into beds, and parts thereof.---Seats of cane, osier, bamboo or similar materials:---Of bamboo---Other;;;;;;;N/A;;PDR;20240101;99991231;9.5;0;;;;;;
CA;9401531000;20240101;99991231;EN;Furniture. bedding, mattresses, mattress supports, cushions and similar stuffed furnishings. lamps and lighting fittings, not elsewhere specified or included. illuminated sign illuminated nameplates and the like. prefabricated buildings---Seats (other than those of heading 94.02), whether or not convertible into beds, and parts thereof.---Seats of cane, osier, bamboo or similar materials:---Of rattan---Unfinished and unassembled, for use in the manufacture of furniture of rattan;;;;;;;ES;Furniture. bedding, mattresses, mattress supports, cushions and similar stuffed furnishings. lamps and lighting fittings, not elsewhere specified or included. illuminated sign illuminated nameplates and the like. prefabricated buildings---Seats (other than those of heading 94.02), whether or not convertible into beds, and parts thereof.---Seats of cane, osier, bamboo or similar materials:---Of rattan---Unfinished and unassembled, for use in the manufacture of furniture of rattan;;;;;;;N/A;;PDR;20240101;99991231;0;0;;;;;;
CA;9401539000;20240101;99991231;EN;Furniture. bedding, mattresses, mattress supports, cushions and similar stuffed furnishings. lamps and lighting fittings, not elsewhere specified or included. illuminated sign illuminated nameplates and the like. prefabricated buildings---Seats (other than those of heading 94.02), whether or not convertible into beds, and parts thereof.---Seats of cane, osier, bamboo or similar materials:---Of rattan---Other;;;;;;;ES;Furniture. bedding, mattresses, mattress supports, cushions and similar stuffed furnishings. lamps and lighting fittings, not elsewhere specified or included. illuminated sign illuminated nameplates and the like. prefabricated buildings---Seats (other than those of heading 94.02), whether or not convertible into beds, and parts thereof.---Seats of cane, osier, bamboo or similar materials:---Of rattan---Other;;;;;;;N/A;;PDR;20240101;99991231;9.5;0;;;;;;
CA;9401591000;20240101;99991231;EN;Furniture. bedding, mattresses, mattress supports, cushions and similar stuffed furnishings. lamps and lighting fittings, not elsewhere specified or included. illuminated sign illuminated nameplates and the like. prefabricated buildings---Seats (other than those of heading 94.02), whether or not convertible into beds, and parts thereof.---Seats of cane, osier, bamboo or similar materials:---Other---Unfinished and unassembled, for use in the manufacture of furniture of bamboo or rattan;;;;;;;ES;Furniture. bedding, mattresses, mattress supports, cushions and similar stuffed furnishings. lamps and lighting fittings, not elsewhere specified or included. illuminated sign illuminated nameplates and the like. prefabricated buildings---Seats (other than those of heading 94.02), whether or not convertible into beds, and parts thereof.---Seats of cane, osier, bamboo or similar materials:---Other---Unfinished and unassembled, for use in the manufacture of furniture of bamboo or rattan;;;;;;;N/A;;PDR;20240101;99991231;0;0;;;;;;
CA;9401599000;20240101;99991231;EN;Furniture. bedding, mattresses, mattress supports, cushions and similar stuffed furnishings. lamps and lighting fittings, not elsewhere specified or included. illuminated sign illuminated nameplates and the like. prefabricated buildings---Seats (other than those of heading 94.02), whether or not convertible into beds, and parts thereof.---Seats of cane, osier, bamboo or similar materials:---Other---Other;;;;;;;ES;Furniture. bedding, mattresses, mattress supports, cushions and similar stuffed furnishings. lamps and lighting fittings, not elsewhere specified or included. illuminated sign illuminated nameplates and the like. prefabricated buildings---Seats (other than those of heading 94.02), whether or not convertible into beds, and parts thereof.---Seats of cane, osier, bamboo or similar materials:---Other---Other;;;;;;;N/A;;PDR;20240101;99991231;9.5;0;;;;;;
CA;9401611010;20240101;99991231;EN;Furniture. bedding, mattresses, mattress supports, cushions and similar stuffed furnishings. lamps and lighting fittings, not elsewhere specified or included. illuminated sign illuminated nameplates and the like. prefabricated buildings---Seats (other than those of heading 94.02), whether or not convertible into beds, and parts thereof.---Other seats, with wooden frames:---Upholstered---For domestic purposes---Chairs;;;;;;;ES;Furniture. bedding, mattresses, mattress supports, cushions and similar stuffed furnishings. lamps and lighting fittings, not elsewhere specified or included. illuminated sign illuminated nameplates and the like. prefabricated buildings---Seats (other than those of heading 94.02), whether or not convertible into beds, and parts thereof.---Other seats, with wooden frames:---Upholstered---For domestic purposes---Chairs;;;;;;;N/A;;PDR;20240101;99991231;9.5;0;;;;;;
CA;9401611090;20240101;99991231;EN;Furniture. bedding, mattresses, mattress supports, cushions and similar stuffed furnishings. lamps and lighting fittings, not elsewhere specified or included. illuminated sign illuminated nameplates and the like. prefabricated buildings---Seats (other than those of heading 94.02), whether or not convertible into beds, and parts thereof.---Other seats, with wooden frames:---Upholstered---For domestic purposes---Other;;;;;;;ES;Furniture. bedding, mattresses, mattress supports, cushions and similar stuffed furnishings. lamps and lighting fittings, not elsewhere specified or included. illuminated sign illuminated nameplates and the like. prefabricated buildings---Seats (other than those of heading 94.02), whether or not convertible into beds, and parts thereof.---Other seats, with wooden frames:---Upholstered---For domestic purposes---Other;;;;;;;N/A;;PDR;20240101;99991231;9.5;0;;;;;;
CA;9401619000;20240101;99991231;EN;Furniture. bedding, mattresses, mattress supports, cushions and similar stuffed furnishings. lamps and lighting fittings, not elsewhere specified or included. illuminated sign illuminated nameplates and the like. prefabricated buildings---Seats (other than those of heading 94.02), whether or not convertible into beds, and parts thereof.---Other seats, with wooden frames:---Upholstered---Other;;;;;;;ES;Furniture. bedding, mattresses, mattress supports, cushions and similar stuffed furnishings. lamps and lighting fittings, not elsewhere specified or included. illuminated sign illuminated nameplates and the like. prefabricated buildings---Seats (other than those of heading 94.02), whether or not convertible into beds, and parts thereof.---Other seats, with wooden frames:---Upholstered---Other;;;;;;;N/A;;PDR;20240101;99991231;0;0;;;;;;
CA;9401691000;20240101;99991231;EN;Furniture. bedding, mattresses, mattress supports, cushions and similar stuffed furnishings. lamps and lighting fittings, not elsewhere specified or included. illuminated sign illuminated nameplates and the like. prefabricated buildings---Seats (other than those of heading 94.02), whether or not convertible into beds, and parts thereof.---Other seats, with wooden frames:---Other---For domestic purposes;;;;;;;ES;Furniture. bedding, mattresses, mattress supports, cushions and similar stuffed furnishings. lamps and lighting fittings, not elsewhere specified or included. illuminated sign illuminated nameplates and the like. prefabricated buildings---Seats (other than those of heading 94.02), whether or not convertible into beds, and parts thereof.---Other seats, with wooden frames:---Other---For domestic purposes;;;;;;;N/A;;PDR;20240101;99991231;9.5;0;;;;;;
CA;9401699000;20240101;99991231;EN;Furniture. bedding, mattresses, mattress supports, cushions and similar stuffed furnishings. lamps and lighting fittings, not elsewhere specified or included. illuminated sign illuminated nameplates and the like. prefabricated buildings---Seats (other than those of heading 94.02), whether or not convertible into beds, and parts thereof.---Other seats, with wooden frames:---Other---Other;;;;;;;ES;Furniture. bedding, mattresses, mattress supports, cushions and similar stuffed furnishings. lamps and lighting fittings, not elsewhere specified or included. illuminated sign illuminated nameplates and the like. prefabricated buildings---Seats (other than those of heading 94.02), whether or not convertible into beds, and parts thereof.---Other seats, with wooden frames:---Other---Other;;;;;;;N/A;;PDR;20240101;99991231;0;0;;;;;;
CA;9401711010;20240101;99991231;EN;Furniture. bedding, mattresses, mattress supports, cushions and similar stuffed furnishings. lamps and lighting fittings, not elsewhere specified or included. illuminated sign illuminated nameplates and the like. prefabricated buildings---Seats (other than those of heading 94.02), whether or not convertible into beds, and parts thereof.---Other seats, with metal frames:---Upholstered---For domestic purposes---Chairs;;;;;;;ES;Furniture. bedding, mattresses, mattress supports, cushions and similar stuffed furnishings. lamps and lighting fittings, not elsewhere specified or included. illuminated sign illuminated nameplates and the like. prefabricated buildings---Seats (other than those of heading 94.02), whether or not convertible into beds, and parts thereof.---Other seats, with metal frames:---Upholstered---For domestic purposes---Chairs;;;;;;;N/A;;PDR;20240101;99991231;8;0;;;;;;
CA;9401711090;20240101;99991231;EN;Furniture. bedding, mattresses, mattress supports, cushions and similar stuffed furnishings. lamps and lighting fittings, not elsewhere specified or included. illuminated sign illuminated nameplates and the like. prefabricated buildings---Seats (other than those of heading 94.02), whether or not convertible into beds, and parts thereof.---Other seats, with metal frames:---Upholstered---For domestic purposes---Other;;;;;;;ES;Furniture. bedding, mattresses, mattress supports, cushions and similar stuffed furnishings. lamps and lighting fittings, not elsewhere specified or included. illuminated sign illuminated nameplates and the like. prefabricated buildings---Seats (other than those of heading 94.02), whether or not convertible into beds, and parts thereof.---Other seats, with metal frames:---Upholstered---For domestic purposes---Other;;;;;;;N/A;;PDR;20240101;99991231;8;0;;;;;;
CA;9401719000;20240101;99991231;EN;Furniture. bedding, mattresses, mattress supports, cushions and similar stuffed furnishings. lamps and lighting fittings, not elsewhere specified or included. illuminated sign illuminated nameplates and the like. prefabricated buildings---Seats (other than those of heading 94.02), whether or not convertible into beds, and parts thereof.---Other seats, with metal frames:---Upholstered---Other;;;;;;;ES;Furniture. bedding, mattresses, mattress supports, cushions and similar stuffed furnishings. lamps and lighting fittings, not elsewhere specified or included. illuminated sign illuminated nameplates and the like. prefabricated buildings---Seats (other than those of heading 94.02), whether or not convertible into beds, and parts thereof.---Other seats, with metal frames:---Upholstered---Other;;;;;;;N/A;;PDR;20240101;99991231;0;0;;;;;;
CA;9401791000;20240101;99991231;EN;Furniture. bedding, mattresses, mattress supports, cushions and similar stuffed furnishings. lamps and lighting fittings, not elsewhere specified or included. illuminated sign illuminated nameplates and the like. prefabricated buildings---Seats (other than those of heading 94.02), whether or not convertible into beds, and parts thereof.---Other seats, with metal frames:---Other---For domestic purposes;;;;;;;ES;Furniture. bedding, mattresses, mattress supports, cushions and similar stuffed furnishings. lamps and lighting fittings, not elsewhere specified or included. illuminated sign illuminated nameplates and the like. prefabricated buildings---Seats (other than those of heading 94.02), whether or not convertible into beds, and parts thereof.---Other seats, with metal frames:---Other---For domestic purposes;;;;;;;N/A;;PDR;20240101;99991231;8;0;;;;;;
CA;9401799000;20240101;99991231;EN;Furniture. bedding, mattresses, mattress supports, cushions and similar stuffed furnishings. lamps and lighting fittings, not elsewhere specified or included. illuminated sign illuminated nameplates and the like. prefabricated buildings---Seats (other than those of heading 94.02), whether or not convertible into beds, and parts thereof.---Other seats, with metal frames:---Other---Other;;;;;;;ES;Furniture. bedding, mattresses, mattress supports, cushions and similar stuffed furnishings. lamps and lighting fittings, not elsewhere specified or included. illuminated sign illuminated nameplates and the like. prefabricated buildings---Seats (other than those of heading 94.02), whether or not convertible into beds, and parts thereof.---Other seats, with metal frames:---Other---Other;;;;;;;N/A;;PDR;20240101;99991231;0;0;;;;;;
CA;9401801000;20240101;99991231;EN;Furniture. bedding, mattresses, mattress supports, cushions and similar stuffed furnishings. lamps and lighting fittings, not elsewhere specified or included. illuminated sign illuminated nameplates and the like. prefabricated buildings---Seats (other than those of heading 94.02), whether or not convertible into beds, and parts thereof.---Other seats---For domestic purposes;;;;;;;ES;Furniture. bedding, mattresses, mattress supports, cushions and similar stuffed furnishings. lamps and lighting fittings, not elsewhere specified or included. illuminated sign illuminated nameplates and the like. prefabricated buildings---Seats (other than those of heading 94.02), whether or not convertible into beds, and parts thereof.---Other seats---For domestic purposes;;;;;;;N/A;;PDR;20240101;99991231;9.5;0;;;;;;
CA;9401809000;20240101;99991231;EN;Furniture. bedding, mattresses, mattress supports, cushions and similar stuffed furnishings. lamps and lighting fittings, not elsewhere specified or included. illuminated sign illuminated nameplates and the like. prefabricated buildings---Seats (other than those of heading 94.02), whether or not convertible into beds, and parts thereof.---Other seats---Other;;;;;;;ES;Furniture. bedding, mattresses, mattress supports, cushions and similar stuffed furnishings. lamps and lighting fittings, not elsewhere specified or included. illuminated sign illuminated nameplates and the like. prefabricated buildings---Seats (other than those of heading 94.02), whether or not convertible into beds, and parts thereof.---Other seats---Other;;;;;;;N/A;;PDR;20240101;99991231;0;0;;;;;;
CA;9401910000;20240101;99991231;EN;Furniture. bedding, mattresses, mattress supports, cushions and similar stuffed furnishings. lamps and lighting fittings, not elsewhere specified or included. illuminated sign illuminated nameplates and the like. prefabricated buildings---Seats (other than those of heading 94.02), whether or not convertible into beds, and parts thereof.---Parts:---Of wood;;;;;;;ES;Furniture. bedding, mattresses, mattress supports, cushions and similar stuffed furnishings. lamps and lighting fittings, not elsewhere specified or included. illuminated sign illuminated nameplates and the like. prefabricated buildings---Seats (other than those of heading 94.02), whether or not convertible into beds, and parts thereof.---Parts:---Of wood;;;;;;;N/A;;PDR;20240101;99991231;0;0;;;;;;
CA;9401990011;20240101;99991231;EN;Furniture. bedding, mattresses, mattress supports, cushions and similar stuffed furnishings. lamps and lighting fittings, not elsewhere specified or included. illuminated sign illuminated nameplates and the like. prefabricated buildings---Seats (other than those of heading 94.02), whether or not convertible into beds, and parts thereof.---Parts:---Other---For motor vehicles:. Of leather, cut to shape;;;;;;;ES;Furniture. bedding, mattresses, mattress supports, cushions and similar stuffed furnishings. lamps and lighting fittings, not elsewhere specified or included. illuminated sign illuminated nameplates and the like. prefabricated buildings---Seats (other than those of heading 94.02), whether or not convertible into beds, and parts thereof.---Parts:---Other---For motor vehicles:. Of leather, cut to shape;;;;;;;N/A;;PDR;20240101;99991231;0;0;;;;;;
CA;9401990012;20240101;99991231;EN;Furniture. bedding, mattresses, mattress supports, cushions and similar stuffed furnishings. lamps and lighting fittings, not elsewhere specified or included. illuminated sign illuminated nameplates and the like. prefabricated buildings---Seats (other than those of heading 94.02), whether or not convertible into beds, and parts thereof.---Parts:---Other---For motor vehicles:. Metal frames;;;;;;;ES;Furniture. bedding, mattresses, mattress supports, cushions and similar stuffed furnishings. lamps and lighting fittings, not elsewhere specified or included. illuminated sign illuminated nameplates and the like. prefabricated buildings---Seats (other than those of heading 94.02), whether or not convertible into beds, and parts thereof.---Parts:---Other---For motor vehicles:. Metal frames;;;;;;;N/A;;PDR;20240101;99991231;0;0;;;;;;
CA;9401990018;20240101;99991231;EN;Furniture. bedding, mattresses, mattress supports, cushions and similar stuffed furnishings. lamps and lighting fittings, not elsewhere specified or included. illuminated sign illuminated nameplates and the like. prefabricated buildings---Seats (other than those of heading 94.02), whether or not convertible into beds, and parts thereof.---Parts:---Other---For motor vehicles:. Other, of metal;;;;;;;ES;Furniture. bedding, mattresses, mattress supports, cushions and similar stuffed furnishings. lamps and lighting fittings, not elsewhere specified or included. illuminated sign illuminated nameplates and the like. prefabricated buildings---Seats (other than those of heading 94.02), whether or not convertible into beds, and parts thereof.---Parts:---Other---For motor vehicles:. Other, of metal;;;;;;;N/A;;PDR;20240101;99991231;0;0;;;;;;
CA;9401990019;20240101;99991231;EN;Furniture. bedding, mattresses, mattress supports, cushions and similar stuffed furnishings. lamps and lighting fittings, not elsewhere specified or included. illuminated sign illuminated nameplates and the like. prefabricated buildings---Seats (other than those of heading 94.02), whether or not convertible into beds, and parts thereof.---Parts:---Other---For motor vehicles:. Other;;;;;;;ES;Furniture. bedding, mattresses, mattress supports, cushions and similar stuffed furnishings. lamps and lighting fittings, not elsewhere specified or included. illuminated sign illuminated nameplates and the like. prefabricated buildings---Seats (other than those of heading 94.02), whether or not convertible into beds, and parts thereof.---Parts:---Other---For motor vehicles:. Other;;;;;;;N/A;;PDR;20240101;99991231;0;0;;;;;;
CA;9401990020;20240101;99991231;EN;Furniture. bedding, mattresses, mattress supports, cushions and similar stuffed furnishings. lamps and lighting fittings, not elsewhere specified or included. illuminated sign illuminated nameplates and the like. prefabricated buildings---Seats (other than those of heading 94.02), whether or not convertible into beds, and parts thereof.---Parts:---Other---Of metal;;;;;;;ES;Furniture. bedding, mattresses, mattress supports, cushions and similar stuffed furnishings. lamps and lighting fittings, not elsewhere specified or included. illuminated sign illuminated nameplates and the like. prefabricated buildings---Seats (other than those of heading 94.02), whether or not convertible into beds, and parts thereof.---Parts:---Other---Of metal;;;;;;;N/A;;PDR;20240101;99991231;0;0;;;;;;
CA;9401990090;20240101;99991231;EN;Furniture. bedding, mattresses, mattress supports, cushions and similar stuffed furnishings. lamps and lighting fittings, not elsewhere specified or included. illuminated sign illuminated nameplates and the like. prefabricated buildings---Seats (other than those of heading 94.02), whether or not convertible into beds, and parts thereof.---Parts:---Other---Other;;;;;;;ES;Furniture. bedding, mattresses, mattress supports, cushions and similar stuffed furnishings. lamps and lighting fittings, not elsewhere specified or included. illuminated sign illuminated nameplates and the like. prefabricated buildings---Seats (other than those of heading 94.02), whether or not convertible into beds, and parts thereof.---Parts:---Other---Other;;;;;;;N/A;;PDR;20240101;99991231;0;0;;;;;;
CA;9402100010;20240101;99991231;EN;Furniture. bedding, mattresses, mattress supports, cushions and similar stuffed furnishings. lamps and lighting fittings, not elsewhere specified or included. illuminated sign illuminated nameplates and the like. prefabricated buildings---Medical, surgical, dental or veterinary furniture (for example, operating tables, examination tables, hospital beds with mechanical fittings, dentists' chairs). barbers' chairs and similar chairs, having rotating as well as both reclining and elevating movements. parts of the foregoing articles.---Dentists', barbers' or similar chairs and parts thereof---Dentists' or chiropodists' chairs and parts thereof;;;;;;;ES;Furniture. bedding, mattresses, mattress supports, cushions and similar stuffed furnishings. lamps and lighting fittings, not elsewhere specified or included. illuminated sign illuminated nameplates and the like. prefabricated buildings---Medical, surgical, dental or veterinary furniture (for example, operating tables, examination tables, hospital beds with mechanical fittings, dentists' chairs). barbers' chairs and similar chairs, having rotating as well as both reclining and elevating movements. parts of the foregoing articles.---Dentists', barbers' or similar chairs and parts thereof---Dentists' or chiropodists' chairs and parts thereof;;;;;;;N/A;;PDR;20240101;99991231;0;0;;;;;;
CA;9402100090;20240101;99991231;EN;Furniture. bedding, mattresses, mattress supports, cushions and similar stuffed furnishings. lamps and lighting fittings, not elsewhere specified or included. illuminated sign illuminated nameplates and the like. prefabricated buildings---Medical, surgical, dental or veterinary furniture (for example, operating tables, examination tables, hospital beds with mechanical fittings, dentists' chairs). barbers' chairs and similar chairs, having rotating as well as both reclining and elevating movements. parts of the foregoing articles.---Dentists', barbers' or similar chairs and parts thereof---Other;;;;;;;ES;Furniture. bedding, mattresses, mattress supports, cushions and similar stuffed furnishings. lamps and lighting fittings, not elsewhere specified or included. illuminated sign illuminated nameplates and the like. prefabricated buildings---Medical, surgical, dental or veterinary furniture (for example, operating tables, examination tables, hospital beds with mechanical fittings, dentists' chairs). barbers' chairs and similar chairs, having rotating as well as both reclining and elevating movements. parts of the foregoing articles.---Dentists', barbers' or similar chairs and parts thereof---Other;;;;;;;N/A;;PDR;20240101;99991231;0;0;;;;;;
CA;9402900010;20240101;99991231;EN;Furniture. bedding, mattresses, mattress supports, cushions and similar stuffed furnishings. lamps and lighting fittings, not elsewhere specified or included. illuminated sign illuminated nameplates and the like. prefabricated buildings---Medical, surgical, dental or veterinary furniture (for example, operating tables, examination tables, hospital beds with mechanical fittings, dentists' chairs). barbers' chairs and similar chairs, having rotating as well as both reclining and elevating movements. parts of the foregoing articles.---Other---Operating tables and parts thereof;;;;;;;ES;Furniture. bedding, mattresses, mattress supports, cushions and similar stuffed furnishings. lamps and lighting fittings, not elsewhere specified or included. illuminated sign illuminated nameplates and the like. prefabricated buildings---Medical, surgical, dental or veterinary furniture (for example, operating tables, examination tables, hospital beds with mechanical fittings, dentists' chairs). barbers' chairs and similar chairs, having rotating as well as both reclining and elevating movements. parts of the foregoing articles.---Other---Operating tables and parts thereof;;;;;;;N/A;;PDR;20240101;99991231;0;0;;;;;;
CA;9402900020;20240101;99991231;EN;Furniture. bedding, mattresses, mattress supports, cushions and similar stuffed furnishings. lamps and lighting fittings, not elsewhere specified or included. illuminated sign illuminated nameplates and the like. prefabricated buildings---Medical, surgical, dental or veterinary furniture (for example, operating tables, examination tables, hospital beds with mechanical fittings, dentists' chairs). barbers' chairs and similar chairs, having rotating as well as both reclining and elevating movements. parts of the foregoing articles.---Other---Hospital beds with mechanical fittings and parts thereof;;;;;;;ES;Furniture. bedding, mattresses, mattress supports, cushions and similar stuffed furnishings. lamps and lighting fittings, not elsewhere specified or included. illuminated sign illuminated nameplates and the like. prefabricated buildings---Medical, surgical, dental or veterinary furniture (for example, operating tables, examination tables, hospital beds with mechanical fittings, dentists' chairs). barbers' chairs and similar chairs, having rotating as well as both reclining and elevating movements. parts of the foregoing articles.---Other---Hospital beds with mechanical fittings and parts thereof;;;;;;;N/A;;PDR;20240101;99991231;0;0;;;;;;
CA;9402900090;20240101;99991231;EN;Furniture. bedding, mattresses, mattress supports, cushions and similar stuffed furnishings. lamps and lighting fittings, not elsewhere specified or included. illuminated sign illuminated nameplates and the like. prefabricated buildings---Medical, surgical, dental or veterinary furniture (for example, operating tables, examination tables, hospital beds with mechanical fittings, dentists' chairs). barbers' chairs and similar chairs, having rotating as well as both reclining and elevating movements. parts of the foregoing articles.---Other---Other;;;;;;;ES;Furniture. bedding, mattresses, mattress supports, cushions and similar stuffed furnishings. lamps and lighting fittings, not elsewhere specified or included. illuminated sign illuminated nameplates and the like. prefabricated buildings---Medical, surgical, dental or veterinary furniture (for example, operating tables, examination tables, hospital beds with mechanical fittings, dentists' chairs). barbers' chairs and similar chairs, having rotating as well as both reclining and elevating movements. parts of the foregoing articles.---Other---Other;;;;;;;N/A;;PDR;20240101;99991231;0;0;;;;;;
CA;9403100010;20240101;99991231;EN;Furniture. bedding, mattresses, mattress supports, cushions and similar stuffed furnishings. lamps and lighting fittings, not elsewhere specified or included. illuminated sign illuminated nameplates and the like. prefabricated buildings---Other furniture and parts thereof.---Metal furniture of a kind used in offices---Filing cabinets;;;;;;;ES;Furniture. bedding, mattresses, mattress supports, cushions and similar stuffed furnishings. lamps and lighting fittings, not elsewhere specified or included. illuminated sign illuminated nameplates and the like. prefabricated buildings---Other furniture and parts thereof.---Metal furniture of a kind used in offices---Filing cabinets;;;;;;;N/A;;PDR;20240101;99991231;0;0;;;;;;
CA;9403100091;20240101;99991231;EN;Furniture. bedding, mattresses, mattress supports, cushions and similar stuffed furnishings. lamps and lighting fittings, not elsewhere specified or included. illuminated sign illuminated nameplates and the like. prefabricated buildings---Other furniture and parts thereof.---Metal furniture of a kind used in offices---Other:. Desks;;;;;;;ES;Furniture. bedding, mattresses, mattress supports, cushions and similar stuffed furnishings. lamps and lighting fittings, not elsewhere specified or included. illuminated sign illuminated nameplates and the like. prefabricated buildings---Other furniture and parts thereof.---Metal furniture of a kind used in offices---Other:. Desks;;;;;;;N/A;;PDR;20240101;99991231;0;0;;;;;;
CA;9403100092;20240101;99991231;EN;Furniture. bedding, mattresses, mattress supports, cushions and similar stuffed furnishings. lamps and lighting fittings, not elsewhere specified or included. illuminated sign illuminated nameplates and the like. prefabricated buildings---Other furniture and parts thereof.---Metal furniture of a kind used in offices---Other:. Tables, excluding tracing tables;;;;;;;ES;Furniture. bedding, mattresses, mattress supports, cushions and similar stuffed furnishings. lamps and lighting fittings, not elsewhere specified or included. illuminated sign illuminated nameplates and the like. prefabricated buildings---Other furniture and parts thereof.---Metal furniture of a kind used in offices---Other:. Tables, excluding tracing tables;;;;;;;N/A;;PDR;20240101;99991231;0;0;;;;;;
CA;9403100099;20240101;99991231;EN;Furniture. bedding, mattresses, mattress supports, cushions and similar stuffed furnishings. lamps and lighting fittings, not elsewhere specified or included. illuminated sign illuminated nameplates and the like. prefabricated buildings---Other furniture and parts thereof.---Metal furniture of a kind used in offices---Other:. Other;;;;;;;ES;Furniture. bedding, mattresses, mattress supports, cushions and similar stuffed furnishings. lamps and lighting fittings, not elsewhere specified or included. illuminated sign illuminated nameplates and the like. prefabricated buildings---Other furniture and parts thereof.---Metal furniture of a kind used in offices---Other:. Other;;;;;;;N/A;;PDR;20240101;99991231;0;0;;;;;;
CA;9403200010;20240101;99991231;EN;Furniture. bedding, mattresses, mattress supports, cushions and similar stuffed furnishings. lamps and lighting fittings, not elsewhere specified or included. illuminated sign illuminated nameplates and the like. prefabricated buildings---Other furniture and parts thereof.---Other metal furniture---Beds and cots, excluding children's furniture;;;;;;;ES;Furniture. bedding, mattresses, mattress supports, cushions and similar stuffed furnishings. lamps and lighting fittings, not elsewhere specified or included. illuminated sign illuminated nameplates and the like. prefabricated buildings---Other furniture and parts thereof.---Other metal furniture---Beds and cots, excluding children's furniture;;;;;;;N/A;;PDR;20240101;99991231;8;0;;;;;;
CA;9403200020;20240101;99991231;EN;Furniture. bedding, mattresses, mattress supports, cushions and similar stuffed furnishings. lamps and lighting fittings, not elsewhere specified or included. illuminated sign illuminated nameplates and the like. prefabricated buildings---Other furniture and parts thereof.---Other metal furniture---Cabinets;;;;;;;ES;Furniture. bedding, mattresses, mattress supports, cushions and similar stuffed furnishings. lamps and lighting fittings, not elsewhere specified or included. illuminated sign illuminated nameplates and the like. prefabricated buildings---Other furniture and parts thereof.---Other metal furniture---Cabinets;;;;;;;N/A;;PDR;20240101;99991231;8;0;;;;;;
CA;9403200050;20240101;99991231;EN;Furniture. bedding, mattresses, mattress supports, cushions and similar stuffed furnishings. lamps and lighting fittings, not elsewhere specified or included. illuminated sign illuminated nameplates and the like. prefabricated buildings---Other furniture and parts thereof.---Other metal furniture---Outdoor furniture;;;;;;;ES;Furniture. bedding, mattresses, mattress supports, cushions and similar stuffed furnishings. lamps and lighting fittings, not elsewhere specified or included. illuminated sign illuminated nameplates and the like. prefabricated buildings---Other furniture and parts thereof.---Other metal furniture---Outdoor furniture;;;;;;;N/A;;PDR;20240101;99991231;8;0;;;;;;
CA;9403200060;20240101;99991231;EN;Furniture. bedding, mattresses, mattress supports, cushions and similar stuffed furnishings. lamps and lighting fittings, not elsewhere specified or included. illuminated sign illuminated nameplates and the like. prefabricated buildings---Other furniture and parts thereof.---Other metal furniture---Shelving;;;;;;;ES;Furniture. bedding, mattresses, mattress supports, cushions and similar stuffed furnishings. lamps and lighting fittings, not elsewhere specified or included. illuminated sign illuminated nameplates and the like. prefabricated buildings---Other furniture and parts thereof.---Other metal furniture---Shelving;;;;;;;N/A;;PDR;20240101;99991231;8;0;;;;;;
CA;9403200070;20240101;99991231;EN;Furniture. bedding, mattresses, mattress supports, cushions and similar stuffed furnishings. lamps and lighting fittings, not elsewhere specified or included. illuminated sign illuminated nameplates and the like. prefabricated buildings---Other furniture and parts thereof.---Other metal furniture---Showcases, counters, lockers, racks or partitions;;;;;;;ES;Furniture. bedding, mattresses, mattress supports, cushions and similar stuffed furnishings. lamps and lighting fittings, not elsewhere specified or included. illuminated sign illuminated nameplates and the like. prefabricated buildings---Other furniture and parts thereof.---Other metal furniture---Showcases, counters, lockers, racks or partitions;;;;;;;N/A;;PDR;20240101;99991231;8;0;;;;;;
CA;9403200080;20240101;99991231;EN;Furniture. bedding, mattresses, mattress supports, cushions and similar stuffed furnishings. lamps and lighting fittings, not elsewhere specified or included. illuminated sign illuminated nameplates and the like. prefabricated buildings---Other furniture and parts thereof.---Other metal furniture---Children's indoor furniture;;;;;;;ES;Furniture. bedding, mattresses, mattress supports, cushions and similar stuffed furnishings. lamps and lighting fittings, not elsewhere specified or included. illuminated sign illuminated nameplates and the like. prefabricated buildings---Other furniture and parts thereof.---Other metal furniture---Children's indoor furniture;;;;;;;N/A;;PDR;20240101;99991231;8;0;;;;;;
CA;9403200091;20240101;99991231;EN;Furniture. bedding, mattresses, mattress supports, cushions and similar stuffed furnishings. lamps and lighting fittings, not elsewhere specified or included. illuminated sign illuminated nameplates and the like. prefabricated buildings---Other furniture and parts thereof.---Other metal furniture---Other:. Living room furniture;;;;;;;ES;Furniture. bedding, mattresses, mattress supports, cushions and similar stuffed furnishings. lamps and lighting fittings, not elsewhere specified or included. illuminated sign illuminated nameplates and the like. prefabricated buildings---Other furniture and parts thereof.---Other metal furniture---Other:. Living room furniture;;;;;;;N/A;;PDR;20240101;99991231;8;0;;;;;;
CA;9403200093;20240101;99991231;EN;Furniture. bedding, mattresses, mattress supports, cushions and similar stuffed furnishings. lamps and lighting fittings, not elsewhere specified or included. illuminated sign illuminated nameplates and the like. prefabricated buildings---Other furniture and parts thereof.---Other metal furniture---Other:. Dining room furniture;;;;;;;ES;Furniture. bedding, mattresses, mattress supports, cushions and similar stuffed furnishings. lamps and lighting fittings, not elsewhere specified or included. illuminated sign illuminated nameplates and the like. prefabricated buildings---Other furniture and parts thereof.---Other metal furniture---Other:. Dining room furniture;;;;;;;N/A;;PDR;20240101;99991231;8;0;;;;;;
CA;9403200094;20240101;99991231;EN;Furniture. bedding, mattresses, mattress supports, cushions and similar stuffed furnishings. lamps and lighting fittings, not elsewhere specified or included. illuminated sign illuminated nameplates and the like. prefabricated buildings---Other furniture and parts thereof.---Other metal furniture---Other:. Kitchen or dinette furniture;;;;;;;ES;Furniture. bedding, mattresses, mattress supports, cushions and similar stuffed furnishings. lamps and lighting fittings, not elsewhere specified or included. illuminated sign illuminated nameplates and the like. prefabricated buildings---Other furniture and parts thereof.---Other metal furniture---Other:. Kitchen or dinette furniture;;;;;;;N/A;;PDR;20240101;99991231;8;0;;;;;;
CA;9403200099;20240101;99991231;EN;Furniture. bedding, mattresses, mattress supports, cushions and similar stuffed furnishings. lamps and lighting fittings, not elsewhere specified or included. illuminated sign illuminated nameplates and the like. prefabricated buildings---Other furniture and parts thereof.---Other metal furniture---Other:. Other;;;;;;;ES;Furniture. bedding, mattresses, mattress supports, cushions and similar stuffed furnishings. lamps and lighting fittings, not elsewhere specified or included. illuminated sign illuminated nameplates and the like. prefabricated buildings---Other furniture and parts thereof.---Other metal furniture---Other:. Other;;;;;;;N/A;;PDR;20240101;99991231;8;0;;;;;;
CA;9403300010;20240101;99991231;EN;Furniture. bedding, mattresses, mattress supports, cushions and similar stuffed furnishings. lamps and lighting fittings, not elsewhere specified or included. illuminated sign illuminated nameplates and the like. prefabricated buildings---Other furniture and parts thereof.---Wooden furniture of a kind used in offices---Desks;;;;;;;ES;Furniture. bedding, mattresses, mattress supports, cushions and similar stuffed furnishings. lamps and lighting fittings, not elsewhere specified or included. illuminated sign illuminated nameplates and the like. prefabricated buildings---Other furniture and parts thereof.---Wooden furniture of a kind used in offices---Desks;;;;;;;N/A;;PDR;20240101;99991231;0;0;;;;;;
CA;9403300020;20240101;99991231;EN;Furniture. bedding, mattresses, mattress supports, cushions and similar stuffed furnishings. lamps and lighting fittings, not elsewhere specified or included. illuminated sign illuminated nameplates and the like. prefabricated buildings---Other furniture and parts thereof.---Wooden furniture of a kind used in offices---Record-keeping equipment;;;;;;;ES;Furniture. bedding, mattresses, mattress supports, cushions and similar stuffed furnishings. lamps and lighting fittings, not elsewhere specified or included. illuminated sign illuminated nameplates and the like. prefabricated buildings---Other furniture and parts thereof.---Wooden furniture of a kind used in offices---Record-keeping equipment;;;;;;;N/A;;PDR;20240101;99991231;0;0;;;;;;
CA;9403300030;20240101;99991231;EN;Furniture. bedding, mattresses, mattress supports, cushions and similar stuffed furnishings. lamps and lighting fittings, not elsewhere specified or included. illuminated sign illuminated nameplates and the like. prefabricated buildings---Other furniture and parts thereof.---Wooden furniture of a kind used in offices---Tables;;;;;;;ES;Furniture. bedding, mattresses, mattress supports, cushions and similar stuffed furnishings. lamps and lighting fittings, not elsewhere specified or included. illuminated sign illuminated nameplates and the like. prefabricated buildings---Other furniture and parts thereof.---Wooden furniture of a kind used in offices---Tables;;;;;;;N/A;;PDR;20240101;99991231;0;0;;;;;;
CA;9403300090;20240101;99991231;EN;Furniture. bedding, mattresses, mattress supports, cushions and similar stuffed furnishings. lamps and lighting fittings, not elsewhere specified or included. illuminated sign illuminated nameplates and the like. prefabricated buildings---Other furniture and parts thereof.---Wooden furniture of a kind used in offices---Other;;;;;;;ES;Furniture. bedding, mattresses, mattress supports, cushions and similar stuffed furnishings. lamps and lighting fittings, not elsewhere specified or included. illuminated sign illuminated nameplates and the like. prefabricated buildings---Other furniture and parts thereof.---Wooden furniture of a kind used in offices---Other;;;;;;;N/A;;PDR;20240101;99991231;0;0;;;;;;
CA;9403400010;20240101;99991231;EN;Furniture. bedding, mattresses, mattress supports, cushions and similar stuffed furnishings. lamps and lighting fittings, not elsewhere specified or included. illuminated sign illuminated nameplates and the like. prefabricated buildings---Other furniture and parts thereof.---Wooden furniture of a kind used in the kitchen---Kitchen cabinets;;;;;;;ES;Furniture. bedding, mattresses, mattress supports, cushions and similar stuffed furnishings. lamps and lighting fittings, not elsewhere specified or included. illuminated sign illuminated nameplates and the like. prefabricated buildings---Other furniture and parts thereof.---Wooden furniture of a kind used in the kitchen---Kitchen cabinets;;;;;;;N/A;;PDR;20240101;99991231;9.5;0;;;;;;
CA;9403400090;20240101;99991231;EN;Furniture. bedding, mattresses, mattress supports, cushions and similar stuffed furnishings. lamps and lighting fittings, not elsewhere specified or included. illuminated sign illuminated nameplates and the like. prefabricated buildings---Other furniture and parts thereof.---Wooden furniture of a kind used in the kitchen---Other;;;;;;;ES;Furniture. bedding, mattresses, mattress supports, cushions and similar stuffed furnishings. lamps and lighting fittings, not elsewhere specified or included. illuminated sign illuminated nameplates and the like. prefabricated buildings---Other furniture and parts thereof.---Wooden furniture of a kind used in the kitchen---Other;;;;;;;N/A;;PDR;20240101;99991231;9.5;0;;;;;;
CA;9403500010;20240101;99991231;EN;Furniture. bedding, mattresses, mattress supports, cushions and similar stuffed furnishings. lamps and lighting fittings, not elsewhere specified or included. illuminated sign illuminated nameplates and the like. prefabricated buildings---Other furniture and parts thereof.---Wooden furniture of a kind used in the bedroom---Cribs;;;;;;;ES;Furniture. bedding, mattresses, mattress supports, cushions and similar stuffed furnishings. lamps and lighting fittings, not elsewhere specified or included. illuminated sign illuminated nameplates and the like. prefabricated buildings---Other furniture and parts thereof.---Wooden furniture of a kind used in the bedroom---Cribs;;;;;;;N/A;;PDR;20240101;99991231;9.5;0;;;;;;
CA;9403500020;20240101;99991231;EN;Furniture. bedding, mattresses, mattress supports, cushions and similar stuffed furnishings. lamps and lighting fittings, not elsewhere specified or included. illuminated sign illuminated nameplates and the like. prefabricated buildings---Other furniture and parts thereof.---Wooden furniture of a kind used in the bedroom---Bunk beds;;;;;;;ES;Furniture. bedding, mattresses, mattress supports, cushions and similar stuffed furnishings. lamps and lighting fittings, not elsewhere specified or included. illuminated sign illuminated nameplates and the like. prefabricated buildings---Other furniture and parts thereof.---Wooden furniture of a kind used in the bedroom---Bunk beds;;;;;;;N/A;;PDR;20240101;99991231;9.5;0;;;;;;
CA;9403500090;20240101;99991231;EN;Furniture. bedding, mattresses, mattress supports, cushions and similar stuffed furnishings. lamps and lighting fittings, not elsewhere specified or included. illuminated sign illuminated nameplates and the like. prefabricated buildings---Other furniture and parts thereof.---Wooden furniture of a kind used in the bedroom---Other;;;;;;;ES;Furniture. bedding, mattresses, mattress supports, cushions and similar stuffed furnishings. lamps and lighting fittings, not elsewhere specified or included. illuminated sign illuminated nameplates and the like. prefabricated buildings---Other furniture and parts thereof.---Wooden furniture of a kind used in the bedroom---Other;;;;;;;N/A;;PDR;20240101;99991231;9.5;0;;;;;;
CA;9403601010;20240101;99991231;EN;Furniture. bedding, mattresses, mattress supports, cushions and similar stuffed furnishings. lamps and lighting fittings, not elsewhere specified or included. illuminated sign illuminated nameplates and the like. prefabricated buildings---Other furniture and parts thereof.---Other wooden furniture---For domestic purposes---Desks, excluding children's furniture;;;;;;;ES;Furniture. bedding, mattresses, mattress supports, cushions and similar stuffed furnishings. lamps and lighting fittings, not elsewhere specified or included. illuminated sign illuminated nameplates and the like. prefabricated buildings---Other furniture and parts thereof.---Other wooden furniture---For domestic purposes---Desks, excluding children's furniture;;;;;;;N/A;;PDR;20240101;99991231;9.5;0;;;;;;
CA;9403601031;20240101;99991231;EN;Furniture. bedding, mattresses, mattress supports, cushions and similar stuffed furnishings. lamps and lighting fittings, not elsewhere specified or included. illuminated sign illuminated nameplates and the like. prefabricated buildings---Other furniture and parts thereof.---Other wooden furniture---For domestic purposes---Cabinets:. Medicine or vanity cabinets;;;;;;;ES;Furniture. bedding, mattresses, mattress supports, cushions and similar stuffed furnishings. lamps and lighting fittings, not elsewhere specified or included. illuminated sign illuminated nameplates and the like. prefabricated buildings---Other furniture and parts thereof.---Other wooden furniture---For domestic purposes---Cabinets:. Medicine or vanity cabinets;;;;;;;N/A;;PDR;20240101;99991231;9.5;0;;;;;;
CA;9403601039;20240101;99991231;EN;Furniture. bedding, mattresses, mattress supports, cushions and similar stuffed furnishings. lamps and lighting fittings, not elsewhere specified or included. illuminated sign illuminated nameplates and the like. prefabricated buildings---Other furniture and parts thereof.---Other wooden furniture---For domestic purposes---Cabinets:. Other;;;;;;;ES;Furniture. bedding, mattresses, mattress supports, cushions and similar stuffed furnishings. lamps and lighting fittings, not elsewhere specified or included. illuminated sign illuminated nameplates and the like. prefabricated buildings---Other furniture and parts thereof.---Other wooden furniture---For domestic purposes---Cabinets:. Other;;;;;;;N/A;;PDR;20240101;99991231;9.5;0;;;;;;
CA;9403601040;20240101;99991231;EN;Furniture. bedding, mattresses, mattress supports, cushions and similar stuffed furnishings. lamps and lighting fittings, not elsewhere specified or included. illuminated sign illuminated nameplates and the like. prefabricated buildings---Other furniture and parts thereof.---Other wooden furniture---For domestic purposes---Outdoor furniture;;;;;;;ES;Furniture. bedding, mattresses, mattress supports, cushions and similar stuffed furnishings. lamps and lighting fittings, not elsewhere specified or included. illuminated sign illuminated nameplates and the like. prefabricated buildings---Other furniture and parts thereof.---Other wooden furniture---For domestic purposes---Outdoor furniture;;;;;;;N/A;;PDR;20240101;99991231;9.5;0;;;;;;
CA;9403601060;20240101;99991231;EN;Furniture. bedding, mattresses, mattress supports, cushions and similar stuffed furnishings. lamps and lighting fittings, not elsewhere specified or included. illuminated sign illuminated nameplates and the like. prefabricated buildings---Other furniture and parts thereof.---Other wooden furniture---For domestic purposes---Shelving;;;;;;;ES;Furniture. bedding, mattresses, mattress supports, cushions and similar stuffed furnishings. lamps and lighting fittings, not elsewhere specified or included. illuminated sign illuminated nameplates and the like. prefabricated buildings---Other furniture and parts thereof.---Other wooden furniture---For domestic purposes---Shelving;;;;;;;N/A;;PDR;20240101;99991231;9.5;0;;;;;;
CA;9403601070;20240101;99991231;EN;Furniture. bedding, mattresses, mattress supports, cushions and similar stuffed furnishings. lamps and lighting fittings, not elsewhere specified or included. illuminated sign illuminated nameplates and the like. prefabricated buildings---Other furniture and parts thereof.---Other wooden furniture---For domestic purposes---Children's indoor furniture;;;;;;;ES;Furniture. bedding, mattresses, mattress supports, cushions and similar stuffed furnishings. lamps and lighting fittings, not elsewhere specified or included. illuminated sign illuminated nameplates and the like. prefabricated buildings---Other furniture and parts thereof.---Other wooden furniture---For domestic purposes---Children's indoor furniture;;;;;;;N/A;;PDR;20240101;99991231;9.5;0;;;;;;
CA;9403601091;20240101;99991231;EN;Furniture. bedding, mattresses, mattress supports, cushions and similar stuffed furnishings. lamps and lighting fittings, not elsewhere specified or included. illuminated sign illuminated nameplates and the like. prefabricated buildings---Other furniture and parts thereof.---Other wooden furniture---For domestic purposes---Other:. Living room furniture;;;;;;;ES;Furniture. bedding, mattresses, mattress supports, cushions and similar stuffed furnishings. lamps and lighting fittings, not elsewhere specified or included. illuminated sign illuminated nameplates and the like. prefabricated buildings---Other furniture and parts thereof.---Other wooden furniture---For domestic purposes---Other:. Living room furniture;;;;;;;N/A;;PDR;20240101;99991231;9.5;0;;;;;;
CA;9403601092;20240101;99991231;EN;Furniture. bedding, mattresses, mattress supports, cushions and similar stuffed furnishings. lamps and lighting fittings, not elsewhere specified or included. illuminated sign illuminated nameplates and the like. prefabricated buildings---Other furniture and parts thereof.---Other wooden furniture---For domestic purposes---Other:. Dining room furniture;;;;;;;ES;Furniture. bedding, mattresses, mattress supports, cushions and similar stuffed furnishings. lamps and lighting fittings, not elsewhere specified or included. illuminated sign illuminated nameplates and the like. prefabricated buildings---Other furniture and parts thereof.---Other wooden furniture---For domestic purposes---Other:. Dining room furniture;;;;;;;N/A;;PDR;20240101;99991231;9.5;0;;;;;;
CA;9403601099;20240101;99991231;EN;Furniture. bedding, mattresses, mattress supports, cushions and similar stuffed furnishings. lamps and lighting fittings, not elsewhere specified or included. illuminated sign illuminated nameplates and the like. prefabricated buildings---Other furniture and parts thereof.---Other wooden furniture---For domestic purposes---Other:. Other;;;;;;;ES;Furniture. bedding, mattresses, mattress supports, cushions and similar stuffed furnishings. lamps and lighting fittings, not elsewhere specified or included. illuminated sign illuminated nameplates and the like. prefabricated buildings---Other furniture and parts thereof.---Other wooden furniture---For domestic purposes---Other:. Other;;;;;;;N/A;;PDR;20240101;99991231;9.5;0;;;;;;
CA;9403609020;20240101;99991231;EN;Furniture. bedding, mattresses, mattress supports, cushions and similar stuffed furnishings. lamps and lighting fittings, not elsewhere specified or included. illuminated sign illuminated nameplates and the like. prefabricated buildings---Other furniture and parts thereof.---Other wooden furniture---Other---Cabinets;;;;;;;ES;Furniture. bedding, mattresses, mattress supports, cushions and similar stuffed furnishings. lamps and lighting fittings, not elsewhere specified or included. illuminated sign illuminated nameplates and the like. prefabricated buildings---Other furniture and parts thereof.---Other wooden furniture---Other---Cabinets;;;;;;;N/A;;PDR;20240101;99991231;0;0;;;;;;
CA;9403609040;20240101;99991231;EN;Furniture. bedding, mattresses, mattress supports, cushions and similar stuffed furnishings. lamps and lighting fittings, not elsewhere specified or included. illuminated sign illuminated nameplates and the like. prefabricated buildings---Other furniture and parts thereof.---Other wooden furniture---Other---Show-cases;;;;;;;ES;Furniture. bedding, mattresses, mattress supports, cushions and similar stuffed furnishings. lamps and lighting fittings, not elsewhere specified or included. illuminated sign illuminated nameplates and the like. prefabricated buildings---Other furniture and parts thereof.---Other wooden furniture---Other---Show-cases;;;;;;;N/A;;PDR;20240101;99991231;0;0;;;;;;
CA;9403609050;20240101;99991231;EN;Furniture. bedding, mattresses, mattress supports, cushions and similar stuffed furnishings. lamps and lighting fittings, not elsewhere specified or included. illuminated sign illuminated nameplates and the like. prefabricated buildings---Other furniture and parts thereof.---Other wooden furniture---Other---Shelving;;;;;;;ES;Furniture. bedding, mattresses, mattress supports, cushions and similar stuffed furnishings. lamps and lighting fittings, not elsewhere specified or included. illuminated sign illuminated nameplates and the like. prefabricated buildings---Other furniture and parts thereof.---Other wooden furniture---Other---Shelving;;;;;;;N/A;;PDR;20240101;99991231;0;0;;;;;;
CA;9403609090;20240101;99991231;EN;Furniture. bedding, mattresses, mattress supports, cushions and similar stuffed furnishings. lamps and lighting fittings, not elsewhere specified or included. illuminated sign illuminated nameplates and the like. prefabricated buildings---Other furniture and parts thereof.---Other wooden furniture---Other---Other;;;;;;;ES;Furniture. bedding, mattresses, mattress supports, cushions and similar stuffed furnishings. lamps and lighting fittings, not elsewhere specified or included. illuminated sign illuminated nameplates and the like. prefabricated buildings---Other furniture and parts thereof.---Other wooden furniture---Other---Other;;;;;;;N/A;;PDR;20240101;99991231;0;0;;;;;;
CA;9403701000;20240101;99991231;EN;Furniture. bedding, mattresses, mattress supports, cushions and similar stuffed furnishings. lamps and lighting fittings, not elsewhere specified or included. illuminated sign illuminated nameplates and the like. prefabricated buildings---Other furniture and parts thereof.---Furniture of plastics---For domestic purposes;;;;;;;ES;Furniture. bedding, mattresses, mattress supports, cushions and similar stuffed furnishings. lamps and lighting fittings, not elsewhere specified or included. illuminated sign illuminated nameplates and the like. prefabricated buildings---Other furniture and parts thereof.---Furniture of plastics---For domestic purposes;;;;;;;N/A;;PDR;20240101;99991231;9.5;0;;;;;;
CA;9403709000;20240101;99991231;EN;Furniture. bedding, mattresses, mattress supports, cushions and similar stuffed furnishings. lamps and lighting fittings, not elsewhere specified or included. illuminated sign illuminated nameplates and the like. prefabricated buildings---Other furniture and parts thereof.---Furniture of plastics---Other;;;;;;;ES;Furniture. bedding, mattresses, mattress supports, cushions and similar stuffed furnishings. lamps and lighting fittings, not elsewhere specified or included. illuminated sign illuminated nameplates and the like. prefabricated buildings---Other furniture and parts thereof.---Furniture of plastics---Other;;;;;;;N/A;;PDR;20240101;99991231;0;0;;;;;;
CA;9403821100;20240101;99991231;EN;Furniture. bedding, mattresses, mattress supports, cushions and similar stuffed furnishings. lamps and lighting fittings, not elsewhere specified or included. illuminated sign illuminated nameplates and the like. prefabricated buildings---Other furniture and parts thereof.---Furniture of other materials, including cane, osier, bamboo or similar materials:---Of bamboo---For domestic purposes:---Unfinished and unassembled, for use in the manufacture of furniture of bamboo;;;;;;;ES;Furniture. bedding, mattresses, mattress supports, cushions and similar stuffed furnishings. lamps and lighting fittings, not elsewhere specified or included. illuminated sign illuminated nameplates and the like. prefabricated buildings---Other furniture and parts thereof.---Furniture of other materials, including cane, osier, bamboo or similar materials:---Of bamboo---For domestic purposes:---Unfinished and unassembled, for use in the manufacture of furniture of bamboo;;;;;;;N/A;;PDR;20240101;99991231;0;0;;;;;;
CA;9403821900;20240101;99991231;EN;Furniture. bedding, mattresses, mattress supports, cushions and similar stuffed furnishings. lamps and lighting fittings, not elsewhere specified or included. illuminated sign illuminated nameplates and the like. prefabricated buildings---Other furniture and parts thereof.---Furniture of other materials, including cane, osier, bamboo or similar materials:---Of bamboo---For domestic purposes:---Other;;;;;;;ES;Furniture. bedding, mattresses, mattress supports, cushions and similar stuffed furnishings. lamps and lighting fittings, not elsewhere specified or included. illuminated sign illuminated nameplates and the like. prefabricated buildings---Other furniture and parts thereof.---Furniture of other materials, including cane, osier, bamboo or similar materials:---Of bamboo---For domestic purposes:---Other;;;;;;;N/A;;PDR;20240101;99991231;9.5;0;;;;;;
CA;9403829000;20240101;99991231;EN;Furniture. bedding, mattresses, mattress supports, cushions and similar stuffed furnishings. lamps and lighting fittings, not elsewhere specified or included. illuminated sign illuminated nameplates and the like. prefabricated buildings---Other furniture and parts thereof.---Furniture of other materials, including cane, osier, bamboo or similar materials:---Of bamboo---Other;;;;;;;ES;Furniture. bedding, mattresses, mattress supports, cushions and similar stuffed furnishings. lamps and lighting fittings, not elsewhere specified or included. illuminated sign illuminated nameplates and the like. prefabricated buildings---Other furniture and parts thereof.---Furniture of other materials, including cane, osier, bamboo or similar materials:---Of bamboo---Other;;;;;;;N/A;;PDR;20240101;99991231;0;0;;;;;;
CA;9403831100;20240101;99991231;EN;Furniture. bedding, mattresses, mattress supports, cushions and similar stuffed furnishings. lamps and lighting fittings, not elsewhere specified or included. illuminated sign illuminated nameplates and the like. prefabricated buildings---Other furniture and parts thereof.---Furniture of other materials, including cane, osier, bamboo or similar materials:---Of rattan---For domestic purposes:---Unfinished and unassembled, for use in the manufacture of furniture of rattan;;;;;;;ES;Furniture. bedding, mattresses, mattress supports, cushions and similar stuffed furnishings. lamps and lighting fittings, not elsewhere specified or included. illuminated sign illuminated nameplates and the like. prefabricated buildings---Other furniture and parts thereof.---Furniture of other materials, including cane, osier, bamboo or similar materials:---Of rattan---For domestic purposes:---Unfinished and unassembled, for use in the manufacture of furniture of rattan;;;;;;;N/A;;PDR;20240101;99991231;0;0;;;;;;
CA;9403831900;20240101;99991231;EN;Furniture. bedding, mattresses, mattress supports, cushions and similar stuffed furnishings. lamps and lighting fittings, not elsewhere specified or included. illuminated sign illuminated nameplates and the like. prefabricated buildings---Other furniture and parts thereof.---Furniture of other materials, including cane, osier, bamboo or similar materials:---Of rattan---For domestic purposes:---Other;;;;;;;ES;Furniture. bedding, mattresses, mattress supports, cushions and similar stuffed furnishings. lamps and lighting fittings, not elsewhere specified or included. illuminated sign illuminated nameplates and the like. prefabricated buildings---Other furniture and parts thereof.---Furniture of other materials, including cane, osier, bamboo or similar materials:---Of rattan---For domestic purposes:---Other;;;;;;;N/A;;PDR;20240101;99991231;9.5;0;;;;;;
CA;9403839000;20240101;99991231;EN;Furniture. bedding, mattresses, mattress supports, cushions and similar stuffed furnishings. lamps and lighting fittings, not elsewhere specified or included. illuminated sign illuminated nameplates and the like. prefabricated buildings---Other furniture and parts thereof.---Furniture of other materials, including cane, osier, bamboo or similar materials:---Of rattan---Other;;;;;;;ES;Furniture. bedding, mattresses, mattress supports, cushions and similar stuffed furnishings. lamps and lighting fittings, not elsewhere specified or included. illuminated sign illuminated nameplates and the like. prefabricated buildings---Other furniture and parts thereof.---Furniture of other materials, including cane, osier, bamboo or similar materials:---Of rattan---Other;;;;;;;N/A;;PDR;20240101;99991231;0;0;;;;;;
CA;9403891100;20240101;99991231;EN;Furniture. bedding, mattresses, mattress supports, cushions and similar stuffed furnishings. lamps and lighting fittings, not elsewhere specified or included. illuminated sign illuminated nameplates and the like. prefabricated buildings---Other furniture and parts thereof.---Furniture of other materials, including cane, osier, bamboo or similar materials:---Other---For domestic purposes:---Unfinished and unassembled, for use in the manufacture of furniture of bamboo or rattan;;;;;;;ES;Furniture. bedding, mattresses, mattress supports, cushions and similar stuffed furnishings. lamps and lighting fittings, not elsewhere specified or included. illuminated sign illuminated nameplates and the like. prefabricated buildings---Other furniture and parts thereof.---Furniture of other materials, including cane, osier, bamboo or similar materials:---Other---For domestic purposes:---Unfinished and unassembled, for use in the manufacture of furniture of bamboo or rattan;;;;;;;N/A;;PDR;20240101;99991231;0;0;;;;;;
CA;9403891900;20240101;99991231;EN;Furniture. bedding, mattresses, mattress supports, cushions and similar stuffed furnishings. lamps and lighting fittings, not elsewhere specified or included. illuminated sign illuminated nameplates and the like. prefabricated buildings---Other furniture and parts thereof.---Furniture of other materials, including cane, osier, bamboo or similar materials:---Other---For domestic purposes:---Other;;;;;;;ES;Furniture. bedding, mattresses, mattress supports, cushions and similar stuffed furnishings. lamps and lighting fittings, not elsewhere specified or included. illuminated sign illuminated nameplates and the like. prefabricated buildings---Other furniture and parts thereof.---Furniture of other materials, including cane, osier, bamboo or similar materials:---Other---For domestic purposes:---Other;;;;;;;N/A;;PDR;20240101;99991231;9.5;0;;;;;;
CA;9403899000;20240101;99991231;EN;Furniture. bedding, mattresses, mattress supports, cushions and similar stuffed furnishings. lamps and lighting fittings, not elsewhere specified or included. illuminated sign illuminated nameplates and the like. prefabricated buildings---Other furniture and parts thereof.---Furniture of other materials, including cane, osier, bamboo or similar materials:---Other---Other;;;;;;;ES;Furniture. bedding, mattresses, mattress supports, cushions and similar stuffed furnishings. lamps and lighting fittings, not elsewhere specified or included. illuminated sign illuminated nameplates and the like. prefabricated buildings---Other furniture and parts thereof.---Furniture of other materials, including cane, osier, bamboo or similar materials:---Other---Other;;;;;;;N/A;;PDR;20240101;99991231;0;0;;;;;;
CA;9403910010;20240101;99991231;EN;Furniture. bedding, mattresses, mattress supports, cushions and similar stuffed furnishings. lamps and lighting fittings, not elsewhere specified or included. illuminated sign illuminated nameplates and the like. prefabricated buildings---Other furniture and parts thereof.---Parts:---Of wood---Table or counter tops;;;;;;;ES;Furniture. bedding, mattresses, mattress supports, cushions and similar stuffed furnishings. lamps and lighting fittings, not elsewhere specified or included. illuminated sign illuminated nameplates and the like. prefabricated buildings---Other furniture and parts thereof.---Parts:---Of wood---Table or counter tops;;;;;;;N/A;;PDR;20240101;99991231;0;0;;;;;;
CA;9403910090;20240101;99991231;EN;Furniture. bedding, mattresses, mattress supports, cushions and similar stuffed furnishings. lamps and lighting fittings, not elsewhere specified or included. illuminated sign illuminated nameplates and the like. prefabricated buildings---Other furniture and parts thereof.---Parts:---Of wood---Other;;;;;;;ES;Furniture. bedding, mattresses, mattress supports, cushions and similar stuffed furnishings. lamps and lighting fittings, not elsewhere specified or included. illuminated sign illuminated nameplates and the like. prefabricated buildings---Other furniture and parts thereof.---Parts:---Of wood---Other;;;;;;;N/A;;PDR;20240101;99991231;0;0;;;;;;
CA;9403990010;20240101;99991231;EN;Furniture. bedding, mattresses, mattress supports, cushions and similar stuffed furnishings. lamps and lighting fittings, not elsewhere specified or included. illuminated sign illuminated nameplates and the like. prefabricated buildings---Other furniture and parts thereof.---Parts:---Other---Table or counter tops;;;;;;;ES;Furniture. bedding, mattresses, mattress supports, cushions and similar stuffed furnishings. lamps and lighting fittings, not elsewhere specified or included. illuminated sign illuminated nameplates and the like. prefabricated buildings---Other furniture and parts thereof.---Parts:---Other---Table or counter tops;;;;;;;N/A;;PDR;20240101;99991231;0;0;;;;;;
CA;9403990021;20240101;99991231;EN;Furniture. bedding, mattresses, mattress supports, cushions and similar stuffed furnishings. lamps and lighting fittings, not elsewhere specified or included. illuminated sign illuminated nameplates and the like. prefabricated buildings---Other furniture and parts thereof.---Parts:---Other---Frames:. Of metal;;;;;;;ES;Furniture. bedding, mattresses, mattress supports, cushions and similar stuffed furnishings. lamps and lighting fittings, not elsewhere specified or included. illuminated sign illuminated nameplates and the like. prefabricated buildings---Other furniture and parts thereof.---Parts:---Other---Frames:. Of metal;;;;;;;N/A;;PDR;20240101;99991231;0;0;;;;;;
CA;9403990029;20240101;99991231;EN;Furniture. bedding, mattresses, mattress supports, cushions and similar stuffed furnishings. lamps and lighting fittings, not elsewhere specified or included. illuminated sign illuminated nameplates and the like. prefabricated buildings---Other furniture and parts thereof.---Parts:---Other---Frames:. Other;;;;;;;ES;Furniture. bedding, mattresses, mattress supports, cushions and similar stuffed furnishings. lamps and lighting fittings, not elsewhere specified or included. illuminated sign illuminated nameplates and the like. prefabricated buildings---Other furniture and parts thereof.---Parts:---Other---Frames:. Other;;;;;;;N/A;;PDR;20240101;99991231;0;0;;;;;;
CA;9403990091;20240101;99991231;EN;Furniture. bedding, mattresses, mattress supports, cushions and similar stuffed furnishings. lamps and lighting fittings, not elsewhere specified or included. illuminated sign illuminated nameplates and the like. prefabricated buildings---Other furniture and parts thereof.---Parts:---Other---Other:. Of metal;;;;;;;ES;Furniture. bedding, mattresses, mattress supports, cushions and similar stuffed furnishings. lamps and lighting fittings, not elsewhere specified or included. illuminated sign illuminated nameplates and the like. prefabricated buildings---Other furniture and parts thereof.---Parts:---Other---Other:. Of metal;;;;;;;N/A;;PDR;20240101;99991231;0;0;;;;;;
CA;9403990092;20240101;99991231;EN;Furniture. bedding, mattresses, mattress supports, cushions and similar stuffed furnishings. lamps and lighting fittings, not elsewhere specified or included. illuminated sign illuminated nameplates and the like. prefabricated buildings---Other furniture and parts thereof.---Parts:---Other---Other:. Of rubber or plastics;;;;;;;ES;Furniture. bedding, mattresses, mattress supports, cushions and similar stuffed furnishings. lamps and lighting fittings, not elsewhere specified or included. illuminated sign illuminated nameplates and the like. prefabricated buildings---Other furniture and parts thereof.---Parts:---Other---Other:. Of rubber or plastics;;;;;;;N/A;;PDR;20240101;99991231;0;0;;;;;;
CA;9403990099;20240101;99991231;EN;Furniture. bedding, mattresses, mattress supports, cushions and similar stuffed furnishings. lamps and lighting fittings, not elsewhere specified or included. illuminated sign illuminated nameplates and the like. prefabricated buildings---Other furniture and parts thereof.---Parts:---Other---Other:. Other;;;;;;;ES;Furniture. bedding, mattresses, mattress supports, cushions and similar stuffed furnishings. lamps and lighting fittings, not elsewhere specified or included. illuminated sign illuminated nameplates and the like. prefabricated buildings---Other furniture and parts thereof.---Parts:---Other---Other:. Other;;;;;;;N/A;;PDR;20240101;99991231;0;0;;;;;;
CA;9404100000;20240101;99991231;EN;Furniture. bedding, mattresses, mattress supports, cushions and similar stuffed furnishings. lamps and lighting fittings, not elsewhere specified or included. illuminated sign illuminated nameplates and the like. prefabricated buildings---Mattress supports. articles of bedding and similar furnishing (for example, mattresses, quilts, eiderdowns, cushions, pouffes and pillows) fitted with springs or stuffed or internally fitted with any material or of cellular rubber or plastics, whether or not covered.---Mattress supports;;;;;;;ES;Furniture. bedding, mattresses, mattress supports, cushions and similar stuffed furnishings. lamps and lighting fittings, not elsewhere specified or included. illuminated sign illuminated nameplates and the like. prefabricated buildings---Mattress supports. articles of bedding and similar furnishing (for example, mattresses, quilts, eiderdowns, cushions, pouffes and pillows) fitted with springs or stuffed or internally fitted with any material or of cellular rubber or plastics, whether or not covered.---Mattress supports;;;;;;;N/A;;PDR;20240101;99991231;8;0;;;;;;
CA;9404210000;20240101;99991231;EN;Furniture. bedding, mattresses, mattress supports, cushions and similar stuffed furnishings. lamps and lighting fittings, not elsewhere specified or included. illuminated sign illuminated nameplates and the like. prefabricated buildings---Mattress supports. articles of bedding and similar furnishing (for example, mattresses, quilts, eiderdowns, cushions, pouffes and pillows) fitted with springs or stuffed or internally fitted with any material or of cellular rubber or plastics, whether or not covered.---Mattresses:---Of cellular rubber or plastics, whether or not covered;;;;;;;ES;Furniture. bedding, mattresses, mattress supports, cushions and similar stuffed furnishings. lamps and lighting fittings, not elsewhere specified or included. illuminated sign illuminated nameplates and the like. prefabricated buildings---Mattress supports. articles of bedding and similar furnishing (for example, mattresses, quilts, eiderdowns, cushions, pouffes and pillows) fitted with springs or stuffed or internally fitted with any material or of cellular rubber or plastics, whether or not covered.---Mattresses:---Of cellular rubber or plastics, whether or not covered;;;;;;;NMB;;PDR;20240101;99991231;9.5;0;;;;;;
CA;9404290000;20240101;99991231;EN;Furniture. bedding, mattresses, mattress supports, cushions and similar stuffed furnishings. lamps and lighting fittings, not elsewhere specified or included. illuminated sign illuminated nameplates and the like. prefabricated buildings---Mattress supports. articles of bedding and similar furnishing (for example, mattresses, quilts, eiderdowns, cushions, pouffes and pillows) fitted with springs or stuffed or internally fitted with any material or of cellular rubber or plastics, whether or not covered.---Mattresses:---Of other materials;;;;;;;ES;Furniture. bedding, mattresses, mattress supports, cushions and similar stuffed furnishings. lamps and lighting fittings, not elsewhere specified or included. illuminated sign illuminated nameplates and the like. prefabricated buildings---Mattress supports. articles of bedding and similar furnishing (for example, mattresses, quilts, eiderdowns, cushions, pouffes and pillows) fitted with springs or stuffed or internally fitted with any material or of cellular rubber or plastics, whether or not covered.---Mattresses:---Of other materials;;;;;;;NMB;;PDR;20240101;99991231;9.5;0;;;;;;
CA;9404300000;20240101;99991231;EN;Furniture. bedding, mattresses, mattress supports, cushions and similar stuffed furnishings. lamps and lighting fittings, not elsewhere specified or included. illuminated sign illuminated nameplates and the like. prefabricated buildings---Mattress supports. articles of bedding and similar furnishing (for example, mattresses, quilts, eiderdowns, cushions, pouffes and pillows) fitted with springs or stuffed or internally fitted with any material or of cellular rubber or plastics, whether or not covered.---Sleeping bags;;;;;;;ES;Furniture. bedding, mattresses, mattress supports, cushions and similar stuffed furnishings. lamps and lighting fittings, not elsewhere specified or included. illuminated sign illuminated nameplates and the like. prefabricated buildings---Mattress supports. articles of bedding and similar furnishing (for example, mattresses, quilts, eiderdowns, cushions, pouffes and pillows) fitted with springs or stuffed or internally fitted with any material or of cellular rubber or plastics, whether or not covered.---Sleeping bags;;;;;;;NMB;;PDR;20240101;99991231;15.5;0;;;;;;
CA;9404400011;20240101;99991231;EN;Furniture. bedding, mattresses, mattress supports, cushions and similar stuffed furnishings. lamps and lighting fittings, not elsewhere specified or included. illuminated sign illuminated nameplates and the like. prefabricated buildings---Mattress supports. articles of bedding and similar furnishing (for example, mattresses, quilts, eiderdowns, cushions, pouffes and pillows) fitted with springs or stuffed or internally fitted with any material or of cellular rubber or plastics, whether or not covered.---Quilts, bedspreads, eiderdowns and duvets (comforters)---Of cotton:. Down-filled;;;;;;;ES;Furniture. bedding, mattresses, mattress supports, cushions and similar stuffed furnishings. lamps and lighting fittings, not elsewhere specified or included. illuminated sign illuminated nameplates and the like. prefabricated buildings---Mattress supports. articles of bedding and similar furnishing (for example, mattresses, quilts, eiderdowns, cushions, pouffes and pillows) fitted with springs or stuffed or internally fitted with any material or of cellular rubber or plastics, whether or not covered.---Quilts, bedspreads, eiderdowns and duvets (comforters)---Of cotton:. Down-filled;;;;;;;NMB;;PDR;20240101;99991231;14;0;;;;;;
CA;9404400012;20240101;99991231;EN;Furniture. bedding, mattresses, mattress supports, cushions and similar stuffed furnishings. lamps and lighting fittings, not elsewhere specified or included. illuminated sign illuminated nameplates and the like. prefabricated buildings---Mattress supports. articles of bedding and similar furnishing (for example, mattresses, quilts, eiderdowns, cushions, pouffes and pillows) fitted with springs or stuffed or internally fitted with any material or of cellular rubber or plastics, whether or not covered.---Quilts, bedspreads, eiderdowns and duvets (comforters)---Of cotton:. Polyester-filled;;;;;;;ES;Furniture. bedding, mattresses, mattress supports, cushions and similar stuffed furnishings. lamps and lighting fittings, not elsewhere specified or included. illuminated sign illuminated nameplates and the like. prefabricated buildings---Mattress supports. articles of bedding and similar furnishing (for example, mattresses, quilts, eiderdowns, cushions, pouffes and pillows) fitted with springs or stuffed or internally fitted with any material or of cellular rubber or plastics, whether or not covered.---Quilts, bedspreads, eiderdowns and duvets (comforters)---Of cotton:. Polyester-filled;;;;;;;NMB;;PDR;20240101;99991231;14;0;;;;;;
CA;9404400019;20240101;99991231;EN;Furniture. bedding, mattresses, mattress supports, cushions and similar stuffed furnishings. lamps and lighting fittings, not elsewhere specified or included. illuminated sign illuminated nameplates and the like. prefabricated buildings---Mattress supports. articles of bedding and similar furnishing (for example, mattresses, quilts, eiderdowns, cushions, pouffes and pillows) fitted with springs or stuffed or internally fitted with any material or of cellular rubber or plastics, whether or not covered.---Quilts, bedspreads, eiderdowns and duvets (comforters)---Of cotton:. Other;;;;;;;ES;Furniture. bedding, mattresses, mattress supports, cushions and similar stuffed furnishings. lamps and lighting fittings, not elsewhere specified or included. illuminated sign illuminated nameplates and the like. prefabricated buildings---Mattress supports. articles of bedding and similar furnishing (for example, mattresses, quilts, eiderdowns, cushions, pouffes and pillows) fitted with springs or stuffed or internally fitted with any material or of cellular rubber or plastics, whether or not covered.---Quilts, bedspreads, eiderdowns and duvets (comforters)---Of cotton:. Other;;;;;;;NMB;;PDR;20240101;99991231;14;0;;;;;;
CA;9404400091;20240101;99991231;EN;Furniture. bedding, mattresses, mattress supports, cushions and similar stuffed furnishings. lamps and lighting fittings, not elsewhere specified or included. illuminated sign illuminated nameplates and the like. prefabricated buildings---Mattress supports. articles of bedding and similar furnishing (for example, mattresses, quilts, eiderdowns, cushions, pouffes and pillows) fitted with springs or stuffed or internally fitted with any material or of cellular rubber or plastics, whether or not covered.---Quilts, bedspreads, eiderdowns and duvets (comforters)---Other:. Polyester-filled;;;;;;;ES;Furniture. bedding, mattresses, mattress supports, cushions and similar stuffed furnishings. lamps and lighting fittings, not elsewhere specified or included. illuminated sign illuminated nameplates and the like. prefabricated buildings---Mattress supports. articles of bedding and similar furnishing (for example, mattresses, quilts, eiderdowns, cushions, pouffes and pillows) fitted with springs or stuffed or internally fitted with any material or of cellular rubber or plastics, whether or not covered.---Quilts, bedspreads, eiderdowns and duvets (comforters)---Other:. Polyester-filled;;;;;;;NMB;;PDR;20240101;99991231;14;0;;;;;;
CA;9404400099;20240101;99991231;EN;Furniture. bedding, mattresses, mattress supports, cushions and similar stuffed furnishings. lamps and lighting fittings, not elsewhere specified or included. illuminated sign illuminated nameplates and the like. prefabricated buildings---Mattress supports. articles of bedding and similar furnishing (for example, mattresses, quilts, eiderdowns, cushions, pouffes and pillows) fitted with springs or stuffed or internally fitted with any material or of cellular rubber or plastics, whether or not covered.---Quilts, bedspreads, eiderdowns and duvets (comforters)---Other:. Other;;;;;;;ES;Furniture. bedding, mattresses, mattress supports, cushions and similar stuffed furnishings. lamps and lighting fittings, not elsewhere specified or included. illuminated sign illuminated nameplates and the like. prefabricated buildings---Mattress supports. articles of bedding and similar furnishing (for example, mattresses, quilts, eiderdowns, cushions, pouffes and pillows) fitted with springs or stuffed or internally fitted with any material or of cellular rubber or plastics, whether or not covered.---Quilts, bedspreads, eiderdowns and duvets (comforters)---Other:. Other;;;;;;;NMB;;PDR;20240101;99991231;14;0;;;;;;
CA;9404901031;20240101;99991231;EN;Furniture. bedding, mattresses, mattress supports, cushions and similar stuffed furnishings. lamps and lighting fittings, not elsewhere specified or included. illuminated sign illuminated nameplates and the like. prefabricated buildings---Mattress supports. articles of bedding and similar furnishing (for example, mattresses, quilts, eiderdowns, cushions, pouffes and pillows) fitted with springs or stuffed or internally fitted with any material or of cellular rubber or plastics, whether or not covered.---Other---Pillows, cushions and similar furnishings, of cotton                                                                                                                                     .---Cushions of cotton:. Polyester-filled;;;;;;;ES;Furniture. bedding, mattresses, mattress supports, cushions and similar stuffed furnishings. lamps and lighting fittings, not elsewhere specified or included. illuminated sign illuminated nameplates and the like. prefabricated buildings---Mattress supports. articles of bedding and similar furnishing (for example, mattresses, quilts, eiderdowns, cushions, pouffes and pillows) fitted with springs or stuffed or internally fitted with any material or of cellular rubber or plastics, whether or not covered.---Other---Pillows, cushions and similar furnishings, of cotton                                                                                                                                     .---Cushions of cotton:. Polyester-filled;;;;;;;N/A;;PDR;20240101;99991231;14;0;;;;;;
CA;9404901039;20240101;99991231;EN;Furniture. bedding, mattresses, mattress supports, cushions and similar stuffed furnishings. lamps and lighting fittings, not elsewhere specified or included. illuminated sign illuminated nameplates and the like. prefabricated buildings---Mattress supports. articles of bedding and similar furnishing (for example, mattresses, quilts, eiderdowns, cushions, pouffes and pillows) fitted with springs or stuffed or internally fitted with any material or of cellular rubber or plastics, whether or not covered.---Other---Pillows, cushions and similar furnishings, of cotton                                                                                                                                     .---Cushions of cotton:. Other;;;;;;;ES;Furniture. bedding, mattresses, mattress supports, cushions and similar stuffed furnishings. lamps and lighting fittings, not elsewhere specified or included. illuminated sign illuminated nameplates and the like. prefabricated buildings---Mattress supports. articles of bedding and similar furnishing (for example, mattresses, quilts, eiderdowns, cushions, pouffes and pillows) fitted with springs or stuffed or internally fitted with any material or of cellular rubber or plastics, whether or not covered.---Other---Pillows, cushions and similar furnishings, of cotton                                                                                                                                     .---Cushions of cotton:. Other;;;;;;;N/A;;PDR;20240101;99991231;14;0;;;;;;
CA;9404901041;20240101;99991231;EN;Furniture. bedding, mattresses, mattress supports, cushions and similar stuffed furnishings. lamps and lighting fittings, not elsewhere specified or included. illuminated sign illuminated nameplates and the like. prefabricated buildings---Mattress supports. articles of bedding and similar furnishing (for example, mattresses, quilts, eiderdowns, cushions, pouffes and pillows) fitted with springs or stuffed or internally fitted with any material or of cellular rubber or plastics, whether or not covered.---Other---Pillows, cushions and similar furnishings, of cotton                                                                                                                                     .---Pillows of cotton:. Polyester-filled;;;;;;;ES;Furniture. bedding, mattresses, mattress supports, cushions and similar stuffed furnishings. lamps and lighting fittings, not elsewhere specified or included. illuminated sign illuminated nameplates and the like. prefabricated buildings---Mattress supports. articles of bedding and similar furnishing (for example, mattresses, quilts, eiderdowns, cushions, pouffes and pillows) fitted with springs or stuffed or internally fitted with any material or of cellular rubber or plastics, whether or not covered.---Other---Pillows, cushions and similar furnishings, of cotton                                                                                                                                     .---Pillows of cotton:. Polyester-filled;;;;;;;N/A;;PDR;20240101;99991231;14;0;;;;;;
CA;9404901049;20240101;99991231;EN;Furniture. bedding, mattresses, mattress supports, cushions and similar stuffed furnishings. lamps and lighting fittings, not elsewhere specified or included. illuminated sign illuminated nameplates and the like. prefabricated buildings---Mattress supports. articles of bedding and similar furnishing (for example, mattresses, quilts, eiderdowns, cushions, pouffes and pillows) fitted with springs or stuffed or internally fitted with any material or of cellular rubber or plastics, whether or not covered.---Other---Pillows, cushions and similar furnishings, of cotton                                                                                                                                     .---Pillows of cotton:. Other;;;;;;;ES;Furniture. bedding, mattresses, mattress supports, cushions and similar stuffed furnishings. lamps and lighting fittings, not elsewhere specified or included. illuminated sign illuminated nameplates and the like. prefabricated buildings---Mattress supports. articles of bedding and similar furnishing (for example, mattresses, quilts, eiderdowns, cushions, pouffes and pillows) fitted with springs or stuffed or internally fitted with any material or of cellular rubber or plastics, whether or not covered.---Other---Pillows, cushions and similar furnishings, of cotton                                                                                                                                     .---Pillows of cotton:. Other;;;;;;;N/A;;PDR;20240101;99991231;14;0;;;;;;
CA;9404901050;20240101;99991231;EN;Furniture. bedding, mattresses, mattress supports, cushions and similar stuffed furnishings. lamps and lighting fittings, not elsewhere specified or included. illuminated sign illuminated nameplates and the like. prefabricated buildings---Mattress supports. articles of bedding and similar furnishing (for example, mattresses, quilts, eiderdowns, cushions, pouffes and pillows) fitted with springs or stuffed or internally fitted with any material or of cellular rubber or plastics, whether or not covered.---Other---Pillows, cushions and similar furnishings, of cotton                                                                                                                                     .---Mattress pads of cotton;;;;;;;ES;Furniture. bedding, mattresses, mattress supports, cushions and similar stuffed furnishings. lamps and lighting fittings, not elsewhere specified or included. illuminated sign illuminated nameplates and the like. prefabricated buildings---Mattress supports. articles of bedding and similar furnishing (for example, mattresses, quilts, eiderdowns, cushions, pouffes and pillows) fitted with springs or stuffed or internally fitted with any material or of cellular rubber or plastics, whether or not covered.---Other---Pillows, cushions and similar furnishings, of cotton                                                                                                                                     .---Mattress pads of cotton;;;;;;;N/A;;PDR;20240101;99991231;14;0;;;;;;
CA;9404901090;20240101;99991231;EN;Furniture. bedding, mattresses, mattress supports, cushions and similar stuffed furnishings. lamps and lighting fittings, not elsewhere specified or included. illuminated sign illuminated nameplates and the like. prefabricated buildings---Mattress supports. articles of bedding and similar furnishing (for example, mattresses, quilts, eiderdowns, cushions, pouffes and pillows) fitted with springs or stuffed or internally fitted with any material or of cellular rubber or plastics, whether or not covered.---Other---Pillows, cushions and similar furnishings, of cotton                                                                                                                                     .---Other;;;;;;;ES;Furniture. bedding, mattresses, mattress supports, cushions and similar stuffed furnishings. lamps and lighting fittings, not elsewhere specified or included. illuminated sign illuminated nameplates and the like. prefabricated buildings---Mattress supports. articles of bedding and similar furnishing (for example, mattresses, quilts, eiderdowns, cushions, pouffes and pillows) fitted with springs or stuffed or internally fitted with any material or of cellular rubber or plastics, whether or not covered.---Other---Pillows, cushions and similar furnishings, of cotton                                                                                                                                     .---Other;;;;;;;N/A;;PDR;20240101;99991231;14;0;;;;;;
CA;9404909021;20240101;99991231;EN;Furniture. bedding, mattresses, mattress supports, cushions and similar stuffed furnishings. lamps and lighting fittings, not elsewhere specified or included. illuminated sign illuminated nameplates and the like. prefabricated buildings---Mattress supports. articles of bedding and similar furnishing (for example, mattresses, quilts, eiderdowns, cushions, pouffes and pillows) fitted with springs or stuffed or internally fitted with any material or of cellular rubber or plastics, whether or not covered.---Other---Other---Cushions, other than of cotton:. Polyester-filled;;;;;;;ES;Furniture. bedding, mattresses, mattress supports, cushions and similar stuffed furnishings. lamps and lighting fittings, not elsewhere specified or included. illuminated sign illuminated nameplates and the like. prefabricated buildings---Mattress supports. articles of bedding and similar furnishing (for example, mattresses, quilts, eiderdowns, cushions, pouffes and pillows) fitted with springs or stuffed or internally fitted with any material or of cellular rubber or plastics, whether or not covered.---Other---Other---Cushions, other than of cotton:. Polyester-filled;;;;;;;N/A;;PDR;20240101;99991231;14;0;;;;;;
CA;9404909029;20240101;99991231;EN;Furniture. bedding, mattresses, mattress supports, cushions and similar stuffed furnishings. lamps and lighting fittings, not elsewhere specified or included. illuminated sign illuminated nameplates and the like. prefabricated buildings---Mattress supports. articles of bedding and similar furnishing (for example, mattresses, quilts, eiderdowns, cushions, pouffes and pillows) fitted with springs or stuffed or internally fitted with any material or of cellular rubber or plastics, whether or not covered.---Other---Other---Cushions, other than of cotton:. Other;;;;;;;ES;Furniture. bedding, mattresses, mattress supports, cushions and similar stuffed furnishings. lamps and lighting fittings, not elsewhere specified or included. illuminated sign illuminated nameplates and the like. prefabricated buildings---Mattress supports. articles of bedding and similar furnishing (for example, mattresses, quilts, eiderdowns, cushions, pouffes and pillows) fitted with springs or stuffed or internally fitted with any material or of cellular rubber or plastics, whether or not covered.---Other---Other---Cushions, other than of cotton:. Other;;;;;;;N/A;;PDR;20240101;99991231;14;0;;;;;;
CA;9404909031;20240101;99991231;EN;Furniture. bedding, mattresses, mattress supports, cushions and similar stuffed furnishings. lamps and lighting fittings, not elsewhere specified or included. illuminated sign illuminated nameplates and the like. prefabricated buildings---Mattress supports. articles of bedding and similar furnishing (for example, mattresses, quilts, eiderdowns, cushions, pouffes and pillows) fitted with springs or stuffed or internally fitted with any material or of cellular rubber or plastics, whether or not covered.---Other---Other---Pillows, other than of cotton:. Polyester-filled;;;;;;;ES;Furniture. bedding, mattresses, mattress supports, cushions and similar stuffed furnishings. lamps and lighting fittings, not elsewhere specified or included. illuminated sign illuminated nameplates and the like. prefabricated buildings---Mattress supports. articles of bedding and similar furnishing (for example, mattresses, quilts, eiderdowns, cushions, pouffes and pillows) fitted with springs or stuffed or internally fitted with any material or of cellular rubber or plastics, whether or not covered.---Other---Other---Pillows, other than of cotton:. Polyester-filled;;;;;;;N/A;;PDR;20240101;99991231;14;0;;;;;;
CA;9404909039;20240101;99991231;EN;Furniture. bedding, mattresses, mattress supports, cushions and similar stuffed furnishings. lamps and lighting fittings, not elsewhere specified or included. illuminated sign illuminated nameplates and the like. prefabricated buildings---Mattress supports. articles of bedding and similar furnishing (for example, mattresses, quilts, eiderdowns, cushions, pouffes and pillows) fitted with springs or stuffed or internally fitted with any material or of cellular rubber or plastics, whether or not covered.---Other---Other---Pillows, other than of cotton:. Other;;;;;;;ES;Furniture. bedding, mattresses, mattress supports, cushions and similar stuffed furnishings. lamps and lighting fittings, not elsewhere specified or included. illuminated sign illuminated nameplates and the like. prefabricated buildings---Mattress supports. articles of bedding and similar furnishing (for example, mattresses, quilts, eiderdowns, cushions, pouffes and pillows) fitted with springs or stuffed or internally fitted with any material or of cellular rubber or plastics, whether or not covered.---Other---Other---Pillows, other than of cotton:. Other;;;;;;;N/A;;PDR;20240101;99991231;14;0;;;;;;
CA;9404909040;20240101;99991231;EN;Furniture. bedding, mattresses, mattress supports, cushions and similar stuffed furnishings. lamps and lighting fittings, not elsewhere specified or included. illuminated sign illuminated nameplates and the like. prefabricated buildings---Mattress supports. articles of bedding and similar furnishing (for example, mattresses, quilts, eiderdowns, cushions, pouffes and pillows) fitted with springs or stuffed or internally fitted with any material or of cellular rubber or plastics, whether or not covered.---Other---Other---Mattress pads, other than of cotton;;;;;;;ES;Furniture. bedding, mattresses, mattress supports, cushions and similar stuffed furnishings. lamps and lighting fittings, not elsewhere specified or included. illuminated sign illuminated nameplates and the like. prefabricated buildings---Mattress supports. articles of bedding and similar furnishing (for example, mattresses, quilts, eiderdowns, cushions, pouffes and pillows) fitted with springs or stuffed or internally fitted with any material or of cellular rubber or plastics, whether or not covered.---Other---Other---Mattress pads, other than of cotton;;;;;;;N/A;;PDR;20240101;99991231;14;0;;;;;;
CA;9404909090;20240101;99991231;EN;Furniture. bedding, mattresses, mattress supports, cushions and similar stuffed furnishings. lamps and lighting fittings, not elsewhere specified or included. illuminated sign illuminated nameplates and the like. prefabricated buildings---Mattress supports. articles of bedding and similar furnishing (for example, mattresses, quilts, eiderdowns, cushions, pouffes and pillows) fitted with springs or stuffed or internally fitted with any material or of cellular rubber or plastics, whether or not covered.---Other---Other---Other;;;;;;;ES;Furniture. bedding, mattresses, mattress supports, cushions and similar stuffed furnishings. lamps and lighting fittings, not elsewhere specified or included. illuminated sign illuminated nameplates and the like. prefabricated buildings---Mattress supports. articles of bedding and similar furnishing (for example, mattresses, quilts, eiderdowns, cushions, pouffes and pillows) fitted with springs or stuffed or internally fitted with any material or of cellular rubber or plastics, whether or not covered.---Other---Other---Other;;;;;;;N/A;;PDR;20240101;99991231;14;0;;;;;;
CA;9405110011;20240101;99991231;EN;Furniture. bedding, mattresses, mattress supports, cushions and similar stuffed furnishings. lamps and lighting fittings, not elsewhere specified or included. illuminated sign illuminated nameplates and the like. prefabricated buildings---Luminaires and lighting fittings including searchlights and spotlights and parts thereof, not elsewhere specified or included. illuminated signs, illuminated name-plates and the like, having a permanently fixed light source, and parts thereof not elsewhere specified or included.---Chandeliers and other electric ceiling or wall lighting fittings, excluding those of a kind used for lighting public open spaces or thoroughfares:---Designed for use solely with light-emitting diode (LED) light sources---Chandeliers:. Household;;;;;;;ES;Furniture. bedding, mattresses, mattress supports, cushions and similar stuffed furnishings. lamps and lighting fittings, not elsewhere specified or included. illuminated sign illuminated nameplates and the like. prefabricated buildings---Luminaires and lighting fittings including searchlights and spotlights and parts thereof, not elsewhere specified or included. illuminated signs, illuminated name-plates and the like, having a permanently fixed light source, and parts thereof not elsewhere specified or included.---Chandeliers and other electric ceiling or wall lighting fittings, excluding those of a kind used for lighting public open spaces or thoroughfares:---Designed for use solely with light-emitting diode (LED) light sources---Chandeliers:. Household;;;;;;;NMB;;PDR;20240101;99991231;7;0;;;;;;
CA;9405110019;20240101;99991231;EN;Furniture. bedding, mattresses, mattress supports, cushions and similar stuffed furnishings. lamps and lighting fittings, not elsewhere specified or included. illuminated sign illuminated nameplates and the like. prefabricated buildings---Luminaires and lighting fittings including searchlights and spotlights and parts thereof, not elsewhere specified or included. illuminated signs, illuminated name-plates and the like, having a permanently fixed light source, and parts thereof not elsewhere specified or included.---Chandeliers and other electric ceiling or wall lighting fittings, excluding those of a kind used for lighting public open spaces or thoroughfares:---Designed for use solely with light-emitting diode (LED) light sources---Chandeliers:. Other;;;;;;;ES;Furniture. bedding, mattresses, mattress supports, cushions and similar stuffed furnishings. lamps and lighting fittings, not elsewhere specified or included. illuminated sign illuminated nameplates and the like. prefabricated buildings---Luminaires and lighting fittings including searchlights and spotlights and parts thereof, not elsewhere specified or included. illuminated signs, illuminated name-plates and the like, having a permanently fixed light source, and parts thereof not elsewhere specified or included.---Chandeliers and other electric ceiling or wall lighting fittings, excluding those of a kind used for lighting public open spaces or thoroughfares:---Designed for use solely with light-emitting diode (LED) light sources---Chandeliers:. Other;;;;;;;NMB;;PDR;20240101;99991231;7;0;;;;;;
CA;9405110091;20240101;99991231;EN;Furniture. bedding, mattresses, mattress supports, cushions and similar stuffed furnishings. lamps and lighting fittings, not elsewhere specified or included. illuminated sign illuminated nameplates and the like. prefabricated buildings---Luminaires and lighting fittings including searchlights and spotlights and parts thereof, not elsewhere specified or included. illuminated signs, illuminated name-plates and the like, having a permanently fixed light source, and parts thereof not elsewhere specified or included.---Chandeliers and other electric ceiling or wall lighting fittings, excluding those of a kind used for lighting public open spaces or thoroughfares:---Designed for use solely with light-emitting diode (LED) light sources---Other:. Household;;;;;;;ES;Furniture. bedding, mattresses, mattress supports, cushions and similar stuffed furnishings. lamps and lighting fittings, not elsewhere specified or included. illuminated sign illuminated nameplates and the like. prefabricated buildings---Luminaires and lighting fittings including searchlights and spotlights and parts thereof, not elsewhere specified or included. illuminated signs, illuminated name-plates and the like, having a permanently fixed light source, and parts thereof not elsewhere specified or included.---Chandeliers and other electric ceiling or wall lighting fittings, excluding those of a kind used for lighting public open spaces or thoroughfares:---Designed for use solely with light-emitting diode (LED) light sources---Other:. Household;;;;;;;NMB;;PDR;20240101;99991231;7;0;;;;;;
CA;9405110099;20240101;99991231;EN;Furniture. bedding, mattresses, mattress supports, cushions and similar stuffed furnishings. lamps and lighting fittings, not elsewhere specified or included. illuminated sign illuminated nameplates and the like. prefabricated buildings---Luminaires and lighting fittings including searchlights and spotlights and parts thereof, not elsewhere specified or included. illuminated signs, illuminated name-plates and the like, having a permanently fixed light source, and parts thereof not elsewhere specified or included.---Chandeliers and other electric ceiling or wall lighting fittings, excluding those of a kind used for lighting public open spaces or thoroughfares:---Designed for use solely with light-emitting diode (LED) light sources---Other:. Other;;;;;;;ES;Furniture. bedding, mattresses, mattress supports, cushions and similar stuffed furnishings. lamps and lighting fittings, not elsewhere specified or included. illuminated sign illuminated nameplates and the like. prefabricated buildings---Luminaires and lighting fittings including searchlights and spotlights and parts thereof, not elsewhere specified or included. illuminated signs, illuminated name-plates and the like, having a permanently fixed light source, and parts thereof not elsewhere specified or included.---Chandeliers and other electric ceiling or wall lighting fittings, excluding those of a kind used for lighting public open spaces or thoroughfares:---Designed for use solely with light-emitting diode (LED) light sources---Other:. Other;;;;;;;NMB;;PDR;20240101;99991231;7;0;;;;;;
CA;9405190011;20240101;99991231;EN;Furniture. bedding, mattresses, mattress supports, cushions and similar stuffed furnishings. lamps and lighting fittings, not elsewhere specified or included. illuminated sign illuminated nameplates and the like. prefabricated buildings---Luminaires and lighting fittings including searchlights and spotlights and parts thereof, not elsewhere specified or included. illuminated signs, illuminated name-plates and the like, having a permanently fixed light source, and parts thereof not elsewhere specified or included.---Chandeliers and other electric ceiling or wall lighting fittings, excluding those of a kind used for lighting public open spaces or thoroughfares:---Other---Chandeliers:. Household;;;;;;;ES;Furniture. bedding, mattresses, mattress supports, cushions and similar stuffed furnishings. lamps and lighting fittings, not elsewhere specified or included. illuminated sign illuminated nameplates and the like. prefabricated buildings---Luminaires and lighting fittings including searchlights and spotlights and parts thereof, not elsewhere specified or included. illuminated signs, illuminated name-plates and the like, having a permanently fixed light source, and parts thereof not elsewhere specified or included.---Chandeliers and other electric ceiling or wall lighting fittings, excluding those of a kind used for lighting public open spaces or thoroughfares:---Other---Chandeliers:. Household;;;;;;;NMB;;PDR;20240101;99991231;7;0;;;;;;
CA;9405190019;20240101;99991231;EN;Furniture. bedding, mattresses, mattress supports, cushions and similar stuffed furnishings. lamps and lighting fittings, not elsewhere specified or included. illuminated sign illuminated nameplates and the like. prefabricated buildings---Luminaires and lighting fittings including searchlights and spotlights and parts thereof, not elsewhere specified or included. illuminated signs, illuminated name-plates and the like, having a permanently fixed light source, and parts thereof not elsewhere specified or included.---Chandeliers and other electric ceiling or wall lighting fittings, excluding those of a kind used for lighting public open spaces or thoroughfares:---Other---Chandeliers:. Other;;;;;;;ES;Furniture. bedding, mattresses, mattress supports, cushions and similar stuffed furnishings. lamps and lighting fittings, not elsewhere specified or included. illuminated sign illuminated nameplates and the like. prefabricated buildings---Luminaires and lighting fittings including searchlights and spotlights and parts thereof, not elsewhere specified or included. illuminated signs, illuminated name-plates and the like, having a permanently fixed light source, and parts thereof not elsewhere specified or included.---Chandeliers and other electric ceiling or wall lighting fittings, excluding those of a kind used for lighting public open spaces or thoroughfares:---Other---Chandeliers:. Other;;;;;;;NMB;;PDR;20240101;99991231;7;0;;;;;;
CA;9405190021;20240101;99991231;EN;Furniture. bedding, mattresses, mattress supports, cushions and similar stuffed furnishings. lamps and lighting fittings, not elsewhere specified or included. illuminated sign illuminated nameplates and the like. prefabricated buildings---Luminaires and lighting fittings including searchlights and spotlights and parts thereof, not elsewhere specified or included. illuminated signs, illuminated name-plates and the like, having a permanently fixed light source, and parts thereof not elsewhere specified or included.---Chandeliers and other electric ceiling or wall lighting fittings, excluding those of a kind used for lighting public open spaces or thoroughfares:---Other---Fluorescent lighting fittings:. Household;;;;;;;ES;Furniture. bedding, mattresses, mattress supports, cushions and similar stuffed furnishings. lamps and lighting fittings, not elsewhere specified or included. illuminated sign illuminated nameplates and the like. prefabricated buildings---Luminaires and lighting fittings including searchlights and spotlights and parts thereof, not elsewhere specified or included. illuminated signs, illuminated name-plates and the like, having a permanently fixed light source, and parts thereof not elsewhere specified or included.---Chandeliers and other electric ceiling or wall lighting fittings, excluding those of a kind used for lighting public open spaces or thoroughfares:---Other---Fluorescent lighting fittings:. Household;;;;;;;NMB;;PDR;20240101;99991231;7;0;;;;;;
CA;9405190029;20240101;99991231;EN;Furniture. bedding, mattresses, mattress supports, cushions and similar stuffed furnishings. lamps and lighting fittings, not elsewhere specified or included. illuminated sign illuminated nameplates and the like. prefabricated buildings---Luminaires and lighting fittings including searchlights and spotlights and parts thereof, not elsewhere specified or included. illuminated signs, illuminated name-plates and the like, having a permanently fixed light source, and parts thereof not elsewhere specified or included.---Chandeliers and other electric ceiling or wall lighting fittings, excluding those of a kind used for lighting public open spaces or thoroughfares:---Other---Fluorescent lighting fittings:. Other;;;;;;;ES;Furniture. bedding, mattresses, mattress supports, cushions and similar stuffed furnishings. lamps and lighting fittings, not elsewhere specified or included. illuminated sign illuminated nameplates and the like. prefabricated buildings---Luminaires and lighting fittings including searchlights and spotlights and parts thereof, not elsewhere specified or included. illuminated signs, illuminated name-plates and the like, having a permanently fixed light source, and parts thereof not elsewhere specified or included.---Chandeliers and other electric ceiling or wall lighting fittings, excluding those of a kind used for lighting public open spaces or thoroughfares:---Other---Fluorescent lighting fittings:. Other;;;;;;;NMB;;PDR;20240101;99991231;7;0;;;;;;
CA;9405190091;20240101;99991231;EN;Furniture. bedding, mattresses, mattress supports, cushions and similar stuffed furnishings. lamps and lighting fittings, not elsewhere specified or included. illuminated sign illuminated nameplates and the like. prefabricated buildings---Luminaires and lighting fittings including searchlights and spotlights and parts thereof, not elsewhere specified or included. illuminated signs, illuminated name-plates and the like, having a permanently fixed light source, and parts thereof not elsewhere specified or included.---Chandeliers and other electric ceiling or wall lighting fittings, excluding those of a kind used for lighting public open spaces or thoroughfares:---Other---Other:. Household;;;;;;;ES;Furniture. bedding, mattresses, mattress supports, cushions and similar stuffed furnishings. lamps and lighting fittings, not elsewhere specified or included. illuminated sign illuminated nameplates and the like. prefabricated buildings---Luminaires and lighting fittings including searchlights and spotlights and parts thereof, not elsewhere specified or included. illuminated signs, illuminated name-plates and the like, having a permanently fixed light source, and parts thereof not elsewhere specified or included.---Chandeliers and other electric ceiling or wall lighting fittings, excluding those of a kind used for lighting public open spaces or thoroughfares:---Other---Other:. Household;;;;;;;NMB;;PDR;20240101;99991231;7;0;;;;;;
CA;9405190099;20240101;99991231;EN;Furniture. bedding, mattresses, mattress supports, cushions and similar stuffed furnishings. lamps and lighting fittings, not elsewhere specified or included. illuminated sign illuminated nameplates and the like. prefabricated buildings---Luminaires and lighting fittings including searchlights and spotlights and parts thereof, not elsewhere specified or included. illuminated signs, illuminated name-plates and the like, having a permanently fixed light source, and parts thereof not elsewhere specified or included.---Chandeliers and other electric ceiling or wall lighting fittings, excluding those of a kind used for lighting public open spaces or thoroughfares:---Other---Other:. Other;;;;;;;ES;Furniture. bedding, mattresses, mattress supports, cushions and similar stuffed furnishings. lamps and lighting fittings, not elsewhere specified or included. illuminated sign illuminated nameplates and the like. prefabricated buildings---Luminaires and lighting fittings including searchlights and spotlights and parts thereof, not elsewhere specified or included. illuminated signs, illuminated name-plates and the like, having a permanently fixed light source, and parts thereof not elsewhere specified or included.---Chandeliers and other electric ceiling or wall lighting fittings, excluding those of a kind used for lighting public open spaces or thoroughfares:---Other---Other:. Other;;;;;;;NMB;;PDR;20240101;99991231;7;0;;;;;;
CA;9405210000;20240101;99991231;EN;Furniture. bedding, mattresses, mattress supports, cushions and similar stuffed furnishings. lamps and lighting fittings, not elsewhere specified or included. illuminated sign illuminated nameplates and the like. prefabricated buildings---Luminaires and lighting fittings including searchlights and spotlights and parts thereof, not elsewhere specified or included. illuminated signs, illuminated name-plates and the like, having a permanently fixed light source, and parts thereof not elsewhere specified or included.---Electric table, desk, bedside or floor-standing luminaires:---Designed for use solely with light-emitting diode (LED) light sources;;;;;;;ES;Furniture. bedding, mattresses, mattress supports, cushions and similar stuffed furnishings. lamps and lighting fittings, not elsewhere specified or included. illuminated sign illuminated nameplates and the like. prefabricated buildings---Luminaires and lighting fittings including searchlights and spotlights and parts thereof, not elsewhere specified or included. illuminated signs, illuminated name-plates and the like, having a permanently fixed light source, and parts thereof not elsewhere specified or included.---Electric table, desk, bedside or floor-standing luminaires:---Designed for use solely with light-emitting diode (LED) light sources;;;;;;;NMB;;PDR;20240101;99991231;7;0;;;;;;
CA;9405290000;20240101;99991231;EN;Furniture. bedding, mattresses, mattress supports, cushions and similar stuffed furnishings. lamps and lighting fittings, not elsewhere specified or included. illuminated sign illuminated nameplates and the like. prefabricated buildings---Luminaires and lighting fittings including searchlights and spotlights and parts thereof, not elsewhere specified or included. illuminated signs, illuminated name-plates and the like, having a permanently fixed light source, and parts thereof not elsewhere specified or included.---Electric table, desk, bedside or floor-standing luminaires:---Other;;;;;;;ES;Furniture. bedding, mattresses, mattress supports, cushions and similar stuffed furnishings. lamps and lighting fittings, not elsewhere specified or included. illuminated sign illuminated nameplates and the like. prefabricated buildings---Luminaires and lighting fittings including searchlights and spotlights and parts thereof, not elsewhere specified or included. illuminated signs, illuminated name-plates and the like, having a permanently fixed light source, and parts thereof not elsewhere specified or included.---Electric table, desk, bedside or floor-standing luminaires:---Other;;;;;;;NMB;;PDR;20240101;99991231;7;0;;;;;;
CA;9405310000;20240101;99991231;EN;Furniture. bedding, mattresses, mattress supports, cushions and similar stuffed furnishings. lamps and lighting fittings, not elsewhere specified or included. illuminated sign illuminated nameplates and the like. prefabricated buildings---Luminaires and lighting fittings including searchlights and spotlights and parts thereof, not elsewhere specified or included. illuminated signs, illuminated name-plates and the like, having a permanently fixed light source, and parts thereof not elsewhere specified or included.---Lighting strings of a kind used for Christmas trees:---Designed for use solely with light-emitting diode (LED) light sources;;;;;;;ES;Furniture. bedding, mattresses, mattress supports, cushions and similar stuffed furnishings. lamps and lighting fittings, not elsewhere specified or included. illuminated sign illuminated nameplates and the like. prefabricated buildings---Luminaires and lighting fittings including searchlights and spotlights and parts thereof, not elsewhere specified or included. illuminated signs, illuminated name-plates and the like, having a permanently fixed light source, and parts thereof not elsewhere specified or included.---Lighting strings of a kind used for Christmas trees:---Designed for use solely with light-emitting diode (LED) light sources;;;;;;;NMB;;PDR;20240101;99991231;7;0;;;;;;
CA;9405390000;20240101;99991231;EN;Furniture. bedding, mattresses, mattress supports, cushions and similar stuffed furnishings. lamps and lighting fittings, not elsewhere specified or included. illuminated sign illuminated nameplates and the like. prefabricated buildings---Luminaires and lighting fittings including searchlights and spotlights and parts thereof, not elsewhere specified or included. illuminated signs, illuminated name-plates and the like, having a permanently fixed light source, and parts thereof not elsewhere specified or included.---Lighting strings of a kind used for Christmas trees:---Other;;;;;;;ES;Furniture. bedding, mattresses, mattress supports, cushions and similar stuffed furnishings. lamps and lighting fittings, not elsewhere specified or included. illuminated sign illuminated nameplates and the like. prefabricated buildings---Luminaires and lighting fittings including searchlights and spotlights and parts thereof, not elsewhere specified or included. illuminated signs, illuminated name-plates and the like, having a permanently fixed light source, and parts thereof not elsewhere specified or included.---Lighting strings of a kind used for Christmas trees:---Other;;;;;;;NMB;;PDR;20240101;99991231;7;0;;;;;;
CA;9405410000;20240101;99991231;EN;Furniture. bedding, mattresses, mattress supports, cushions and similar stuffed furnishings. lamps and lighting fittings, not elsewhere specified or included. illuminated sign illuminated nameplates and the like. prefabricated buildings---Luminaires and lighting fittings including searchlights and spotlights and parts thereof, not elsewhere specified or included. illuminated signs, illuminated name-plates and the like, having a permanently fixed light source, and parts thereof not elsewhere specified or included.---Other electric luminaires and lighting fittings:---Photovoltaic, designed for use solely with light-emitting diode (LED) light sources;;;;;;;ES;Furniture. bedding, mattresses, mattress supports, cushions and similar stuffed furnishings. lamps and lighting fittings, not elsewhere specified or included. illuminated sign illuminated nameplates and the like. prefabricated buildings---Luminaires and lighting fittings including searchlights and spotlights and parts thereof, not elsewhere specified or included. illuminated signs, illuminated name-plates and the like, having a permanently fixed light source, and parts thereof not elsewhere specified or included.---Other electric luminaires and lighting fittings:---Photovoltaic, designed for use solely with light-emitting diode (LED) light sources;;;;;;;NMB;;PDR;20240101;99991231;7;0;;;;;;
CA;9405421000;20240101;99991231;EN;Furniture. bedding, mattresses, mattress supports, cushions and similar stuffed furnishings. lamps and lighting fittings, not elsewhere specified or included. illuminated sign illuminated nameplates and the like. prefabricated buildings---Luminaires and lighting fittings including searchlights and spotlights and parts thereof, not elsewhere specified or included. illuminated signs, illuminated name-plates and the like, having a permanently fixed light source, and parts thereof not elsewhere specified or included.---Other electric luminaires and lighting fittings:---Other, designed for use solely with light-emitting diode (LED) light sources---Motion picture or theatrical spotlights;;;;;;;ES;Furniture. bedding, mattresses, mattress supports, cushions and similar stuffed furnishings. lamps and lighting fittings, not elsewhere specified or included. illuminated sign illuminated nameplates and the like. prefabricated buildings---Luminaires and lighting fittings including searchlights and spotlights and parts thereof, not elsewhere specified or included. illuminated signs, illuminated name-plates and the like, having a permanently fixed light source, and parts thereof not elsewhere specified or included.---Other electric luminaires and lighting fittings:---Other, designed for use solely with light-emitting diode (LED) light sources---Motion picture or theatrical spotlights;;;;;;;NMB;;PDR;20240101;99991231;6;0;;;;;;
CA;9405429000;20240101;99991231;EN;Furniture. bedding, mattresses, mattress supports, cushions and similar stuffed furnishings. lamps and lighting fittings, not elsewhere specified or included. illuminated sign illuminated nameplates and the like. prefabricated buildings---Luminaires and lighting fittings including searchlights and spotlights and parts thereof, not elsewhere specified or included. illuminated signs, illuminated name-plates and the like, having a permanently fixed light source, and parts thereof not elsewhere specified or included.---Other electric luminaires and lighting fittings:---Other, designed for use solely with light-emitting diode (LED) light sources---Other;;;;;;;ES;Furniture. bedding, mattresses, mattress supports, cushions and similar stuffed furnishings. lamps and lighting fittings, not elsewhere specified or included. illuminated sign illuminated nameplates and the like. prefabricated buildings---Luminaires and lighting fittings including searchlights and spotlights and parts thereof, not elsewhere specified or included. illuminated signs, illuminated name-plates and the like, having a permanently fixed light source, and parts thereof not elsewhere specified or included.---Other electric luminaires and lighting fittings:---Other, designed for use solely with light-emitting diode (LED) light sources---Other;;;;;;;NMB;;PDR;20240101;99991231;7;0;;;;;;
CA;9405491000;20240101;99991231;EN;Furniture. bedding, mattresses, mattress supports, cushions and similar stuffed furnishings. lamps and lighting fittings, not elsewhere specified or included. illuminated sign illuminated nameplates and the like. prefabricated buildings---Luminaires and lighting fittings including searchlights and spotlights and parts thereof, not elsewhere specified or included. illuminated signs, illuminated name-plates and the like, having a permanently fixed light source, and parts thereof not elsewhere specified or included.---Other electric luminaires and lighting fittings:---Other---Xenon type;;;;;;;ES;Furniture. bedding, mattresses, mattress supports, cushions and similar stuffed furnishings. lamps and lighting fittings, not elsewhere specified or included. illuminated sign illuminated nameplates and the like. prefabricated buildings---Luminaires and lighting fittings including searchlights and spotlights and parts thereof, not elsewhere specified or included. illuminated signs, illuminated name-plates and the like, having a permanently fixed light source, and parts thereof not elsewhere specified or included.---Other electric luminaires and lighting fittings:---Other---Xenon type;;;;;;;NMB;;PDR;20240101;99991231;0;0;;;;;;
CA;9405492000;20240101;99991231;EN;Furniture. bedding, mattresses, mattress supports, cushions and similar stuffed furnishings. lamps and lighting fittings, not elsewhere specified or included. illuminated sign illuminated nameplates and the like. prefabricated buildings---Luminaires and lighting fittings including searchlights and spotlights and parts thereof, not elsewhere specified or included. illuminated signs, illuminated name-plates and the like, having a permanently fixed light source, and parts thereof not elsewhere specified or included.---Other electric luminaires and lighting fittings:---Other---Motion picture or theatrical spotlights;;;;;;;ES;Furniture. bedding, mattresses, mattress supports, cushions and similar stuffed furnishings. lamps and lighting fittings, not elsewhere specified or included. illuminated sign illuminated nameplates and the like. prefabricated buildings---Luminaires and lighting fittings including searchlights and spotlights and parts thereof, not elsewhere specified or included. illuminated signs, illuminated name-plates and the like, having a permanently fixed light source, and parts thereof not elsewhere specified or included.---Other electric luminaires and lighting fittings:---Other---Motion picture or theatrical spotlights;;;;;;;NMB;;PDR;20240101;99991231;6;0;;;;;;
CA;9405499000;20240101;99991231;EN;Furniture. bedding, mattresses, mattress supports, cushions and similar stuffed furnishings. lamps and lighting fittings, not elsewhere specified or included. illuminated sign illuminated nameplates and the like. prefabricated buildings---Luminaires and lighting fittings including searchlights and spotlights and parts thereof, not elsewhere specified or included. illuminated signs, illuminated name-plates and the like, having a permanently fixed light source, and parts thereof not elsewhere specified or included.---Other electric luminaires and lighting fittings:---Other---Other;;;;;;;ES;Furniture. bedding, mattresses, mattress supports, cushions and similar stuffed furnishings. lamps and lighting fittings, not elsewhere specified or included. illuminated sign illuminated nameplates and the like. prefabricated buildings---Luminaires and lighting fittings including searchlights and spotlights and parts thereof, not elsewhere specified or included. illuminated signs, illuminated name-plates and the like, having a permanently fixed light source, and parts thereof not elsewhere specified or included.---Other electric luminaires and lighting fittings:---Other---Other;;;;;;;NMB;;PDR;20240101;99991231;7;0;;;;;;
CA;9405501000;20240101;99991231;EN;Furniture. bedding, mattresses, mattress supports, cushions and similar stuffed furnishings. lamps and lighting fittings, not elsewhere specified or included. illuminated sign illuminated nameplates and the like. prefabricated buildings---Luminaires and lighting fittings including searchlights and spotlights and parts thereof, not elsewhere specified or included. illuminated signs, illuminated name-plates and the like, having a permanently fixed light source, and parts thereof not elsewhere specified or included.---Non-electrical luminaires and lighting fittings---Candlesticks and candelabras;;;;;;;ES;Furniture. bedding, mattresses, mattress supports, cushions and similar stuffed furnishings. lamps and lighting fittings, not elsewhere specified or included. illuminated sign illuminated nameplates and the like. prefabricated buildings---Luminaires and lighting fittings including searchlights and spotlights and parts thereof, not elsewhere specified or included. illuminated signs, illuminated name-plates and the like, having a permanently fixed light source, and parts thereof not elsewhere specified or included.---Non-electrical luminaires and lighting fittings---Candlesticks and candelabras;;;;;;;NMB;;PDR;20240101;99991231;5;0;;;;;;
CA;9405509000;20240101;99991231;EN;Furniture. bedding, mattresses, mattress supports, cushions and similar stuffed furnishings. lamps and lighting fittings, not elsewhere specified or included. illuminated sign illuminated nameplates and the like. prefabricated buildings---Luminaires and lighting fittings including searchlights and spotlights and parts thereof, not elsewhere specified or included. illuminated signs, illuminated name-plates and the like, having a permanently fixed light source, and parts thereof not elsewhere specified or included.---Non-electrical luminaires and lighting fittings---Other;;;;;;;ES;Furniture. bedding, mattresses, mattress supports, cushions and similar stuffed furnishings. lamps and lighting fittings, not elsewhere specified or included. illuminated sign illuminated nameplates and the like. prefabricated buildings---Luminaires and lighting fittings including searchlights and spotlights and parts thereof, not elsewhere specified or included. illuminated signs, illuminated name-plates and the like, having a permanently fixed light source, and parts thereof not elsewhere specified or included.---Non-electrical luminaires and lighting fittings---Other;;;;;;;NMB;;PDR;20240101;99991231;7;0;;;;;;
CA;9405610000;20240101;99991231;EN;Furniture. bedding, mattresses, mattress supports, cushions and similar stuffed furnishings. lamps and lighting fittings, not elsewhere specified or included. illuminated sign illuminated nameplates and the like. prefabricated buildings---Luminaires and lighting fittings including searchlights and spotlights and parts thereof, not elsewhere specified or included. illuminated signs, illuminated name-plates and the like, having a permanently fixed light source, and parts thereof not elsewhere specified or included.---Illuminated signs, illuminated name-plates and the like:---Designed for use solely with light-emitting diode (LED) light sources;;;;;;;ES;Furniture. bedding, mattresses, mattress supports, cushions and similar stuffed furnishings. lamps and lighting fittings, not elsewhere specified or included. illuminated sign illuminated nameplates and the like. prefabricated buildings---Luminaires and lighting fittings including searchlights and spotlights and parts thereof, not elsewhere specified or included. illuminated signs, illuminated name-plates and the like, having a permanently fixed light source, and parts thereof not elsewhere specified or included.---Illuminated signs, illuminated name-plates and the like:---Designed for use solely with light-emitting diode (LED) light sources;;;;;;;NMB;;PDR;20240101;99991231;7;0;;;;;;
CA;9405690000;20240101;99991231;EN;Furniture. bedding, mattresses, mattress supports, cushions and similar stuffed furnishings. lamps and lighting fittings, not elsewhere specified or included. illuminated sign illuminated nameplates and the like. prefabricated buildings---Luminaires and lighting fittings including searchlights and spotlights and parts thereof, not elsewhere specified or included. illuminated signs, illuminated name-plates and the like, having a permanently fixed light source, and parts thereof not elsewhere specified or included.---Illuminated signs, illuminated name-plates and the like:---Other;;;;;;;ES;Furniture. bedding, mattresses, mattress supports, cushions and similar stuffed furnishings. lamps and lighting fittings, not elsewhere specified or included. illuminated sign illuminated nameplates and the like. prefabricated buildings---Luminaires and lighting fittings including searchlights and spotlights and parts thereof, not elsewhere specified or included. illuminated signs, illuminated name-plates and the like, having a permanently fixed light source, and parts thereof not elsewhere specified or included.---Illuminated signs, illuminated name-plates and the like:---Other;;;;;;;NMB;;PDR;20240101;99991231;7;0;;;;;;
CA;9405910000;20240101;99991231;EN;Furniture. bedding, mattresses, mattress supports, cushions and similar stuffed furnishings. lamps and lighting fittings, not elsewhere specified or included. illuminated sign illuminated nameplates and the like. prefabricated buildings---Luminaires and lighting fittings including searchlights and spotlights and parts thereof, not elsewhere specified or included. illuminated signs, illuminated name-plates and the like, having a permanently fixed light source, and parts thereof not elsewhere specified or included.---Parts:---Of glass;;;;;;;ES;Furniture. bedding, mattresses, mattress supports, cushions and similar stuffed furnishings. lamps and lighting fittings, not elsewhere specified or included. illuminated sign illuminated nameplates and the like. prefabricated buildings---Luminaires and lighting fittings including searchlights and spotlights and parts thereof, not elsewhere specified or included. illuminated signs, illuminated name-plates and the like, having a permanently fixed light source, and parts thereof not elsewhere specified or included.---Parts:---Of glass;;;;;;;N/A;;PDR;20240101;99991231;0;0;;;;;;
CA;9405920000;20240101;99991231;EN;Furniture. bedding, mattresses, mattress supports, cushions and similar stuffed furnishings. lamps and lighting fittings, not elsewhere specified or included. illuminated sign illuminated nameplates and the like. prefabricated buildings---Luminaires and lighting fittings including searchlights and spotlights and parts thereof, not elsewhere specified or included. illuminated signs, illuminated name-plates and the like, having a permanently fixed light source, and parts thereof not elsewhere specified or included.---Parts:---Of plastics;;;;;;;ES;Furniture. bedding, mattresses, mattress supports, cushions and similar stuffed furnishings. lamps and lighting fittings, not elsewhere specified or included. illuminated sign illuminated nameplates and the like. prefabricated buildings---Luminaires and lighting fittings including searchlights and spotlights and parts thereof, not elsewhere specified or included. illuminated signs, illuminated name-plates and the like, having a permanently fixed light source, and parts thereof not elsewhere specified or included.---Parts:---Of plastics;;;;;;;N/A;;PDR;20240101;99991231;0;0;;;;;;
CA;9405990000;20240101;99991231;EN;Furniture. bedding, mattresses, mattress supports, cushions and similar stuffed furnishings. lamps and lighting fittings, not elsewhere specified or included. illuminated sign illuminated nameplates and the like. prefabricated buildings---Luminaires and lighting fittings including searchlights and spotlights and parts thereof, not elsewhere specified or included. illuminated signs, illuminated name-plates and the like, having a permanently fixed light source, and parts thereof not elsewhere specified or included.---Parts:---Other;;;;;;;ES;Furniture. bedding, mattresses, mattress supports, cushions and similar stuffed furnishings. lamps and lighting fittings, not elsewhere specified or included. illuminated sign illuminated nameplates and the like. prefabricated buildings---Luminaires and lighting fittings including searchlights and spotlights and parts thereof, not elsewhere specified or included. illuminated signs, illuminated name-plates and the like, having a permanently fixed light source, and parts thereof not elsewhere specified or included.---Parts:---Other;;;;;;;N/A;;PDR;20240101;99991231;0;0;;;;;;
CA;9406101000;20240101;99991231;EN;Furniture. bedding, mattresses, mattress supports, cushions and similar stuffed furnishings. lamps and lighting fittings, not elsewhere specified or included. illuminated sign illuminated nameplates and the like. prefabricated buildings---Prefabricated buildings.---Of wood---Silos for storing ensilage;;;;;;;ES;Furniture. bedding, mattresses, mattress supports, cushions and similar stuffed furnishings. lamps and lighting fittings, not elsewhere specified or included. illuminated sign illuminated nameplates and the like. prefabricated buildings---Prefabricated buildings.---Of wood---Silos for storing ensilage;;;;;;;NMB;;PDR;20240101;99991231;4.5;0;;;;;;
CA;9406109000;20240101;99991231;EN;Furniture. bedding, mattresses, mattress supports, cushions and similar stuffed furnishings. lamps and lighting fittings, not elsewhere specified or included. illuminated sign illuminated nameplates and the like. prefabricated buildings---Prefabricated buildings.---Of wood---Other;;;;;;;ES;Furniture. bedding, mattresses, mattress supports, cushions and similar stuffed furnishings. lamps and lighting fittings, not elsewhere specified or included. illuminated sign illuminated nameplates and the like. prefabricated buildings---Prefabricated buildings.---Of wood---Other;;;;;;;NMB;;PDR;20240101;99991231;6;0;;;;;;
CA;9406200000;20240101;99991231;EN;Furniture. bedding, mattresses, mattress supports, cushions and similar stuffed furnishings. lamps and lighting fittings, not elsewhere specified or included. illuminated sign illuminated nameplates and the like. prefabricated buildings---Prefabricated buildings.---Modular building units, of steel;;;;;;;ES;Furniture. bedding, mattresses, mattress supports, cushions and similar stuffed furnishings. lamps and lighting fittings, not elsewhere specified or included. illuminated sign illuminated nameplates and the like. prefabricated buildings---Prefabricated buildings.---Modular building units, of steel;;;;;;;NMB;;PDR;20240101;99991231;6;0;;;;;;
CA;9406901100;20240101;99991231;EN;Furniture. bedding, mattresses, mattress supports, cushions and similar stuffed furnishings. lamps and lighting fittings, not elsewhere specified or included. illuminated sign illuminated nameplates and the like. prefabricated buildings---Prefabricated buildings.---Other---Silos for storing ensilage:---Unassembled or incomplete, of glass fibre reinforced plastics, for use in the manufacture of silos;;;;;;;ES;Furniture. bedding, mattresses, mattress supports, cushions and similar stuffed furnishings. lamps and lighting fittings, not elsewhere specified or included. illuminated sign illuminated nameplates and the like. prefabricated buildings---Prefabricated buildings.---Other---Silos for storing ensilage:---Unassembled or incomplete, of glass fibre reinforced plastics, for use in the manufacture of silos;;;;;;;NMB;;PDR;20240101;99991231;0;0;;;;;;
CA;9406901900;20240101;99991231;EN;Furniture. bedding, mattresses, mattress supports, cushions and similar stuffed furnishings. lamps and lighting fittings, not elsewhere specified or included. illuminated sign illuminated nameplates and the like. prefabricated buildings---Prefabricated buildings.---Other---Silos for storing ensilage:---Other;;;;;;;ES;Furniture. bedding, mattresses, mattress supports, cushions and similar stuffed furnishings. lamps and lighting fittings, not elsewhere specified or included. illuminated sign illuminated nameplates and the like. prefabricated buildings---Prefabricated buildings.---Other---Silos for storing ensilage:---Other;;;;;;;NMB;;PDR;20240101;99991231;4.5;0;;;;;;
CA;9406902000;20240101;99991231;EN;Furniture. bedding, mattresses, mattress supports, cushions and similar stuffed furnishings. lamps and lighting fittings, not elsewhere specified or included. illuminated sign illuminated nameplates and the like. prefabricated buildings---Prefabricated buildings.---Other---Air-supported buildings;;;;;;;ES;Furniture. bedding, mattresses, mattress supports, cushions and similar stuffed furnishings. lamps and lighting fittings, not elsewhere specified or included. illuminated sign illuminated nameplates and the like. prefabricated buildings---Prefabricated buildings.---Other---Air-supported buildings;;;;;;;NMB;;PDR;20240101;99991231;15.5;0;;;;;;
CA;9406909010;20240101;99991231;EN;Furniture. bedding, mattresses, mattress supports, cushions and similar stuffed furnishings. lamps and lighting fittings, not elsewhere specified or included. illuminated sign illuminated nameplates and the like. prefabricated buildings---Prefabricated buildings.---Other---Other---Of aluminum;;;;;;;ES;Furniture. bedding, mattresses, mattress supports, cushions and similar stuffed furnishings. lamps and lighting fittings, not elsewhere specified or included. illuminated sign illuminated nameplates and the like. prefabricated buildings---Prefabricated buildings.---Other---Other---Of aluminum;;;;;;;NMB;;PDR;20240101;99991231;6;0;;;;;;
CA;9406909090;20240101;99991231;EN;Furniture. bedding, mattresses, mattress supports, cushions and similar stuffed furnishings. lamps and lighting fittings, not elsewhere specified or included. illuminated sign illuminated nameplates and the like. prefabricated buildings---Prefabricated buildings.---Other---Other---Other;;;;;;;ES;Furniture. bedding, mattresses, mattress supports, cushions and similar stuffed furnishings. lamps and lighting fittings, not elsewhere specified or included. illuminated sign illuminated nameplates and the like. prefabricated buildings---Prefabricated buildings.---Other---Other---Other;;;;;;;NMB;;PDR;20240101;99991231;6;0;;;;;;
CA;9503001010;20240101;99991231;EN;"Toys, games and sports requisites. parts and accessories thereof---Tricycles, scooters, pedal cars and similar wheeled toys. dolls' carriages. dolls. other toys. reduced-size (""scale"") models and similar recreational models, working or not. puzzles of all kinds.---Wheeled toys designed to be ridden by children (for example, tricycles, scooters, pedal cars). dolls' carriages---Tricycles";;;;;;;ES;"Toys, games and sports requisites. parts and accessories thereof---Tricycles, scooters, pedal cars and similar wheeled toys. dolls' carriages. dolls. other toys. reduced-size (""scale"") models and similar recreational models, working or not. puzzles of all kinds.---Wheeled toys designed to be ridden by children (for example, tricycles, scooters, pedal cars). dolls' carriages---Tricycles";;;;;;;NMB;;PDR;20240101;99991231;8;0;;;;;;
CA;9503001090;20240101;99991231;EN;"Toys, games and sports requisites. parts and accessories thereof---Tricycles, scooters, pedal cars and similar wheeled toys. dolls' carriages. dolls. other toys. reduced-size (""scale"") models and similar recreational models, working or not. puzzles of all kinds.---Wheeled toys designed to be ridden by children (for example, tricycles, scooters, pedal cars). dolls' carriages---Other";;;;;;;ES;"Toys, games and sports requisites. parts and accessories thereof---Tricycles, scooters, pedal cars and similar wheeled toys. dolls' carriages. dolls. other toys. reduced-size (""scale"") models and similar recreational models, working or not. puzzles of all kinds.---Wheeled toys designed to be ridden by children (for example, tricycles, scooters, pedal cars). dolls' carriages---Other";;;;;;;NMB;;PDR;20240101;99991231;8;0;;;;;;
CA;9503009011;20240101;99991231;EN;"Toys, games and sports requisites. parts and accessories thereof---Tricycles, scooters, pedal cars and similar wheeled toys. dolls' carriages. dolls. other toys. reduced-size (""scale"") models and similar recreational models, working or not. puzzles of all kinds.---Other---Dolls representing only human beings:. Whether or not dressed";;;;;;;ES;"Toys, games and sports requisites. parts and accessories thereof---Tricycles, scooters, pedal cars and similar wheeled toys. dolls' carriages. dolls. other toys. reduced-size (""scale"") models and similar recreational models, working or not. puzzles of all kinds.---Other---Dolls representing only human beings:. Whether or not dressed";;;;;;;N/A;;PDR;20240101;99991231;0;0;;;;;;
CA;9503009018;20240101;99991231;EN;"Toys, games and sports requisites. parts and accessories thereof---Tricycles, scooters, pedal cars and similar wheeled toys. dolls' carriages. dolls. other toys. reduced-size (""scale"") models and similar recreational models, working or not. puzzles of all kinds.---Other---Dolls representing only human beings:. Parts and accessories";;;;;;;ES;"Toys, games and sports requisites. parts and accessories thereof---Tricycles, scooters, pedal cars and similar wheeled toys. dolls' carriages. dolls. other toys. reduced-size (""scale"") models and similar recreational models, working or not. puzzles of all kinds.---Other---Dolls representing only human beings:. Parts and accessories";;;;;;;N/A;;PDR;20240101;99991231;0;0;;;;;;
CA;9503009020;20240101;99991231;EN;"Toys, games and sports requisites. parts and accessories thereof---Tricycles, scooters, pedal cars and similar wheeled toys. dolls' carriages. dolls. other toys. reduced-size (""scale"") models and similar recreational models, working or not. puzzles of all kinds.---Other---Electric trains, including tracks, signals and other accessories therefor";;;;;;;ES;"Toys, games and sports requisites. parts and accessories thereof---Tricycles, scooters, pedal cars and similar wheeled toys. dolls' carriages. dolls. other toys. reduced-size (""scale"") models and similar recreational models, working or not. puzzles of all kinds.---Other---Electric trains, including tracks, signals and other accessories therefor";;;;;;;N/A;;PDR;20240101;99991231;0;0;;;;;;
CA;9503009030;20240101;99991231;EN;"Toys, games and sports requisites. parts and accessories thereof---Tricycles, scooters, pedal cars and similar wheeled toys. dolls' carriages. dolls. other toys. reduced-size (""scale"") models and similar recreational models, working or not. puzzles of all kinds.---Other---Reduced-size model assembly kits, whether or not working models";;;;;;;ES;"Toys, games and sports requisites. parts and accessories thereof---Tricycles, scooters, pedal cars and similar wheeled toys. dolls' carriages. dolls. other toys. reduced-size (""scale"") models and similar recreational models, working or not. puzzles of all kinds.---Other---Reduced-size model assembly kits, whether or not working models";;;;;;;N/A;;PDR;20240101;99991231;0;0;;;;;;
CA;9503009040;20240101;99991231;EN;"Toys, games and sports requisites. parts and accessories thereof---Tricycles, scooters, pedal cars and similar wheeled toys. dolls' carriages. dolls. other toys. reduced-size (""scale"") models and similar recreational models, working or not. puzzles of all kinds.---Other---Construction sets and constructional toys";;;;;;;ES;"Toys, games and sports requisites. parts and accessories thereof---Tricycles, scooters, pedal cars and similar wheeled toys. dolls' carriages. dolls. other toys. reduced-size (""scale"") models and similar recreational models, working or not. puzzles of all kinds.---Other---Construction sets and constructional toys";;;;;;;N/A;;PDR;20240101;99991231;0;0;;;;;;
CA;9503009051;20240101;99991231;EN;"Toys, games and sports requisites. parts and accessories thereof---Tricycles, scooters, pedal cars and similar wheeled toys. dolls' carriages. dolls. other toys. reduced-size (""scale"") models and similar recreational models, working or not. puzzles of all kinds.---Other---Toys representing animals or non-human creatures:. Stuffed, plush-covered";;;;;;;ES;"Toys, games and sports requisites. parts and accessories thereof---Tricycles, scooters, pedal cars and similar wheeled toys. dolls' carriages. dolls. other toys. reduced-size (""scale"") models and similar recreational models, working or not. puzzles of all kinds.---Other---Toys representing animals or non-human creatures:. Stuffed, plush-covered";;;;;;;N/A;;PDR;20240101;99991231;0;0;;;;;;
CA;9503009052;20240101;99991231;EN;"Toys, games and sports requisites. parts and accessories thereof---Tricycles, scooters, pedal cars and similar wheeled toys. dolls' carriages. dolls. other toys. reduced-size (""scale"") models and similar recreational models, working or not. puzzles of all kinds.---Other---Toys representing animals or non-human creatures:. Stuffed, other";;;;;;;ES;"Toys, games and sports requisites. parts and accessories thereof---Tricycles, scooters, pedal cars and similar wheeled toys. dolls' carriages. dolls. other toys. reduced-size (""scale"") models and similar recreational models, working or not. puzzles of all kinds.---Other---Toys representing animals or non-human creatures:. Stuffed, other";;;;;;;N/A;;PDR;20240101;99991231;0;0;;;;;;
CA;9503009053;20240101;99991231;EN;"Toys, games and sports requisites. parts and accessories thereof---Tricycles, scooters, pedal cars and similar wheeled toys. dolls' carriages. dolls. other toys. reduced-size (""scale"") models and similar recreational models, working or not. puzzles of all kinds.---Other---Toys representing animals or non-human creatures:. Other, battery powered";;;;;;;ES;"Toys, games and sports requisites. parts and accessories thereof---Tricycles, scooters, pedal cars and similar wheeled toys. dolls' carriages. dolls. other toys. reduced-size (""scale"") models and similar recreational models, working or not. puzzles of all kinds.---Other---Toys representing animals or non-human creatures:. Other, battery powered";;;;;;;N/A;;PDR;20240101;99991231;0;0;;;;;;
CA;9503009058;20240101;99991231;EN;"Toys, games and sports requisites. parts and accessories thereof---Tricycles, scooters, pedal cars and similar wheeled toys. dolls' carriages. dolls. other toys. reduced-size (""scale"") models and similar recreational models, working or not. puzzles of all kinds.---Other---Toys representing animals or non-human creatures:. Parts and accessories";;;;;;;ES;"Toys, games and sports requisites. parts and accessories thereof---Tricycles, scooters, pedal cars and similar wheeled toys. dolls' carriages. dolls. other toys. reduced-size (""scale"") models and similar recreational models, working or not. puzzles of all kinds.---Other---Toys representing animals or non-human creatures:. Parts and accessories";;;;;;;N/A;;PDR;20240101;99991231;0;0;;;;;;
CA;9503009059;20240101;99991231;EN;"Toys, games and sports requisites. parts and accessories thereof---Tricycles, scooters, pedal cars and similar wheeled toys. dolls' carriages. dolls. other toys. reduced-size (""scale"") models and similar recreational models, working or not. puzzles of all kinds.---Other---Toys representing animals or non-human creatures:. Other";;;;;;;ES;"Toys, games and sports requisites. parts and accessories thereof---Tricycles, scooters, pedal cars and similar wheeled toys. dolls' carriages. dolls. other toys. reduced-size (""scale"") models and similar recreational models, working or not. puzzles of all kinds.---Other---Toys representing animals or non-human creatures:. Other";;;;;;;N/A;;PDR;20240101;99991231;0;0;;;;;;
CA;9503009061;20240101;99991231;EN;"Toys, games and sports requisites. parts and accessories thereof---Tricycles, scooters, pedal cars and similar wheeled toys. dolls' carriages. dolls. other toys. reduced-size (""scale"") models and similar recreational models, working or not. puzzles of all kinds.---Other---Toy musical instruments and apparatus:. Battery powered";;;;;;;ES;"Toys, games and sports requisites. parts and accessories thereof---Tricycles, scooters, pedal cars and similar wheeled toys. dolls' carriages. dolls. other toys. reduced-size (""scale"") models and similar recreational models, working or not. puzzles of all kinds.---Other---Toy musical instruments and apparatus:. Battery powered";;;;;;;N/A;;PDR;20240101;99991231;0;0;;;;;;
CA;9503009069;20240101;99991231;EN;"Toys, games and sports requisites. parts and accessories thereof---Tricycles, scooters, pedal cars and similar wheeled toys. dolls' carriages. dolls. other toys. reduced-size (""scale"") models and similar recreational models, working or not. puzzles of all kinds.---Other---Toy musical instruments and apparatus:. Other";;;;;;;ES;"Toys, games and sports requisites. parts and accessories thereof---Tricycles, scooters, pedal cars and similar wheeled toys. dolls' carriages. dolls. other toys. reduced-size (""scale"") models and similar recreational models, working or not. puzzles of all kinds.---Other---Toy musical instruments and apparatus:. Other";;;;;;;N/A;;PDR;20240101;99991231;0;0;;;;;;
CA;9503009071;20240101;99991231;EN;"Toys, games and sports requisites. parts and accessories thereof---Tricycles, scooters, pedal cars and similar wheeled toys. dolls' carriages. dolls. other toys. reduced-size (""scale"") models and similar recreational models, working or not. puzzles of all kinds.---Other---Other toys, put up in sets or outfits:. Vehicle sets";;;;;;;ES;"Toys, games and sports requisites. parts and accessories thereof---Tricycles, scooters, pedal cars and similar wheeled toys. dolls' carriages. dolls. other toys. reduced-size (""scale"") models and similar recreational models, working or not. puzzles of all kinds.---Other---Other toys, put up in sets or outfits:. Vehicle sets";;;;;;;N/A;;PDR;20240101;99991231;0;0;;;;;;
CA;9503009078;20240101;99991231;EN;"Toys, games and sports requisites. parts and accessories thereof---Tricycles, scooters, pedal cars and similar wheeled toys. dolls' carriages. dolls. other toys. reduced-size (""scale"") models and similar recreational models, working or not. puzzles of all kinds.---Other---Other toys, put up in sets or outfits:. Parts and accessories";;;;;;;ES;"Toys, games and sports requisites. parts and accessories thereof---Tricycles, scooters, pedal cars and similar wheeled toys. dolls' carriages. dolls. other toys. reduced-size (""scale"") models and similar recreational models, working or not. puzzles of all kinds.---Other---Other toys, put up in sets or outfits:. Parts and accessories";;;;;;;N/A;;PDR;20240101;99991231;0;0;;;;;;
CA;9503009079;20240101;99991231;EN;"Toys, games and sports requisites. parts and accessories thereof---Tricycles, scooters, pedal cars and similar wheeled toys. dolls' carriages. dolls. other toys. reduced-size (""scale"") models and similar recreational models, working or not. puzzles of all kinds.---Other---Other toys, put up in sets or outfits:. Other";;;;;;;ES;"Toys, games and sports requisites. parts and accessories thereof---Tricycles, scooters, pedal cars and similar wheeled toys. dolls' carriages. dolls. other toys. reduced-size (""scale"") models and similar recreational models, working or not. puzzles of all kinds.---Other---Other toys, put up in sets or outfits:. Other";;;;;;;N/A;;PDR;20240101;99991231;0;0;;;;;;
CA;9503009082;20240101;99991231;EN;"Toys, games and sports requisites. parts and accessories thereof---Tricycles, scooters, pedal cars and similar wheeled toys. dolls' carriages. dolls. other toys. reduced-size (""scale"") models and similar recreational models, working or not. puzzles of all kinds.---Other---Other toys and models, incorporating a motor:. Vehicles, battery powered";;;;;;;ES;"Toys, games and sports requisites. parts and accessories thereof---Tricycles, scooters, pedal cars and similar wheeled toys. dolls' carriages. dolls. other toys. reduced-size (""scale"") models and similar recreational models, working or not. puzzles of all kinds.---Other---Other toys and models, incorporating a motor:. Vehicles, battery powered";;;;;;;N/A;;PDR;20240101;99991231;0;0;;;;;;
CA;9503009084;20240101;99991231;EN;"Toys, games and sports requisites. parts and accessories thereof---Tricycles, scooters, pedal cars and similar wheeled toys. dolls' carriages. dolls. other toys. reduced-size (""scale"") models and similar recreational models, working or not. puzzles of all kinds.---Other---Other toys and models, incorporating a motor:. Other vehicles";;;;;;;ES;"Toys, games and sports requisites. parts and accessories thereof---Tricycles, scooters, pedal cars and similar wheeled toys. dolls' carriages. dolls. other toys. reduced-size (""scale"") models and similar recreational models, working or not. puzzles of all kinds.---Other---Other toys and models, incorporating a motor:. Other vehicles";;;;;;;N/A;;PDR;20240101;99991231;0;0;;;;;;
CA;9503009088;20240101;99991231;EN;"Toys, games and sports requisites. parts and accessories thereof---Tricycles, scooters, pedal cars and similar wheeled toys. dolls' carriages. dolls. other toys. reduced-size (""scale"") models and similar recreational models, working or not. puzzles of all kinds.---Other---Other toys and models, incorporating a motor:. Parts and accessories";;;;;;;ES;"Toys, games and sports requisites. parts and accessories thereof---Tricycles, scooters, pedal cars and similar wheeled toys. dolls' carriages. dolls. other toys. reduced-size (""scale"") models and similar recreational models, working or not. puzzles of all kinds.---Other---Other toys and models, incorporating a motor:. Parts and accessories";;;;;;;N/A;;PDR;20240101;99991231;0;0;;;;;;
CA;9503009089;20240101;99991231;EN;"Toys, games and sports requisites. parts and accessories thereof---Tricycles, scooters, pedal cars and similar wheeled toys. dolls' carriages. dolls. other toys. reduced-size (""scale"") models and similar recreational models, working or not. puzzles of all kinds.---Other---Other toys and models, incorporating a motor:. Other";;;;;;;ES;"Toys, games and sports requisites. parts and accessories thereof---Tricycles, scooters, pedal cars and similar wheeled toys. dolls' carriages. dolls. other toys. reduced-size (""scale"") models and similar recreational models, working or not. puzzles of all kinds.---Other---Other toys and models, incorporating a motor:. Other";;;;;;;N/A;;PDR;20240101;99991231;0;0;;;;;;
CA;9503009091;20240101;99991231;EN;"Toys, games and sports requisites. parts and accessories thereof---Tricycles, scooters, pedal cars and similar wheeled toys. dolls' carriages. dolls. other toys. reduced-size (""scale"") models and similar recreational models, working or not. puzzles of all kinds.---Other---Other:. Puzzles";;;;;;;ES;"Toys, games and sports requisites. parts and accessories thereof---Tricycles, scooters, pedal cars and similar wheeled toys. dolls' carriages. dolls. other toys. reduced-size (""scale"") models and similar recreational models, working or not. puzzles of all kinds.---Other---Other:. Puzzles";;;;;;;N/A;;PDR;20240101;99991231;0;0;;;;;;
CA;9503009092;20240101;99991231;EN;"Toys, games and sports requisites. parts and accessories thereof---Tricycles, scooters, pedal cars and similar wheeled toys. dolls' carriages. dolls. other toys. reduced-size (""scale"") models and similar recreational models, working or not. puzzles of all kinds.---Other---Other:. Playballs. balloons";;;;;;;ES;"Toys, games and sports requisites. parts and accessories thereof---Tricycles, scooters, pedal cars and similar wheeled toys. dolls' carriages. dolls. other toys. reduced-size (""scale"") models and similar recreational models, working or not. puzzles of all kinds.---Other---Other:. Playballs. balloons";;;;;;;N/A;;PDR;20240101;99991231;0;0;;;;;;
CA;9503009093;20240101;99991231;EN;"Toys, games and sports requisites. parts and accessories thereof---Tricycles, scooters, pedal cars and similar wheeled toys. dolls' carriages. dolls. other toys. reduced-size (""scale"") models and similar recreational models, working or not. puzzles of all kinds.---Other---Other:. Guns";;;;;;;ES;"Toys, games and sports requisites. parts and accessories thereof---Tricycles, scooters, pedal cars and similar wheeled toys. dolls' carriages. dolls. other toys. reduced-size (""scale"") models and similar recreational models, working or not. puzzles of all kinds.---Other---Other:. Guns";;;;;;;N/A;;PDR;20240101;99991231;0;0;;;;;;
CA;9503009094;20240101;99991231;EN;"Toys, games and sports requisites. parts and accessories thereof---Tricycles, scooters, pedal cars and similar wheeled toys. dolls' carriages. dolls. other toys. reduced-size (""scale"") models and similar recreational models, working or not. puzzles of all kinds.---Other---Other:. Push-pull toys, including vehicles without motors";;;;;;;ES;"Toys, games and sports requisites. parts and accessories thereof---Tricycles, scooters, pedal cars and similar wheeled toys. dolls' carriages. dolls. other toys. reduced-size (""scale"") models and similar recreational models, working or not. puzzles of all kinds.---Other---Other:. Push-pull toys, including vehicles without motors";;;;;;;N/A;;PDR;20240101;99991231;0;0;;;;;;
CA;9503009095;20240101;99991231;EN;"Toys, games and sports requisites. parts and accessories thereof---Tricycles, scooters, pedal cars and similar wheeled toys. dolls' carriages. dolls. other toys. reduced-size (""scale"") models and similar recreational models, working or not. puzzles of all kinds.---Other---Other:. Handicraft and hobbycraft kits";;;;;;;ES;"Toys, games and sports requisites. parts and accessories thereof---Tricycles, scooters, pedal cars and similar wheeled toys. dolls' carriages. dolls. other toys. reduced-size (""scale"") models and similar recreational models, working or not. puzzles of all kinds.---Other---Other:. Handicraft and hobbycraft kits";;;;;;;N/A;;PDR;20240101;99991231;0;0;;;;;;
CA;9503009096;20240101;99991231;EN;"Toys, games and sports requisites. parts and accessories thereof---Tricycles, scooters, pedal cars and similar wheeled toys. dolls' carriages. dolls. other toys. reduced-size (""scale"") models and similar recreational models, working or not. puzzles of all kinds.---Other---Other:. Models, not being assembly kits and not incorporating a motor, made to a scale of the actual article at the ratio of 1 to 85 or smaller";;;;;;;ES;"Toys, games and sports requisites. parts and accessories thereof---Tricycles, scooters, pedal cars and similar wheeled toys. dolls' carriages. dolls. other toys. reduced-size (""scale"") models and similar recreational models, working or not. puzzles of all kinds.---Other---Other:. Models, not being assembly kits and not incorporating a motor, made to a scale of the actual article at the ratio of 1 to 85 or smaller";;;;;;;N/A;;PDR;20240101;99991231;0;0;;;;;;
CA;9503009097;20240101;99991231;EN;"Toys, games and sports requisites. parts and accessories thereof---Tricycles, scooters, pedal cars and similar wheeled toys. dolls' carriages. dolls. other toys. reduced-size (""scale"") models and similar recreational models, working or not. puzzles of all kinds.---Other---Other:. Other models, not being assembly kits and not incorporating a motor";;;;;;;ES;"Toys, games and sports requisites. parts and accessories thereof---Tricycles, scooters, pedal cars and similar wheeled toys. dolls' carriages. dolls. other toys. reduced-size (""scale"") models and similar recreational models, working or not. puzzles of all kinds.---Other---Other:. Other models, not being assembly kits and not incorporating a motor";;;;;;;N/A;;PDR;20240101;99991231;0;0;;;;;;
CA;9503009098;20240101;99991231;EN;"Toys, games and sports requisites. parts and accessories thereof---Tricycles, scooters, pedal cars and similar wheeled toys. dolls' carriages. dolls. other toys. reduced-size (""scale"") models and similar recreational models, working or not. puzzles of all kinds.---Other---Other:. Parts and accessories";;;;;;;ES;"Toys, games and sports requisites. parts and accessories thereof---Tricycles, scooters, pedal cars and similar wheeled toys. dolls' carriages. dolls. other toys. reduced-size (""scale"") models and similar recreational models, working or not. puzzles of all kinds.---Other---Other:. Parts and accessories";;;;;;;N/A;;PDR;20240101;99991231;0;0;;;;;;
CA;9503009099;20240101;99991231;EN;"Toys, games and sports requisites. parts and accessories thereof---Tricycles, scooters, pedal cars and similar wheeled toys. dolls' carriages. dolls. other toys. reduced-size (""scale"") models and similar recreational models, working or not. puzzles of all kinds.---Other---Other:. Other";;;;;;;ES;"Toys, games and sports requisites. parts and accessories thereof---Tricycles, scooters, pedal cars and similar wheeled toys. dolls' carriages. dolls. other toys. reduced-size (""scale"") models and similar recreational models, working or not. puzzles of all kinds.---Other---Other:. Other";;;;;;;N/A;;PDR;20240101;99991231;0;0;;;;;;
CA;9504200000;20240101;99991231;EN;Toys, games and sports requisites. parts and accessories thereof---Video game consoles and machines, table or parlour games, including pintables, billiards, special tables for casino games and automatic bowling equipment, amusement machines operated by coins, banknotes, bank cards, tokens or by any other means of payment.---Articles and accessories for billiards of all kinds;;;;;;;ES;Toys, games and sports requisites. parts and accessories thereof---Video game consoles and machines, table or parlour games, including pintables, billiards, special tables for casino games and automatic bowling equipment, amusement machines operated by coins, banknotes, bank cards, tokens or by any other means of payment.---Articles and accessories for billiards of all kinds;;;;;;;N/A;;PDR;20240101;99991231;0;0;;;;;;
CA;9504300011;20240101;99991231;EN;Toys, games and sports requisites. parts and accessories thereof---Video game consoles and machines, table or parlour games, including pintables, billiards, special tables for casino games and automatic bowling equipment, amusement machines operated by coins, banknotes, bank cards, tokens or by any other means of payment.---Other games, operated by coins, banknotes, bank cards, tokens or by other means of payment, other than automatic bowling alley equipment---Games:. Video;;;;;;;ES;Toys, games and sports requisites. parts and accessories thereof---Video game consoles and machines, table or parlour games, including pintables, billiards, special tables for casino games and automatic bowling equipment, amusement machines operated by coins, banknotes, bank cards, tokens or by any other means of payment.---Other games, operated by coins, banknotes, bank cards, tokens or by other means of payment, other than automatic bowling alley equipment---Games:. Video;;;;;;;NMB;;PDR;20240101;99991231;0;0;;;;;;
CA;9504300019;20240101;99991231;EN;Toys, games and sports requisites. parts and accessories thereof---Video game consoles and machines, table or parlour games, including pintables, billiards, special tables for casino games and automatic bowling equipment, amusement machines operated by coins, banknotes, bank cards, tokens or by any other means of payment.---Other games, operated by coins, banknotes, bank cards, tokens or by other means of payment, other than automatic bowling alley equipment---Games:. Other;;;;;;;ES;Toys, games and sports requisites. parts and accessories thereof---Video game consoles and machines, table or parlour games, including pintables, billiards, special tables for casino games and automatic bowling equipment, amusement machines operated by coins, banknotes, bank cards, tokens or by any other means of payment.---Other games, operated by coins, banknotes, bank cards, tokens or by other means of payment, other than automatic bowling alley equipment---Games:. Other;;;;;;;NMB;;PDR;20240101;99991231;0;0;;;;;;
CA;9504300080;20240101;99991231;EN;Toys, games and sports requisites. parts and accessories thereof---Video game consoles and machines, table or parlour games, including pintables, billiards, special tables for casino games and automatic bowling equipment, amusement machines operated by coins, banknotes, bank cards, tokens or by any other means of payment.---Other games, operated by coins, banknotes, bank cards, tokens or by other means of payment, other than automatic bowling alley equipment---Parts and accessories;;;;;;;ES;Toys, games and sports requisites. parts and accessories thereof---Video game consoles and machines, table or parlour games, including pintables, billiards, special tables for casino games and automatic bowling equipment, amusement machines operated by coins, banknotes, bank cards, tokens or by any other means of payment.---Other games, operated by coins, banknotes, bank cards, tokens or by other means of payment, other than automatic bowling alley equipment---Parts and accessories;;;;;;;N/A;;PDR;20240101;99991231;0;0;;;;;;
CA;9504400010;20240101;99991231;EN;Toys, games and sports requisites. parts and accessories thereof---Video game consoles and machines, table or parlour games, including pintables, billiards, special tables for casino games and automatic bowling equipment, amusement machines operated by coins, banknotes, bank cards, tokens or by any other means of payment.---Playing cards---In packs of individual cards;;;;;;;ES;Toys, games and sports requisites. parts and accessories thereof---Video game consoles and machines, table or parlour games, including pintables, billiards, special tables for casino games and automatic bowling equipment, amusement machines operated by coins, banknotes, bank cards, tokens or by any other means of payment.---Playing cards---In packs of individual cards;;;;;;;NAP;;PDR;20240101;99991231;0;0;;;;;;
CA;9504400090;20240101;99991231;EN;Toys, games and sports requisites. parts and accessories thereof---Video game consoles and machines, table or parlour games, including pintables, billiards, special tables for casino games and automatic bowling equipment, amusement machines operated by coins, banknotes, bank cards, tokens or by any other means of payment.---Playing cards---Other;;;;;;;ES;Toys, games and sports requisites. parts and accessories thereof---Video game consoles and machines, table or parlour games, including pintables, billiards, special tables for casino games and automatic bowling equipment, amusement machines operated by coins, banknotes, bank cards, tokens or by any other means of payment.---Playing cards---Other;;;;;;;NAP;;PDR;20240101;99991231;0;0;;;;;;
CA;9504500010;20240101;99991231;EN;Toys, games and sports requisites. parts and accessories thereof---Video game consoles and machines, table or parlour games, including pintables, billiards, special tables for casino games and automatic bowling equipment, amusement machines operated by coins, banknotes, bank cards, tokens or by any other means of payment.---Video game consoles and machines, other than those of subheading 9504.30---Video game consoles and machines;;;;;;;ES;Toys, games and sports requisites. parts and accessories thereof---Video game consoles and machines, table or parlour games, including pintables, billiards, special tables for casino games and automatic bowling equipment, amusement machines operated by coins, banknotes, bank cards, tokens or by any other means of payment.---Video game consoles and machines, other than those of subheading 9504.30---Video game consoles and machines;;;;;;;NMB;;PDR;20240101;99991231;0;0;;;;;;
CA;9504500080;20240101;99991231;EN;Toys, games and sports requisites. parts and accessories thereof---Video game consoles and machines, table or parlour games, including pintables, billiards, special tables for casino games and automatic bowling equipment, amusement machines operated by coins, banknotes, bank cards, tokens or by any other means of payment.---Video game consoles and machines, other than those of subheading 9504.30---Parts and accessories;;;;;;;ES;Toys, games and sports requisites. parts and accessories thereof---Video game consoles and machines, table or parlour games, including pintables, billiards, special tables for casino games and automatic bowling equipment, amusement machines operated by coins, banknotes, bank cards, tokens or by any other means of payment.---Video game consoles and machines, other than those of subheading 9504.30---Parts and accessories;;;;;;;N/A;;PDR;20240101;99991231;0;0;;;;;;
CA;9504900011;20240101;99991231;EN;Toys, games and sports requisites. parts and accessories thereof---Video game consoles and machines, table or parlour games, including pintables, billiards, special tables for casino games and automatic bowling equipment, amusement machines operated by coins, banknotes, bank cards, tokens or by any other means of payment.---Other---Electronic games:. Hand held;;;;;;;ES;Toys, games and sports requisites. parts and accessories thereof---Video game consoles and machines, table or parlour games, including pintables, billiards, special tables for casino games and automatic bowling equipment, amusement machines operated by coins, banknotes, bank cards, tokens or by any other means of payment.---Other---Electronic games:. Hand held;;;;;;;NMB;;PDR;20240101;99991231;0;0;;;;;;
CA;9504900019;20240101;99991231;EN;Toys, games and sports requisites. parts and accessories thereof---Video game consoles and machines, table or parlour games, including pintables, billiards, special tables for casino games and automatic bowling equipment, amusement machines operated by coins, banknotes, bank cards, tokens or by any other means of payment.---Other---Electronic games:. Other;;;;;;;ES;Toys, games and sports requisites. parts and accessories thereof---Video game consoles and machines, table or parlour games, including pintables, billiards, special tables for casino games and automatic bowling equipment, amusement machines operated by coins, banknotes, bank cards, tokens or by any other means of payment.---Other---Electronic games:. Other;;;;;;;NMB;;PDR;20240101;99991231;0;0;;;;;;
CA;9504900020;20240101;99991231;EN;Toys, games and sports requisites. parts and accessories thereof---Video game consoles and machines, table or parlour games, including pintables, billiards, special tables for casino games and automatic bowling equipment, amusement machines operated by coins, banknotes, bank cards, tokens or by any other means of payment.---Other---Game tables;;;;;;;ES;Toys, games and sports requisites. parts and accessories thereof---Video game consoles and machines, table or parlour games, including pintables, billiards, special tables for casino games and automatic bowling equipment, amusement machines operated by coins, banknotes, bank cards, tokens or by any other means of payment.---Other---Game tables;;;;;;;NMB;;PDR;20240101;99991231;0;0;;;;;;
CA;9504900040;20240101;99991231;EN;Toys, games and sports requisites. parts and accessories thereof---Video game consoles and machines, table or parlour games, including pintables, billiards, special tables for casino games and automatic bowling equipment, amusement machines operated by coins, banknotes, bank cards, tokens or by any other means of payment.---Other---Bingo equipment;;;;;;;ES;Toys, games and sports requisites. parts and accessories thereof---Video game consoles and machines, table or parlour games, including pintables, billiards, special tables for casino games and automatic bowling equipment, amusement machines operated by coins, banknotes, bank cards, tokens or by any other means of payment.---Other---Bingo equipment;;;;;;;N/A;;PDR;20240101;99991231;0;0;;;;;;
CA;9504900090;20240101;99991231;EN;Toys, games and sports requisites. parts and accessories thereof---Video game consoles and machines, table or parlour games, including pintables, billiards, special tables for casino games and automatic bowling equipment, amusement machines operated by coins, banknotes, bank cards, tokens or by any other means of payment.---Other---Other;;;;;;;ES;Toys, games and sports requisites. parts and accessories thereof---Video game consoles and machines, table or parlour games, including pintables, billiards, special tables for casino games and automatic bowling equipment, amusement machines operated by coins, banknotes, bank cards, tokens or by any other means of payment.---Other---Other;;;;;;;N/A;;PDR;20240101;99991231;0;0;;;;;;
CA;9505100010;20240101;99991231;EN;Toys, games and sports requisites. parts and accessories thereof---Festive, carnival or other entertainment articles, including conjuring tricks and novelty jokes.---Articles for Christmas festivities---Artificial Christmas trees;;;;;;;ES;Toys, games and sports requisites. parts and accessories thereof---Festive, carnival or other entertainment articles, including conjuring tricks and novelty jokes.---Articles for Christmas festivities---Artificial Christmas trees;;;;;;;N/A;;PDR;20240101;99991231;0;0;;;;;;
CA;9505100090;20240101;99991231;EN;Toys, games and sports requisites. parts and accessories thereof---Festive, carnival or other entertainment articles, including conjuring tricks and novelty jokes.---Articles for Christmas festivities---Other;;;;;;;ES;Toys, games and sports requisites. parts and accessories thereof---Festive, carnival or other entertainment articles, including conjuring tricks and novelty jokes.---Articles for Christmas festivities---Other;;;;;;;N/A;;PDR;20240101;99991231;0;0;;;;;;
CA;9505900010;20240101;99991231;EN;Toys, games and sports requisites. parts and accessories thereof---Festive, carnival or other entertainment articles, including conjuring tricks and novelty jokes.---Other---Novelty hats and masks;;;;;;;ES;Toys, games and sports requisites. parts and accessories thereof---Festive, carnival or other entertainment articles, including conjuring tricks and novelty jokes.---Other---Novelty hats and masks;;;;;;;N/A;;PDR;20240101;99991231;0;0;;;;;;
CA;9505900090;20240101;99991231;EN;Toys, games and sports requisites. parts and accessories thereof---Festive, carnival or other entertainment articles, including conjuring tricks and novelty jokes.---Other---Other;;;;;;;ES;Toys, games and sports requisites. parts and accessories thereof---Festive, carnival or other entertainment articles, including conjuring tricks and novelty jokes.---Other---Other;;;;;;;N/A;;PDR;20240101;99991231;0;0;;;;;;
CA;9506110000;20240101;99991231;EN;Toys, games and sports requisites. parts and accessories thereof---Articles and equipment for general physical exercise, gymnastics, athletics, other sports (including table-tennis) or outdoor games, not specified or included elsewhere in this Chapter. swimming pools and paddling pools.---Snow-skis and other snow-ski equipment:---Skis;;;;;;;ES;Toys, games and sports requisites. parts and accessories thereof---Articles and equipment for general physical exercise, gymnastics, athletics, other sports (including table-tennis) or outdoor games, not specified or included elsewhere in this Chapter. swimming pools and paddling pools.---Snow-skis and other snow-ski equipment:---Skis;;;;;;;PAR;;PDR;20240101;99991231;0;0;;;;;;
CA;9506120000;20240101;99991231;EN;Toys, games and sports requisites. parts and accessories thereof---Articles and equipment for general physical exercise, gymnastics, athletics, other sports (including table-tennis) or outdoor games, not specified or included elsewhere in this Chapter. swimming pools and paddling pools.---Snow-skis and other snow-ski equipment:---Ski-fastenings (ski-bindings);;;;;;;ES;Toys, games and sports requisites. parts and accessories thereof---Articles and equipment for general physical exercise, gymnastics, athletics, other sports (including table-tennis) or outdoor games, not specified or included elsewhere in this Chapter. swimming pools and paddling pools.---Snow-skis and other snow-ski equipment:---Ski-fastenings (ski-bindings);;;;;;;N/A;;PDR;20240101;99991231;0;0;;;;;;
CA;9506190000;20240101;99991231;EN;Toys, games and sports requisites. parts and accessories thereof---Articles and equipment for general physical exercise, gymnastics, athletics, other sports (including table-tennis) or outdoor games, not specified or included elsewhere in this Chapter. swimming pools and paddling pools.---Snow-skis and other snow-ski equipment:---Other;;;;;;;ES;Toys, games and sports requisites. parts and accessories thereof---Articles and equipment for general physical exercise, gymnastics, athletics, other sports (including table-tennis) or outdoor games, not specified or included elsewhere in this Chapter. swimming pools and paddling pools.---Snow-skis and other snow-ski equipment:---Other;;;;;;;N/A;;PDR;20240101;99991231;0;0;;;;;;
CA;9506210000;20240101;99991231;EN;Toys, games and sports requisites. parts and accessories thereof---Articles and equipment for general physical exercise, gymnastics, athletics, other sports (including table-tennis) or outdoor games, not specified or included elsewhere in this Chapter. swimming pools and paddling pools.---Water-skis, surf-boards, sailboards and other water-sport equipment:---Sailboards;;;;;;;ES;Toys, games and sports requisites. parts and accessories thereof---Articles and equipment for general physical exercise, gymnastics, athletics, other sports (including table-tennis) or outdoor games, not specified or included elsewhere in this Chapter. swimming pools and paddling pools.---Water-skis, surf-boards, sailboards and other water-sport equipment:---Sailboards;;;;;;;N/A;;PDR;20240101;99991231;0;0;;;;;;
CA;9506290000;20240101;99991231;EN;Toys, games and sports requisites. parts and accessories thereof---Articles and equipment for general physical exercise, gymnastics, athletics, other sports (including table-tennis) or outdoor games, not specified or included elsewhere in this Chapter. swimming pools and paddling pools.---Water-skis, surf-boards, sailboards and other water-sport equipment:---Other;;;;;;;ES;Toys, games and sports requisites. parts and accessories thereof---Articles and equipment for general physical exercise, gymnastics, athletics, other sports (including table-tennis) or outdoor games, not specified or included elsewhere in this Chapter. swimming pools and paddling pools.---Water-skis, surf-boards, sailboards and other water-sport equipment:---Other;;;;;;;N/A;;PDR;20240101;99991231;0;0;;;;;;
CA;9506310010;20240101;99991231;EN;Toys, games and sports requisites. parts and accessories thereof---Articles and equipment for general physical exercise, gymnastics, athletics, other sports (including table-tennis) or outdoor games, not specified or included elsewhere in this Chapter. swimming pools and paddling pools.---Golf clubs and other golf equipment:---Clubs, complete---Individual golf clubs;;;;;;;ES;Toys, games and sports requisites. parts and accessories thereof---Articles and equipment for general physical exercise, gymnastics, athletics, other sports (including table-tennis) or outdoor games, not specified or included elsewhere in this Chapter. swimming pools and paddling pools.---Golf clubs and other golf equipment:---Clubs, complete---Individual golf clubs;;;;;;;NMB;;PDR;20240101;99991231;0;0;;;;;;
CA;9506310020;20240101;99991231;EN;Toys, games and sports requisites. parts and accessories thereof---Articles and equipment for general physical exercise, gymnastics, athletics, other sports (including table-tennis) or outdoor games, not specified or included elsewhere in this Chapter. swimming pools and paddling pools.---Golf clubs and other golf equipment:---Clubs, complete---Sets of golf clubs;;;;;;;ES;Toys, games and sports requisites. parts and accessories thereof---Articles and equipment for general physical exercise, gymnastics, athletics, other sports (including table-tennis) or outdoor games, not specified or included elsewhere in this Chapter. swimming pools and paddling pools.---Golf clubs and other golf equipment:---Clubs, complete---Sets of golf clubs;;;;;;;NMB;;PDR;20240101;99991231;0;0;;;;;;
CA;9506320000;20240101;99991231;EN;Toys, games and sports requisites. parts and accessories thereof---Articles and equipment for general physical exercise, gymnastics, athletics, other sports (including table-tennis) or outdoor games, not specified or included elsewhere in this Chapter. swimming pools and paddling pools.---Golf clubs and other golf equipment:---Balls;;;;;;;ES;Toys, games and sports requisites. parts and accessories thereof---Articles and equipment for general physical exercise, gymnastics, athletics, other sports (including table-tennis) or outdoor games, not specified or included elsewhere in this Chapter. swimming pools and paddling pools.---Golf clubs and other golf equipment:---Balls;;;;;;;NMB;;PDR;20240101;99991231;0;0;;;;;;
CA;9506390000;20240101;99991231;EN;Toys, games and sports requisites. parts and accessories thereof---Articles and equipment for general physical exercise, gymnastics, athletics, other sports (including table-tennis) or outdoor games, not specified or included elsewhere in this Chapter. swimming pools and paddling pools.---Golf clubs and other golf equipment:---Other;;;;;;;ES;Toys, games and sports requisites. parts and accessories thereof---Articles and equipment for general physical exercise, gymnastics, athletics, other sports (including table-tennis) or outdoor games, not specified or included elsewhere in this Chapter. swimming pools and paddling pools.---Golf clubs and other golf equipment:---Other;;;;;;;N/A;;PDR;20240101;99991231;0;0;;;;;;
CA;9506400000;20240101;99991231;EN;Toys, games and sports requisites. parts and accessories thereof---Articles and equipment for general physical exercise, gymnastics, athletics, other sports (including table-tennis) or outdoor games, not specified or included elsewhere in this Chapter. swimming pools and paddling pools.---Articles and equipment for table-tennis;;;;;;;ES;Toys, games and sports requisites. parts and accessories thereof---Articles and equipment for general physical exercise, gymnastics, athletics, other sports (including table-tennis) or outdoor games, not specified or included elsewhere in this Chapter. swimming pools and paddling pools.---Articles and equipment for table-tennis;;;;;;;N/A;;PDR;20240101;99991231;0;0;;;;;;
CA;9506510000;20240101;99991231;EN;Toys, games and sports requisites. parts and accessories thereof---Articles and equipment for general physical exercise, gymnastics, athletics, other sports (including table-tennis) or outdoor games, not specified or included elsewhere in this Chapter. swimming pools and paddling pools.---Tennis, badminton or similar rackets, whether or not strung:---Lawn-tennis rackets, whether or not strung;;;;;;;ES;Toys, games and sports requisites. parts and accessories thereof---Articles and equipment for general physical exercise, gymnastics, athletics, other sports (including table-tennis) or outdoor games, not specified or included elsewhere in this Chapter. swimming pools and paddling pools.---Tennis, badminton or similar rackets, whether or not strung:---Lawn-tennis rackets, whether or not strung;;;;;;;NMB;;PDR;20240101;99991231;0;0;;;;;;
CA;9506591000;20240101;99991231;EN;Toys, games and sports requisites. parts and accessories thereof---Articles and equipment for general physical exercise, gymnastics, athletics, other sports (including table-tennis) or outdoor games, not specified or included elsewhere in this Chapter. swimming pools and paddling pools.---Tennis, badminton or similar rackets, whether or not strung:---Other---Squash, badminton or racketball rackets;;;;;;;ES;Toys, games and sports requisites. parts and accessories thereof---Articles and equipment for general physical exercise, gymnastics, athletics, other sports (including table-tennis) or outdoor games, not specified or included elsewhere in this Chapter. swimming pools and paddling pools.---Tennis, badminton or similar rackets, whether or not strung:---Other---Squash, badminton or racketball rackets;;;;;;;NMB;;PDR;20240101;99991231;0;0;;;;;;
CA;9506599000;20240101;99991231;EN;Toys, games and sports requisites. parts and accessories thereof---Articles and equipment for general physical exercise, gymnastics, athletics, other sports (including table-tennis) or outdoor games, not specified or included elsewhere in this Chapter. swimming pools and paddling pools.---Tennis, badminton or similar rackets, whether or not strung:---Other---Other;;;;;;;ES;Toys, games and sports requisites. parts and accessories thereof---Articles and equipment for general physical exercise, gymnastics, athletics, other sports (including table-tennis) or outdoor games, not specified or included elsewhere in this Chapter. swimming pools and paddling pools.---Tennis, badminton or similar rackets, whether or not strung:---Other---Other;;;;;;;NMB;;PDR;20240101;99991231;7;0;;;;;;
CA;9506610000;20240101;99991231;EN;Toys, games and sports requisites. parts and accessories thereof---Articles and equipment for general physical exercise, gymnastics, athletics, other sports (including table-tennis) or outdoor games, not specified or included elsewhere in this Chapter. swimming pools and paddling pools.---Balls, other than golf balls and table-tennis balls:---Lawn-tennis balls;;;;;;;ES;Toys, games and sports requisites. parts and accessories thereof---Articles and equipment for general physical exercise, gymnastics, athletics, other sports (including table-tennis) or outdoor games, not specified or included elsewhere in this Chapter. swimming pools and paddling pools.---Balls, other than golf balls and table-tennis balls:---Lawn-tennis balls;;;;;;;DZN;;PDR;20240101;99991231;0;0;;;;;;
CA;9506620010;20240101;99991231;EN;Toys, games and sports requisites. parts and accessories thereof---Articles and equipment for general physical exercise, gymnastics, athletics, other sports (including table-tennis) or outdoor games, not specified or included elsewhere in this Chapter. swimming pools and paddling pools.---Balls, other than golf balls and table-tennis balls:---Inflatable---Basketball;;;;;;;ES;Toys, games and sports requisites. parts and accessories thereof---Articles and equipment for general physical exercise, gymnastics, athletics, other sports (including table-tennis) or outdoor games, not specified or included elsewhere in this Chapter. swimming pools and paddling pools.---Balls, other than golf balls and table-tennis balls:---Inflatable---Basketball;;;;;;;NMB;;PDR;20240101;99991231;0;0;;;;;;
CA;9506620020;20240101;99991231;EN;Toys, games and sports requisites. parts and accessories thereof---Articles and equipment for general physical exercise, gymnastics, athletics, other sports (including table-tennis) or outdoor games, not specified or included elsewhere in this Chapter. swimming pools and paddling pools.---Balls, other than golf balls and table-tennis balls:---Inflatable---Soccer;;;;;;;ES;Toys, games and sports requisites. parts and accessories thereof---Articles and equipment for general physical exercise, gymnastics, athletics, other sports (including table-tennis) or outdoor games, not specified or included elsewhere in this Chapter. swimming pools and paddling pools.---Balls, other than golf balls and table-tennis balls:---Inflatable---Soccer;;;;;;;NMB;;PDR;20240101;99991231;0;0;;;;;;
CA;9506620090;20240101;99991231;EN;Toys, games and sports requisites. parts and accessories thereof---Articles and equipment for general physical exercise, gymnastics, athletics, other sports (including table-tennis) or outdoor games, not specified or included elsewhere in this Chapter. swimming pools and paddling pools.---Balls, other than golf balls and table-tennis balls:---Inflatable---Other;;;;;;;ES;Toys, games and sports requisites. parts and accessories thereof---Articles and equipment for general physical exercise, gymnastics, athletics, other sports (including table-tennis) or outdoor games, not specified or included elsewhere in this Chapter. swimming pools and paddling pools.---Balls, other than golf balls and table-tennis balls:---Inflatable---Other;;;;;;;NMB;;PDR;20240101;99991231;0;0;;;;;;
CA;9506690000;20240101;99991231;EN;Toys, games and sports requisites. parts and accessories thereof---Articles and equipment for general physical exercise, gymnastics, athletics, other sports (including table-tennis) or outdoor games, not specified or included elsewhere in this Chapter. swimming pools and paddling pools.---Balls, other than golf balls and table-tennis balls:---Other;;;;;;;ES;Toys, games and sports requisites. parts and accessories thereof---Articles and equipment for general physical exercise, gymnastics, athletics, other sports (including table-tennis) or outdoor games, not specified or included elsewhere in this Chapter. swimming pools and paddling pools.---Balls, other than golf balls and table-tennis balls:---Other;;;;;;;NMB;;PDR;20240101;99991231;0;0;;;;;;
CA;9506701100;20240101;99991231;EN;Toys, games and sports requisites. parts and accessories thereof---Articles and equipment for general physical exercise, gymnastics, athletics, other sports (including table-tennis) or outdoor games, not specified or included elsewhere in this Chapter. swimming pools and paddling pools.---Ice skates and roller skates, including skating boots with skates attached---Ice or roller skates attached to boots or other footwear:---Ice skates;;;;;;;ES;Toys, games and sports requisites. parts and accessories thereof---Articles and equipment for general physical exercise, gymnastics, athletics, other sports (including table-tennis) or outdoor games, not specified or included elsewhere in this Chapter. swimming pools and paddling pools.---Ice skates and roller skates, including skating boots with skates attached---Ice or roller skates attached to boots or other footwear:---Ice skates;;;;;;;PAR;;PDR;20240101;99991231;0;0;;;;;;
CA;9506701200;20240101;99991231;EN;Toys, games and sports requisites. parts and accessories thereof---Articles and equipment for general physical exercise, gymnastics, athletics, other sports (including table-tennis) or outdoor games, not specified or included elsewhere in this Chapter. swimming pools and paddling pools.---Ice skates and roller skates, including skating boots with skates attached---Ice or roller skates attached to boots or other footwear:---Roller skates;;;;;;;ES;Toys, games and sports requisites. parts and accessories thereof---Articles and equipment for general physical exercise, gymnastics, athletics, other sports (including table-tennis) or outdoor games, not specified or included elsewhere in this Chapter. swimming pools and paddling pools.---Ice skates and roller skates, including skating boots with skates attached---Ice or roller skates attached to boots or other footwear:---Roller skates;;;;;;;PAR;;PDR;20240101;99991231;0;0;;;;;;
CA;9506702000;20240101;99991231;EN;Toys, games and sports requisites. parts and accessories thereof---Articles and equipment for general physical exercise, gymnastics, athletics, other sports (including table-tennis) or outdoor games, not specified or included elsewhere in this Chapter. swimming pools and paddling pools.---Ice skates and roller skates, including skating boots with skates attached---Ice or roller skates not attached to boots or other footwear;;;;;;;ES;Toys, games and sports requisites. parts and accessories thereof---Articles and equipment for general physical exercise, gymnastics, athletics, other sports (including table-tennis) or outdoor games, not specified or included elsewhere in this Chapter. swimming pools and paddling pools.---Ice skates and roller skates, including skating boots with skates attached---Ice or roller skates not attached to boots or other footwear;;;;;;;N/A;;PDR;20240101;99991231;5.5;0;;;;;;
CA;9506910010;20240101;99991231;EN;Toys, games and sports requisites. parts and accessories thereof---Articles and equipment for general physical exercise, gymnastics, athletics, other sports (including table-tennis) or outdoor games, not specified or included elsewhere in this Chapter. swimming pools and paddling pools.---Other:---Articles and equipment for general physical exercise, gymnastics or athletics---Exercise bicycles;;;;;;;ES;Toys, games and sports requisites. parts and accessories thereof---Articles and equipment for general physical exercise, gymnastics, athletics, other sports (including table-tennis) or outdoor games, not specified or included elsewhere in this Chapter. swimming pools and paddling pools.---Other:---Articles and equipment for general physical exercise, gymnastics or athletics---Exercise bicycles;;;;;;;NMB;;PDR;20240101;99991231;0;0;;;;;;
CA;9506910020;20240101;99991231;EN;Toys, games and sports requisites. parts and accessories thereof---Articles and equipment for general physical exercise, gymnastics, athletics, other sports (including table-tennis) or outdoor games, not specified or included elsewhere in this Chapter. swimming pools and paddling pools.---Other:---Articles and equipment for general physical exercise, gymnastics or athletics---Trampolines;;;;;;;ES;Toys, games and sports requisites. parts and accessories thereof---Articles and equipment for general physical exercise, gymnastics, athletics, other sports (including table-tennis) or outdoor games, not specified or included elsewhere in this Chapter. swimming pools and paddling pools.---Other:---Articles and equipment for general physical exercise, gymnastics or athletics---Trampolines;;;;;;;NMB;;PDR;20240101;99991231;0;0;;;;;;
CA;9506910090;20240101;99991231;EN;Toys, games and sports requisites. parts and accessories thereof---Articles and equipment for general physical exercise, gymnastics, athletics, other sports (including table-tennis) or outdoor games, not specified or included elsewhere in this Chapter. swimming pools and paddling pools.---Other:---Articles and equipment for general physical exercise, gymnastics or athletics---Other;;;;;;;ES;Toys, games and sports requisites. parts and accessories thereof---Articles and equipment for general physical exercise, gymnastics, athletics, other sports (including table-tennis) or outdoor games, not specified or included elsewhere in this Chapter. swimming pools and paddling pools.---Other:---Articles and equipment for general physical exercise, gymnastics or athletics---Other;;;;;;;N/A;;PDR;20240101;99991231;0;0;;;;;;
CA;9506990011;20240101;99991231;EN;Toys, games and sports requisites. parts and accessories thereof---Articles and equipment for general physical exercise, gymnastics, athletics, other sports (including table-tennis) or outdoor games, not specified or included elsewhere in this Chapter. swimming pools and paddling pools.---Other:---Other---For ice hockey or field hockey:. Hockey sticks, for ice hockey;;;;;;;ES;Toys, games and sports requisites. parts and accessories thereof---Articles and equipment for general physical exercise, gymnastics, athletics, other sports (including table-tennis) or outdoor games, not specified or included elsewhere in this Chapter. swimming pools and paddling pools.---Other:---Other---For ice hockey or field hockey:. Hockey sticks, for ice hockey;;;;;;;NMB;;PDR;20240101;99991231;0;0;;;;;;
CA;9506990019;20240101;99991231;EN;Toys, games and sports requisites. parts and accessories thereof---Articles and equipment for general physical exercise, gymnastics, athletics, other sports (including table-tennis) or outdoor games, not specified or included elsewhere in this Chapter. swimming pools and paddling pools.---Other:---Other---For ice hockey or field hockey:. Other;;;;;;;ES;Toys, games and sports requisites. parts and accessories thereof---Articles and equipment for general physical exercise, gymnastics, athletics, other sports (including table-tennis) or outdoor games, not specified or included elsewhere in this Chapter. swimming pools and paddling pools.---Other:---Other---For ice hockey or field hockey:. Other;;;;;;;N/A;;PDR;20240101;99991231;0;0;;;;;;
CA;9506990020;20240101;99991231;EN;Toys, games and sports requisites. parts and accessories thereof---Articles and equipment for general physical exercise, gymnastics, athletics, other sports (including table-tennis) or outdoor games, not specified or included elsewhere in this Chapter. swimming pools and paddling pools.---Other:---Other---Archery equipment;;;;;;;ES;Toys, games and sports requisites. parts and accessories thereof---Articles and equipment for general physical exercise, gymnastics, athletics, other sports (including table-tennis) or outdoor games, not specified or included elsewhere in this Chapter. swimming pools and paddling pools.---Other:---Other---Archery equipment;;;;;;;N/A;;PDR;20240101;99991231;0;0;;;;;;
CA;9506990030;20240101;99991231;EN;Toys, games and sports requisites. parts and accessories thereof---Articles and equipment for general physical exercise, gymnastics, athletics, other sports (including table-tennis) or outdoor games, not specified or included elsewhere in this Chapter. swimming pools and paddling pools.---Other:---Other---Swimming or wading (paddling) pools, above ground;;;;;;;ES;Toys, games and sports requisites. parts and accessories thereof---Articles and equipment for general physical exercise, gymnastics, athletics, other sports (including table-tennis) or outdoor games, not specified or included elsewhere in this Chapter. swimming pools and paddling pools.---Other:---Other---Swimming or wading (paddling) pools, above ground;;;;;;;NMB;;PDR;20240101;99991231;0;0;;;;;;
CA;9506990040;20240101;99991231;EN;Toys, games and sports requisites. parts and accessories thereof---Articles and equipment for general physical exercise, gymnastics, athletics, other sports (including table-tennis) or outdoor games, not specified or included elsewhere in this Chapter. swimming pools and paddling pools.---Other:---Other---Parts and accessories for swimming or wading (paddling) pools;;;;;;;ES;Toys, games and sports requisites. parts and accessories thereof---Articles and equipment for general physical exercise, gymnastics, athletics, other sports (including table-tennis) or outdoor games, not specified or included elsewhere in this Chapter. swimming pools and paddling pools.---Other:---Other---Parts and accessories for swimming or wading (paddling) pools;;;;;;;N/A;;PDR;20240101;99991231;0;0;;;;;;
CA;9506990050;20240101;99991231;EN;Toys, games and sports requisites. parts and accessories thereof---Articles and equipment for general physical exercise, gymnastics, athletics, other sports (including table-tennis) or outdoor games, not specified or included elsewhere in this Chapter. swimming pools and paddling pools.---Other:---Other---Playground equipment;;;;;;;ES;Toys, games and sports requisites. parts and accessories thereof---Articles and equipment for general physical exercise, gymnastics, athletics, other sports (including table-tennis) or outdoor games, not specified or included elsewhere in this Chapter. swimming pools and paddling pools.---Other:---Other---Playground equipment;;;;;;;N/A;;PDR;20240101;99991231;0;0;;;;;;
CA;9506990060;20240101;99991231;EN;Toys, games and sports requisites. parts and accessories thereof---Articles and equipment for general physical exercise, gymnastics, athletics, other sports (including table-tennis) or outdoor games, not specified or included elsewhere in this Chapter. swimming pools and paddling pools.---Other:---Other---Parts and accessories for playground equipment;;;;;;;ES;Toys, games and sports requisites. parts and accessories thereof---Articles and equipment for general physical exercise, gymnastics, athletics, other sports (including table-tennis) or outdoor games, not specified or included elsewhere in this Chapter. swimming pools and paddling pools.---Other:---Other---Parts and accessories for playground equipment;;;;;;;N/A;;PDR;20240101;99991231;0;0;;;;;;
CA;9506990070;20240101;99991231;EN;Toys, games and sports requisites. parts and accessories thereof---Articles and equipment for general physical exercise, gymnastics, athletics, other sports (including table-tennis) or outdoor games, not specified or included elsewhere in this Chapter. swimming pools and paddling pools.---Other:---Other---Snowshoes. Sleds, bobsleds, toboggans and the like;;;;;;;ES;Toys, games and sports requisites. parts and accessories thereof---Articles and equipment for general physical exercise, gymnastics, athletics, other sports (including table-tennis) or outdoor games, not specified or included elsewhere in this Chapter. swimming pools and paddling pools.---Other:---Other---Snowshoes. Sleds, bobsleds, toboggans and the like;;;;;;;N/A;;PDR;20240101;99991231;0;0;;;;;;
CA;9506990090;20240101;99991231;EN;Toys, games and sports requisites. parts and accessories thereof---Articles and equipment for general physical exercise, gymnastics, athletics, other sports (including table-tennis) or outdoor games, not specified or included elsewhere in this Chapter. swimming pools and paddling pools.---Other:---Other---Other;;;;;;;ES;Toys, games and sports requisites. parts and accessories thereof---Articles and equipment for general physical exercise, gymnastics, athletics, other sports (including table-tennis) or outdoor games, not specified or included elsewhere in this Chapter. swimming pools and paddling pools.---Other:---Other---Other;;;;;;;N/A;;PDR;20240101;99991231;0;0;;;;;;
CA;9507101000;20240101;99991231;EN;"Toys, games and sports requisites. parts and accessories thereof---Fishing rods, fish-hooks and other line fishing tackle. fish landing nets, butterfly nets and similar nets. decoy ""birds"" (other than those of heading 92.08 or 97.05) and similar hunting or shooting requisites.---Fishing rods---Parts for use in the manufacture of fishing rods";;;;;;;ES;"Toys, games and sports requisites. parts and accessories thereof---Fishing rods, fish-hooks and other line fishing tackle. fish landing nets, butterfly nets and similar nets. decoy ""birds"" (other than those of heading 92.08 or 97.05) and similar hunting or shooting requisites.---Fishing rods---Parts for use in the manufacture of fishing rods";;;;;;;N/A;;PDR;20240101;99991231;0;0;;;;;;
CA;9507109000;20240101;99991231;EN;"Toys, games and sports requisites. parts and accessories thereof---Fishing rods, fish-hooks and other line fishing tackle. fish landing nets, butterfly nets and similar nets. decoy ""birds"" (other than those of heading 92.08 or 97.05) and similar hunting or shooting requisites.---Fishing rods---Other";;;;;;;ES;"Toys, games and sports requisites. parts and accessories thereof---Fishing rods, fish-hooks and other line fishing tackle. fish landing nets, butterfly nets and similar nets. decoy ""birds"" (other than those of heading 92.08 or 97.05) and similar hunting or shooting requisites.---Fishing rods---Other";;;;;;;N/A;;PDR;20240101;99991231;6.5;0;;;;;;
CA;9507200000;20240101;99991231;EN;"Toys, games and sports requisites. parts and accessories thereof---Fishing rods, fish-hooks and other line fishing tackle. fish landing nets, butterfly nets and similar nets. decoy ""birds"" (other than those of heading 92.08 or 97.05) and similar hunting or shooting requisites.---Fish-hooks, whether or not snelled";;;;;;;ES;"Toys, games and sports requisites. parts and accessories thereof---Fishing rods, fish-hooks and other line fishing tackle. fish landing nets, butterfly nets and similar nets. decoy ""birds"" (other than those of heading 92.08 or 97.05) and similar hunting or shooting requisites.---Fish-hooks, whether or not snelled";;;;;;;NMB;;PDR;20240101;99991231;0;0;;;;;;
CA;9507300000;20240101;99991231;EN;"Toys, games and sports requisites. parts and accessories thereof---Fishing rods, fish-hooks and other line fishing tackle. fish landing nets, butterfly nets and similar nets. decoy ""birds"" (other than those of heading 92.08 or 97.05) and similar hunting or shooting requisites.---Fishing reels";;;;;;;ES;"Toys, games and sports requisites. parts and accessories thereof---Fishing rods, fish-hooks and other line fishing tackle. fish landing nets, butterfly nets and similar nets. decoy ""birds"" (other than those of heading 92.08 or 97.05) and similar hunting or shooting requisites.---Fishing reels";;;;;;;NMB;;PDR;20240101;99991231;6.5;0;;;;;;
CA;9507901000;20240101;99991231;EN;"Toys, games and sports requisites. parts and accessories thereof---Fishing rods, fish-hooks and other line fishing tackle. fish landing nets, butterfly nets and similar nets. decoy ""birds"" (other than those of heading 92.08 or 97.05) and similar hunting or shooting requisites.---Other---Sportsperson's fishing line, in retail packages";;;;;;;ES;"Toys, games and sports requisites. parts and accessories thereof---Fishing rods, fish-hooks and other line fishing tackle. fish landing nets, butterfly nets and similar nets. decoy ""birds"" (other than those of heading 92.08 or 97.05) and similar hunting or shooting requisites.---Other---Sportsperson's fishing line, in retail packages";;;;;;;N/A;;PDR;20240101;99991231;7;0;;;;;;
CA;9507909100;20240101;99991231;EN;"Toys, games and sports requisites. parts and accessories thereof---Fishing rods, fish-hooks and other line fishing tackle. fish landing nets, butterfly nets and similar nets. decoy ""birds"" (other than those of heading 92.08 or 97.05) and similar hunting or shooting requisites.---Other---Other:---Fish landing net bags for use in the manufacture of fish landing nets.Lures, jiggers, artificial bait, line floats and fishing lines (including marlines) of a circumference not exceeding 38 mm, to be employed in commercial fishing.Split rings and swivels for use in the manufacture of fishing lures";;;;;;;ES;"Toys, games and sports requisites. parts and accessories thereof---Fishing rods, fish-hooks and other line fishing tackle. fish landing nets, butterfly nets and similar nets. decoy ""birds"" (other than those of heading 92.08 or 97.05) and similar hunting or shooting requisites.---Other---Other:---Fish landing net bags for use in the manufacture of fish landing nets.Lures, jiggers, artificial bait, line floats and fishing lines (including marlines) of a circumference not exceeding 38 mm, to be employed in commercial fishing.Split rings and swivels for use in the manufacture of fishing lures";;;;;;;N/A;;PDR;20240101;99991231;0;0;;;;;;
CA;9507909920;20240101;99991231;EN;"Toys, games and sports requisites. parts and accessories thereof---Fishing rods, fish-hooks and other line fishing tackle. fish landing nets, butterfly nets and similar nets. decoy ""birds"" (other than those of heading 92.08 or 97.05) and similar hunting or shooting requisites.---Other---Other:---Other---Fishing tackle";;;;;;;ES;"Toys, games and sports requisites. parts and accessories thereof---Fishing rods, fish-hooks and other line fishing tackle. fish landing nets, butterfly nets and similar nets. decoy ""birds"" (other than those of heading 92.08 or 97.05) and similar hunting or shooting requisites.---Other---Other:---Other---Fishing tackle";;;;;;;N/A;;PDR;20240101;99991231;6.5;0;;;;;;
CA;9507909990;20240101;99991231;EN;"Toys, games and sports requisites. parts and accessories thereof---Fishing rods, fish-hooks and other line fishing tackle. fish landing nets, butterfly nets and similar nets. decoy ""birds"" (other than those of heading 92.08 or 97.05) and similar hunting or shooting requisites.---Other---Other:---Other---Other";;;;;;;ES;"Toys, games and sports requisites. parts and accessories thereof---Fishing rods, fish-hooks and other line fishing tackle. fish landing nets, butterfly nets and similar nets. decoy ""birds"" (other than those of heading 92.08 or 97.05) and similar hunting or shooting requisites.---Other---Other:---Other---Other";;;;;;;N/A;;PDR;20240101;99991231;6.5;0;;;;;;
CA;9508100011;20240101;99991231;EN;Toys, games and sports requisites. parts and accessories thereof---Travelling circuses and travelling menageries. amusement park rides and water park amusements. fairground amusements, including shooting galleries. travelling theatres.---Travelling circuses and travelling menageries---Travelling menageries. Parts and accessories thereof:. Travelling menageries;;;;;;;ES;Toys, games and sports requisites. parts and accessories thereof---Travelling circuses and travelling menageries. amusement park rides and water park amusements. fairground amusements, including shooting galleries. travelling theatres.---Travelling circuses and travelling menageries---Travelling menageries. Parts and accessories thereof:. Travelling menageries;;;;;;;N/A;;PDR;20240101;99991231;0;0;;;;;;
CA;9508100012;20240101;99991231;EN;Toys, games and sports requisites. parts and accessories thereof---Travelling circuses and travelling menageries. amusement park rides and water park amusements. fairground amusements, including shooting galleries. travelling theatres.---Travelling circuses and travelling menageries---Travelling menageries. Parts and accessories thereof:. Parts and accessories for travelling menageries;;;;;;;ES;Toys, games and sports requisites. parts and accessories thereof---Travelling circuses and travelling menageries. amusement park rides and water park amusements. fairground amusements, including shooting galleries. travelling theatres.---Travelling circuses and travelling menageries---Travelling menageries. Parts and accessories thereof:. Parts and accessories for travelling menageries;;;;;;;N/A;;PDR;20240101;99991231;0;0;;;;;;
CA;9508100020;20240101;99991231;EN;Toys, games and sports requisites. parts and accessories thereof---Travelling circuses and travelling menageries. amusement park rides and water park amusements. fairground amusements, including shooting galleries. travelling theatres.---Travelling circuses and travelling menageries---Travelling circuses;;;;;;;ES;Toys, games and sports requisites. parts and accessories thereof---Travelling circuses and travelling menageries. amusement park rides and water park amusements. fairground amusements, including shooting galleries. travelling theatres.---Travelling circuses and travelling menageries---Travelling circuses;;;;;;;N/A;;PDR;20240101;99991231;0;0;;;;;;
CA;9508210000;20240101;99991231;EN;Toys, games and sports requisites. parts and accessories thereof---Travelling circuses and travelling menageries. amusement park rides and water park amusements. fairground amusements, including shooting galleries. travelling theatres.---Amusement park rides and water park amusements:---Roller coasters;;;;;;;ES;Toys, games and sports requisites. parts and accessories thereof---Travelling circuses and travelling menageries. amusement park rides and water park amusements. fairground amusements, including shooting galleries. travelling theatres.---Amusement park rides and water park amusements:---Roller coasters;;;;;;;N/A;;PDR;20240101;99991231;0;0;;;;;;
CA;9508220000;20240101;99991231;EN;Toys, games and sports requisites. parts and accessories thereof---Travelling circuses and travelling menageries. amusement park rides and water park amusements. fairground amusements, including shooting galleries. travelling theatres.---Amusement park rides and water park amusements:---Carousels, swings and roundabouts;;;;;;;ES;Toys, games and sports requisites. parts and accessories thereof---Travelling circuses and travelling menageries. amusement park rides and water park amusements. fairground amusements, including shooting galleries. travelling theatres.---Amusement park rides and water park amusements:---Carousels, swings and roundabouts;;;;;;;N/A;;PDR;20240101;99991231;0;0;;;;;;
CA;9508230000;20240101;99991231;EN;Toys, games and sports requisites. parts and accessories thereof---Travelling circuses and travelling menageries. amusement park rides and water park amusements. fairground amusements, including shooting galleries. travelling theatres.---Amusement park rides and water park amusements:---Dodge'em cars;;;;;;;ES;Toys, games and sports requisites. parts and accessories thereof---Travelling circuses and travelling menageries. amusement park rides and water park amusements. fairground amusements, including shooting galleries. travelling theatres.---Amusement park rides and water park amusements:---Dodge'em cars;;;;;;;N/A;;PDR;20240101;99991231;0;0;;;;;;
CA;9508240000;20240101;99991231;EN;Toys, games and sports requisites. parts and accessories thereof---Travelling circuses and travelling menageries. amusement park rides and water park amusements. fairground amusements, including shooting galleries. travelling theatres.---Amusement park rides and water park amusements:---Motion simulators and moving theatres;;;;;;;ES;Toys, games and sports requisites. parts and accessories thereof---Travelling circuses and travelling menageries. amusement park rides and water park amusements. fairground amusements, including shooting galleries. travelling theatres.---Amusement park rides and water park amusements:---Motion simulators and moving theatres;;;;;;;N/A;;PDR;20240101;99991231;0;0;;;;;;
CA;9508250000;20240101;99991231;EN;Toys, games and sports requisites. parts and accessories thereof---Travelling circuses and travelling menageries. amusement park rides and water park amusements. fairground amusements, including shooting galleries. travelling theatres.---Amusement park rides and water park amusements:---Water rides;;;;;;;ES;Toys, games and sports requisites. parts and accessories thereof---Travelling circuses and travelling menageries. amusement park rides and water park amusements. fairground amusements, including shooting galleries. travelling theatres.---Amusement park rides and water park amusements:---Water rides;;;;;;;N/A;;PDR;20240101;99991231;0;0;;;;;;
CA;9508260000;20240101;99991231;EN;Toys, games and sports requisites. parts and accessories thereof---Travelling circuses and travelling menageries. amusement park rides and water park amusements. fairground amusements, including shooting galleries. travelling theatres.---Amusement park rides and water park amusements:---Water park amusements;;;;;;;ES;Toys, games and sports requisites. parts and accessories thereof---Travelling circuses and travelling menageries. amusement park rides and water park amusements. fairground amusements, including shooting galleries. travelling theatres.---Amusement park rides and water park amusements:---Water park amusements;;;;;;;N/A;;PDR;20240101;99991231;0;0;;;;;;
CA;9508290000;20240101;99991231;EN;Toys, games and sports requisites. parts and accessories thereof---Travelling circuses and travelling menageries. amusement park rides and water park amusements. fairground amusements, including shooting galleries. travelling theatres.---Amusement park rides and water park amusements:---Other;;;;;;;ES;Toys, games and sports requisites. parts and accessories thereof---Travelling circuses and travelling menageries. amusement park rides and water park amusements. fairground amusements, including shooting galleries. travelling theatres.---Amusement park rides and water park amusements:---Other;;;;;;;N/A;;PDR;20240101;99991231;0;0;;;;;;
CA;9508300000;20240101;99991231;EN;Toys, games and sports requisites. parts and accessories thereof---Travelling circuses and travelling menageries. amusement park rides and water park amusements. fairground amusements, including shooting galleries. travelling theatres.---Fairground amusements;;;;;;;ES;Toys, games and sports requisites. parts and accessories thereof---Travelling circuses and travelling menageries. amusement park rides and water park amusements. fairground amusements, including shooting galleries. travelling theatres.---Fairground amusements;;;;;;;N/A;;PDR;20240101;99991231;0;0;;;;;;
CA;9508400000;20240101;99991231;EN;Toys, games and sports requisites. parts and accessories thereof---Travelling circuses and travelling menageries. amusement park rides and water park amusements. fairground amusements, including shooting galleries. travelling theatres.---Travelling theatres;;;;;;;ES;Toys, games and sports requisites. parts and accessories thereof---Travelling circuses and travelling menageries. amusement park rides and water park amusements. fairground amusements, including shooting galleries. travelling theatres.---Travelling theatres;;;;;;;N/A;;PDR;20240101;99991231;0;0;;;;;;
CA;9601100000;20240101;99991231;EN;Miscellaneous manufactured articles---Worked ivory, bone, tortoise-shell, horn, antlers, coral, mother-of-pearl and other animal carving material, and articles of these materials (including articles obtained by moulding).---Worked ivory and articles of ivory;;;;;;;ES;Miscellaneous manufactured articles---Worked ivory, bone, tortoise-shell, horn, antlers, coral, mother-of-pearl and other animal carving material, and articles of these materials (including articles obtained by moulding).---Worked ivory and articles of ivory;;;;;;;N/A;;PDR;20240101;99991231;0;0;;;;;;
CA;9601900000;20240101;99991231;EN;Miscellaneous manufactured articles---Worked ivory, bone, tortoise-shell, horn, antlers, coral, mother-of-pearl and other animal carving material, and articles of these materials (including articles obtained by moulding).---Other;;;;;;;ES;Miscellaneous manufactured articles---Worked ivory, bone, tortoise-shell, horn, antlers, coral, mother-of-pearl and other animal carving material, and articles of these materials (including articles obtained by moulding).---Other;;;;;;;N/A;;PDR;20240101;99991231;6.5;0;;;;;;
CA;9602001020;20240101;99991231;EN;Miscellaneous manufactured articles---Worked vegetable or mineral carving material and articles of these materials. moulded or carved articles of wax, of stearin, of natural gums or natural resins or of modelling pastes, and other moulded or carved articles, not elsewhere specified or included. worked, unhardened gelatin (except gelatin of heading 35.03) and articles of unhardened gelatin.---Artificial honeycombs.Gelatin capsules for pharmaceutical products.Worked amber for use in the manufacture of jewellery---Gelatin capsules, for pharmaceutical products;;;;;;;ES;Miscellaneous manufactured articles---Worked vegetable or mineral carving material and articles of these materials. moulded or carved articles of wax, of stearin, of natural gums or natural resins or of modelling pastes, and other moulded or carved articles, not elsewhere specified or included. worked, unhardened gelatin (except gelatin of heading 35.03) and articles of unhardened gelatin.---Artificial honeycombs.Gelatin capsules for pharmaceutical products.Worked amber for use in the manufacture of jewellery---Gelatin capsules, for pharmaceutical products;;;;;;;MIL;;PDR;20240101;99991231;0;0;;;;;;
CA;9602001090;20240101;99991231;EN;Miscellaneous manufactured articles---Worked vegetable or mineral carving material and articles of these materials. moulded or carved articles of wax, of stearin, of natural gums or natural resins or of modelling pastes, and other moulded or carved articles, not elsewhere specified or included. worked, unhardened gelatin (except gelatin of heading 35.03) and articles of unhardened gelatin.---Artificial honeycombs.Gelatin capsules for pharmaceutical products.Worked amber for use in the manufacture of jewellery---Other;;;;;;;ES;Miscellaneous manufactured articles---Worked vegetable or mineral carving material and articles of these materials. moulded or carved articles of wax, of stearin, of natural gums or natural resins or of modelling pastes, and other moulded or carved articles, not elsewhere specified or included. worked, unhardened gelatin (except gelatin of heading 35.03) and articles of unhardened gelatin.---Artificial honeycombs.Gelatin capsules for pharmaceutical products.Worked amber for use in the manufacture of jewellery---Other;;;;;;;N/A;;PDR;20240101;99991231;0;0;;;;;;
CA;9602009000;20240101;99991231;EN;Miscellaneous manufactured articles---Worked vegetable or mineral carving material and articles of these materials. moulded or carved articles of wax, of stearin, of natural gums or natural resins or of modelling pastes, and other moulded or carved articles, not elsewhere specified or included. worked, unhardened gelatin (except gelatin of heading 35.03) and articles of unhardened gelatin.---Other;;;;;;;ES;Miscellaneous manufactured articles---Worked vegetable or mineral carving material and articles of these materials. moulded or carved articles of wax, of stearin, of natural gums or natural resins or of modelling pastes, and other moulded or carved articles, not elsewhere specified or included. worked, unhardened gelatin (except gelatin of heading 35.03) and articles of unhardened gelatin.---Other;;;;;;;N/A;;PDR;20240101;99991231;6.5;0;;;;;;
CA;9603101000;20240101;99991231;EN;Miscellaneous manufactured articles---Brooms, brushes (including brushes constituting parts of machines, appliances or vehicles), hand-operated mechanical floor sweepers, not motorized, mops and feather dusters. prepared knots and tufts for broom or brush making. paint pads and rollers. squeegees (other than roller squeegees).---Brooms and brushes, consisting of twigs or other vegetable materials bound together, with or without handles---Brooms;;;;;;;ES;Miscellaneous manufactured articles---Brooms, brushes (including brushes constituting parts of machines, appliances or vehicles), hand-operated mechanical floor sweepers, not motorized, mops and feather dusters. prepared knots and tufts for broom or brush making. paint pads and rollers. squeegees (other than roller squeegees).---Brooms and brushes, consisting of twigs or other vegetable materials bound together, with or without handles---Brooms;;;;;;;DZN;;PDR;20240101;99991231;11;0;;;;;;
CA;9603102000;20240101;99991231;EN;Miscellaneous manufactured articles---Brooms, brushes (including brushes constituting parts of machines, appliances or vehicles), hand-operated mechanical floor sweepers, not motorized, mops and feather dusters. prepared knots and tufts for broom or brush making. paint pads and rollers. squeegees (other than roller squeegees).---Brooms and brushes, consisting of twigs or other vegetable materials bound together, with or without handles---Brushes;;;;;;;ES;Miscellaneous manufactured articles---Brooms, brushes (including brushes constituting parts of machines, appliances or vehicles), hand-operated mechanical floor sweepers, not motorized, mops and feather dusters. prepared knots and tufts for broom or brush making. paint pads and rollers. squeegees (other than roller squeegees).---Brooms and brushes, consisting of twigs or other vegetable materials bound together, with or without handles---Brushes;;;;;;;DZN;;PDR;20240101;99991231;7;0;;;;;;
CA;9603210000;20240101;99991231;EN;Miscellaneous manufactured articles---Brooms, brushes (including brushes constituting parts of machines, appliances or vehicles), hand-operated mechanical floor sweepers, not motorized, mops and feather dusters. prepared knots and tufts for broom or brush making. paint pads and rollers. squeegees (other than roller squeegees).---Tooth brushes, shaving brushes, hair brushes, nail brushes, eyelash brushes and other toilet brushes for use on the person, including such brushes constituting parts of appliances:---Tooth brushes, including dental-plate brushes;;;;;;;ES;Miscellaneous manufactured articles---Brooms, brushes (including brushes constituting parts of machines, appliances or vehicles), hand-operated mechanical floor sweepers, not motorized, mops and feather dusters. prepared knots and tufts for broom or brush making. paint pads and rollers. squeegees (other than roller squeegees).---Tooth brushes, shaving brushes, hair brushes, nail brushes, eyelash brushes and other toilet brushes for use on the person, including such brushes constituting parts of appliances:---Tooth brushes, including dental-plate brushes;;;;;;;DZN;;PDR;20240101;99991231;7;0;;;;;;
CA;9603290000;20240101;99991231;EN;Miscellaneous manufactured articles---Brooms, brushes (including brushes constituting parts of machines, appliances or vehicles), hand-operated mechanical floor sweepers, not motorized, mops and feather dusters. prepared knots and tufts for broom or brush making. paint pads and rollers. squeegees (other than roller squeegees).---Tooth brushes, shaving brushes, hair brushes, nail brushes, eyelash brushes and other toilet brushes for use on the person, including such brushes constituting parts of appliances:---Other;;;;;;;ES;Miscellaneous manufactured articles---Brooms, brushes (including brushes constituting parts of machines, appliances or vehicles), hand-operated mechanical floor sweepers, not motorized, mops and feather dusters. prepared knots and tufts for broom or brush making. paint pads and rollers. squeegees (other than roller squeegees).---Tooth brushes, shaving brushes, hair brushes, nail brushes, eyelash brushes and other toilet brushes for use on the person, including such brushes constituting parts of appliances:---Other;;;;;;;DZN;;PDR;20240101;99991231;7;0;;;;;;
CA;9603301000;20240101;99991231;EN;Miscellaneous manufactured articles---Brooms, brushes (including brushes constituting parts of machines, appliances or vehicles), hand-operated mechanical floor sweepers, not motorized, mops and feather dusters. prepared knots and tufts for broom or brush making. paint pads and rollers. squeegees (other than roller squeegees).---Artists' brushes, writing brushes and similar brushes for the application of cosmetics---Artists' brushes;;;;;;;ES;Miscellaneous manufactured articles---Brooms, brushes (including brushes constituting parts of machines, appliances or vehicles), hand-operated mechanical floor sweepers, not motorized, mops and feather dusters. prepared knots and tufts for broom or brush making. paint pads and rollers. squeegees (other than roller squeegees).---Artists' brushes, writing brushes and similar brushes for the application of cosmetics---Artists' brushes;;;;;;;DZN;;PDR;20240101;99991231;7;0;;;;;;
CA;9603309000;20240101;99991231;EN;Miscellaneous manufactured articles---Brooms, brushes (including brushes constituting parts of machines, appliances or vehicles), hand-operated mechanical floor sweepers, not motorized, mops and feather dusters. prepared knots and tufts for broom or brush making. paint pads and rollers. squeegees (other than roller squeegees).---Artists' brushes, writing brushes and similar brushes for the application of cosmetics---Other;;;;;;;ES;Miscellaneous manufactured articles---Brooms, brushes (including brushes constituting parts of machines, appliances or vehicles), hand-operated mechanical floor sweepers, not motorized, mops and feather dusters. prepared knots and tufts for broom or brush making. paint pads and rollers. squeegees (other than roller squeegees).---Artists' brushes, writing brushes and similar brushes for the application of cosmetics---Other;;;;;;;DZN;;PDR;20240101;99991231;0;0;;;;;;
CA;9603401000;20240101;99991231;EN;Miscellaneous manufactured articles---Brooms, brushes (including brushes constituting parts of machines, appliances or vehicles), hand-operated mechanical floor sweepers, not motorized, mops and feather dusters. prepared knots and tufts for broom or brush making. paint pads and rollers. squeegees (other than roller squeegees).---Paint, distemper, varnish or similar brushes (other than brushes of subheading 9603.30). paint pads and rollers---Rollers of textile materials;;;;;;;ES;Miscellaneous manufactured articles---Brooms, brushes (including brushes constituting parts of machines, appliances or vehicles), hand-operated mechanical floor sweepers, not motorized, mops and feather dusters. prepared knots and tufts for broom or brush making. paint pads and rollers. squeegees (other than roller squeegees).---Paint, distemper, varnish or similar brushes (other than brushes of subheading 9603.30). paint pads and rollers---Rollers of textile materials;;;;;;;DZN;;PDR;20240101;99991231;15.5;0;;;;;;
CA;9603409010;20240101;99991231;EN;Miscellaneous manufactured articles---Brooms, brushes (including brushes constituting parts of machines, appliances or vehicles), hand-operated mechanical floor sweepers, not motorized, mops and feather dusters. prepared knots and tufts for broom or brush making. paint pads and rollers. squeegees (other than roller squeegees).---Paint, distemper, varnish or similar brushes (other than brushes of subheading 9603.30). paint pads and rollers---Other---Paint or varnish brushes;;;;;;;ES;Miscellaneous manufactured articles---Brooms, brushes (including brushes constituting parts of machines, appliances or vehicles), hand-operated mechanical floor sweepers, not motorized, mops and feather dusters. prepared knots and tufts for broom or brush making. paint pads and rollers. squeegees (other than roller squeegees).---Paint, distemper, varnish or similar brushes (other than brushes of subheading 9603.30). paint pads and rollers---Other---Paint or varnish brushes;;;;;;;DZN;;PDR;20240101;99991231;7;0;;;;;;
CA;9603409020;20240101;99991231;EN;Miscellaneous manufactured articles---Brooms, brushes (including brushes constituting parts of machines, appliances or vehicles), hand-operated mechanical floor sweepers, not motorized, mops and feather dusters. prepared knots and tufts for broom or brush making. paint pads and rollers. squeegees (other than roller squeegees).---Paint, distemper, varnish or similar brushes (other than brushes of subheading 9603.30). paint pads and rollers---Other---Paint rollers;;;;;;;ES;Miscellaneous manufactured articles---Brooms, brushes (including brushes constituting parts of machines, appliances or vehicles), hand-operated mechanical floor sweepers, not motorized, mops and feather dusters. prepared knots and tufts for broom or brush making. paint pads and rollers. squeegees (other than roller squeegees).---Paint, distemper, varnish or similar brushes (other than brushes of subheading 9603.30). paint pads and rollers---Other---Paint rollers;;;;;;;DZN;;PDR;20240101;99991231;7;0;;;;;;
CA;9603409090;20240101;99991231;EN;Miscellaneous manufactured articles---Brooms, brushes (including brushes constituting parts of machines, appliances or vehicles), hand-operated mechanical floor sweepers, not motorized, mops and feather dusters. prepared knots and tufts for broom or brush making. paint pads and rollers. squeegees (other than roller squeegees).---Paint, distemper, varnish or similar brushes (other than brushes of subheading 9603.30). paint pads and rollers---Other---Other;;;;;;;ES;Miscellaneous manufactured articles---Brooms, brushes (including brushes constituting parts of machines, appliances or vehicles), hand-operated mechanical floor sweepers, not motorized, mops and feather dusters. prepared knots and tufts for broom or brush making. paint pads and rollers. squeegees (other than roller squeegees).---Paint, distemper, varnish or similar brushes (other than brushes of subheading 9603.30). paint pads and rollers---Other---Other;;;;;;;DZN;;PDR;20240101;99991231;7;0;;;;;;
CA;9603500000;20240101;99991231;EN;Miscellaneous manufactured articles---Brooms, brushes (including brushes constituting parts of machines, appliances or vehicles), hand-operated mechanical floor sweepers, not motorized, mops and feather dusters. prepared knots and tufts for broom or brush making. paint pads and rollers. squeegees (other than roller squeegees).---Other brushes constituting parts of machines, appliances or vehicles;;;;;;;ES;Miscellaneous manufactured articles---Brooms, brushes (including brushes constituting parts of machines, appliances or vehicles), hand-operated mechanical floor sweepers, not motorized, mops and feather dusters. prepared knots and tufts for broom or brush making. paint pads and rollers. squeegees (other than roller squeegees).---Other brushes constituting parts of machines, appliances or vehicles;;;;;;;N/A;;PDR;20240101;99991231;0;0;;;;;;
CA;9603901000;20240101;99991231;EN;Miscellaneous manufactured articles---Brooms, brushes (including brushes constituting parts of machines, appliances or vehicles), hand-operated mechanical floor sweepers, not motorized, mops and feather dusters. prepared knots and tufts for broom or brush making. paint pads and rollers. squeegees (other than roller squeegees).---Other---Brooms;;;;;;;ES;Miscellaneous manufactured articles---Brooms, brushes (including brushes constituting parts of machines, appliances or vehicles), hand-operated mechanical floor sweepers, not motorized, mops and feather dusters. prepared knots and tufts for broom or brush making. paint pads and rollers. squeegees (other than roller squeegees).---Other---Brooms;;;;;;;DZN;;PDR;20240101;99991231;11;0;;;;;;
CA;9603902000;20240101;99991231;EN;Miscellaneous manufactured articles---Brooms, brushes (including brushes constituting parts of machines, appliances or vehicles), hand-operated mechanical floor sweepers, not motorized, mops and feather dusters. prepared knots and tufts for broom or brush making. paint pads and rollers. squeegees (other than roller squeegees).---Other---Hand-operated mechanical floor sweepers, not motorized;;;;;;;ES;Miscellaneous manufactured articles---Brooms, brushes (including brushes constituting parts of machines, appliances or vehicles), hand-operated mechanical floor sweepers, not motorized, mops and feather dusters. prepared knots and tufts for broom or brush making. paint pads and rollers. squeegees (other than roller squeegees).---Other---Hand-operated mechanical floor sweepers, not motorized;;;;;;;NMB;;PDR;20240101;99991231;8;0;;;;;;
CA;9603903000;20240101;99991231;EN;Miscellaneous manufactured articles---Brooms, brushes (including brushes constituting parts of machines, appliances or vehicles), hand-operated mechanical floor sweepers, not motorized, mops and feather dusters. prepared knots and tufts for broom or brush making. paint pads and rollers. squeegees (other than roller squeegees).---Other---Mops of textile materials;;;;;;;ES;Miscellaneous manufactured articles---Brooms, brushes (including brushes constituting parts of machines, appliances or vehicles), hand-operated mechanical floor sweepers, not motorized, mops and feather dusters. prepared knots and tufts for broom or brush making. paint pads and rollers. squeegees (other than roller squeegees).---Other---Mops of textile materials;;;;;;;DZN;;PDR;20240101;99991231;15.5;0;;;;;;
CA;9603909000;20240101;99991231;EN;Miscellaneous manufactured articles---Brooms, brushes (including brushes constituting parts of machines, appliances or vehicles), hand-operated mechanical floor sweepers, not motorized, mops and feather dusters. prepared knots and tufts for broom or brush making. paint pads and rollers. squeegees (other than roller squeegees).---Other---Other;;;;;;;ES;Miscellaneous manufactured articles---Brooms, brushes (including brushes constituting parts of machines, appliances or vehicles), hand-operated mechanical floor sweepers, not motorized, mops and feather dusters. prepared knots and tufts for broom or brush making. paint pads and rollers. squeegees (other than roller squeegees).---Other---Other;;;;;;;NMB;;PDR;20240101;99991231;6.5;0;;;;;;
CA;9604000000;20240101;99991231;EN;Miscellaneous manufactured articles---Hand sieves and hand riddles.---Hand sieves and hand riddles.;;;;;;;ES;Miscellaneous manufactured articles---Hand sieves and hand riddles.---Hand sieves and hand riddles.;;;;;;;NMB;;PDR;20240101;99991231;6.5;0;;;;;;
CA;9605000000;20240101;99991231;EN;Miscellaneous manufactured articles---Travel sets for personal toilet, sewing or shoe or clothes cleaning.---Travel sets for personal toilet, sewing or shoe or clothes cleaning.;;;;;;;ES;Miscellaneous manufactured articles---Travel sets for personal toilet, sewing or shoe or clothes cleaning.---Travel sets for personal toilet, sewing or shoe or clothes cleaning.;;;;;;;N/A;;PDR;20240101;99991231;6.5;0;;;;;;
CA;9606100000;20240101;99991231;EN;Miscellaneous manufactured articles---Buttons, press-fasteners, snap-fasteners and press-studs, button moulds and other parts of these articles. button blanks.---Press-fasteners, snap-fasteners and press-studs and parts therefor;;;;;;;ES;Miscellaneous manufactured articles---Buttons, press-fasteners, snap-fasteners and press-studs, button moulds and other parts of these articles. button blanks.---Press-fasteners, snap-fasteners and press-studs and parts therefor;;;;;;;N/A;;PDR;20240101;99991231;0;0;;;;;;
CA;9606210000;20240101;99991231;EN;Miscellaneous manufactured articles---Buttons, press-fasteners, snap-fasteners and press-studs, button moulds and other parts of these articles. button blanks.---Buttons:---Of plastics, not covered with textile material;;;;;;;ES;Miscellaneous manufactured articles---Buttons, press-fasteners, snap-fasteners and press-studs, button moulds and other parts of these articles. button blanks.---Buttons:---Of plastics, not covered with textile material;;;;;;;N/A;;PDR;20240101;99991231;0;0;;;;;;
CA;9606220000;20240101;99991231;EN;Miscellaneous manufactured articles---Buttons, press-fasteners, snap-fasteners and press-studs, button moulds and other parts of these articles. button blanks.---Buttons:---Of base metal, not covered with textile material;;;;;;;ES;Miscellaneous manufactured articles---Buttons, press-fasteners, snap-fasteners and press-studs, button moulds and other parts of these articles. button blanks.---Buttons:---Of base metal, not covered with textile material;;;;;;;N/A;;PDR;20240101;99991231;0;0;;;;;;
CA;9606290000;20240101;99991231;EN;Miscellaneous manufactured articles---Buttons, press-fasteners, snap-fasteners and press-studs, button moulds and other parts of these articles. button blanks.---Buttons:---Other;;;;;;;ES;Miscellaneous manufactured articles---Buttons, press-fasteners, snap-fasteners and press-studs, button moulds and other parts of these articles. button blanks.---Buttons:---Other;;;;;;;N/A;;PDR;20240101;99991231;0;0;;;;;;
CA;9606300000;20240101;99991231;EN;Miscellaneous manufactured articles---Buttons, press-fasteners, snap-fasteners and press-studs, button moulds and other parts of these articles. button blanks.---Button moulds and other parts of buttons. button blanks;;;;;;;ES;Miscellaneous manufactured articles---Buttons, press-fasteners, snap-fasteners and press-studs, button moulds and other parts of these articles. button blanks.---Button moulds and other parts of buttons. button blanks;;;;;;;N/A;;PDR;20240101;99991231;0;0;;;;;;
CA;9607111000;20240101;99991231;EN;Miscellaneous manufactured articles---Slide fasteners and parts thereof.---Slide fasteners:---Fitted with chain scoops of base metal---Air-tight and watertight;;;;;;;ES;Miscellaneous manufactured articles---Slide fasteners and parts thereof.---Slide fasteners:---Fitted with chain scoops of base metal---Air-tight and watertight;;;;;;;N/A;;PDR;20240101;99991231;0;0;;;;;;
CA;9607119000;20240101;99991231;EN;Miscellaneous manufactured articles---Slide fasteners and parts thereof.---Slide fasteners:---Fitted with chain scoops of base metal---Other;;;;;;;ES;Miscellaneous manufactured articles---Slide fasteners and parts thereof.---Slide fasteners:---Fitted with chain scoops of base metal---Other;;;;;;;N/A;;PDR;20240101;99991231;10;0;;;;;;
CA;9607190000;20240101;99991231;EN;Miscellaneous manufactured articles---Slide fasteners and parts thereof.---Slide fasteners:---Other;;;;;;;ES;Miscellaneous manufactured articles---Slide fasteners and parts thereof.---Slide fasteners:---Other;;;;;;;N/A;;PDR;20240101;99991231;11;0;;;;;;
CA;9607201000;20240101;99991231;EN;Miscellaneous manufactured articles---Slide fasteners and parts thereof.---Parts---Of textile materials;;;;;;;ES;Miscellaneous manufactured articles---Slide fasteners and parts thereof.---Parts---Of textile materials;;;;;;;N/A;;PDR;20240101;99991231;11.5;0;;;;;;
CA;9607209000;20240101;99991231;EN;Miscellaneous manufactured articles---Slide fasteners and parts thereof.---Parts---Other;;;;;;;ES;Miscellaneous manufactured articles---Slide fasteners and parts thereof.---Parts---Other;;;;;;;N/A;;PDR;20240101;99991231;0;0;;;;;;
CA;9608100000;20240101;99991231;EN;Miscellaneous manufactured articles---Ball point pens. felt tipped and other porous-tipped pens and markers. fountain pens, stylograph pens and other pens. duplicating stylos. propelling or sliding pencils. pen-holders, pencil-holders and similar holders. parts (including caps and clips) of the foregoing articles, other than those of heading 96.09.---Ball point pens;;;;;;;ES;Miscellaneous manufactured articles---Ball point pens. felt tipped and other porous-tipped pens and markers. fountain pens, stylograph pens and other pens. duplicating stylos. propelling or sliding pencils. pen-holders, pencil-holders and similar holders. parts (including caps and clips) of the foregoing articles, other than those of heading 96.09.---Ball point pens;;;;;;;DZN;;PDR;20240101;99991231;7;0;;;;;;
CA;9608200010;20240101;99991231;EN;Miscellaneous manufactured articles---Ball point pens. felt tipped and other porous-tipped pens and markers. fountain pens, stylograph pens and other pens. duplicating stylos. propelling or sliding pencils. pen-holders, pencil-holders and similar holders. parts (including caps and clips) of the foregoing articles, other than those of heading 96.09.---Felt tipped and other porous-tipped pens and markers---Fine tip;;;;;;;ES;Miscellaneous manufactured articles---Ball point pens. felt tipped and other porous-tipped pens and markers. fountain pens, stylograph pens and other pens. duplicating stylos. propelling or sliding pencils. pen-holders, pencil-holders and similar holders. parts (including caps and clips) of the foregoing articles, other than those of heading 96.09.---Felt tipped and other porous-tipped pens and markers---Fine tip;;;;;;;DZN;;PDR;20240101;99991231;7;0;;;;;;
CA;9608200090;20240101;99991231;EN;Miscellaneous manufactured articles---Ball point pens. felt tipped and other porous-tipped pens and markers. fountain pens, stylograph pens and other pens. duplicating stylos. propelling or sliding pencils. pen-holders, pencil-holders and similar holders. parts (including caps and clips) of the foregoing articles, other than those of heading 96.09.---Felt tipped and other porous-tipped pens and markers---Other;;;;;;;ES;Miscellaneous manufactured articles---Ball point pens. felt tipped and other porous-tipped pens and markers. fountain pens, stylograph pens and other pens. duplicating stylos. propelling or sliding pencils. pen-holders, pencil-holders and similar holders. parts (including caps and clips) of the foregoing articles, other than those of heading 96.09.---Felt tipped and other porous-tipped pens and markers---Other;;;;;;;DZN;;PDR;20240101;99991231;7;0;;;;;;
CA;9608301000;20240101;99991231;EN;Miscellaneous manufactured articles---Ball point pens. felt tipped and other porous-tipped pens and markers. fountain pens, stylograph pens and other pens. duplicating stylos. propelling or sliding pencils. pen-holders, pencil-holders and similar holders. parts (including caps and clips) of the foregoing articles, other than those of heading 96.09.---Fountain pens, stylograph pens and other pens---Indian ink drawing pens;;;;;;;ES;Miscellaneous manufactured articles---Ball point pens. felt tipped and other porous-tipped pens and markers. fountain pens, stylograph pens and other pens. duplicating stylos. propelling or sliding pencils. pen-holders, pencil-holders and similar holders. parts (including caps and clips) of the foregoing articles, other than those of heading 96.09.---Fountain pens, stylograph pens and other pens---Indian ink drawing pens;;;;;;;DZN;;PDR;20240101;99991231;7;0;;;;;;
CA;9608309000;20240101;99991231;EN;Miscellaneous manufactured articles---Ball point pens. felt tipped and other porous-tipped pens and markers. fountain pens, stylograph pens and other pens. duplicating stylos. propelling or sliding pencils. pen-holders, pencil-holders and similar holders. parts (including caps and clips) of the foregoing articles, other than those of heading 96.09.---Fountain pens, stylograph pens and other pens---Other;;;;;;;ES;Miscellaneous manufactured articles---Ball point pens. felt tipped and other porous-tipped pens and markers. fountain pens, stylograph pens and other pens. duplicating stylos. propelling or sliding pencils. pen-holders, pencil-holders and similar holders. parts (including caps and clips) of the foregoing articles, other than those of heading 96.09.---Fountain pens, stylograph pens and other pens---Other;;;;;;;DZN;;PDR;20240101;99991231;7;0;;;;;;
CA;9608400000;20240101;99991231;EN;Miscellaneous manufactured articles---Ball point pens. felt tipped and other porous-tipped pens and markers. fountain pens, stylograph pens and other pens. duplicating stylos. propelling or sliding pencils. pen-holders, pencil-holders and similar holders. parts (including caps and clips) of the foregoing articles, other than those of heading 96.09.---Propelling or sliding pencils;;;;;;;ES;Miscellaneous manufactured articles---Ball point pens. felt tipped and other porous-tipped pens and markers. fountain pens, stylograph pens and other pens. duplicating stylos. propelling or sliding pencils. pen-holders, pencil-holders and similar holders. parts (including caps and clips) of the foregoing articles, other than those of heading 96.09.---Propelling or sliding pencils;;;;;;;DZN;;PDR;20240101;99991231;7;0;;;;;;
CA;9608500000;20240101;99991231;EN;Miscellaneous manufactured articles---Ball point pens. felt tipped and other porous-tipped pens and markers. fountain pens, stylograph pens and other pens. duplicating stylos. propelling or sliding pencils. pen-holders, pencil-holders and similar holders. parts (including caps and clips) of the foregoing articles, other than those of heading 96.09.---Sets of articles from two or more of the foregoing subheadings;;;;;;;ES;Miscellaneous manufactured articles---Ball point pens. felt tipped and other porous-tipped pens and markers. fountain pens, stylograph pens and other pens. duplicating stylos. propelling or sliding pencils. pen-holders, pencil-holders and similar holders. parts (including caps and clips) of the foregoing articles, other than those of heading 96.09.---Sets of articles from two or more of the foregoing subheadings;;;;;;;NMB;;PDR;20240101;99991231;7;0;;;;;;
CA;9608601000;20240101;99991231;EN;Miscellaneous manufactured articles---Ball point pens. felt tipped and other porous-tipped pens and markers. fountain pens, stylograph pens and other pens. duplicating stylos. propelling or sliding pencils. pen-holders, pencil-holders and similar holders. parts (including caps and clips) of the foregoing articles, other than those of heading 96.09.---Refills for ball point pens, comprising the ball point and ink-reservoir---For use in the manufacture of ball point pens;;;;;;;ES;Miscellaneous manufactured articles---Ball point pens. felt tipped and other porous-tipped pens and markers. fountain pens, stylograph pens and other pens. duplicating stylos. propelling or sliding pencils. pen-holders, pencil-holders and similar holders. parts (including caps and clips) of the foregoing articles, other than those of heading 96.09.---Refills for ball point pens, comprising the ball point and ink-reservoir---For use in the manufacture of ball point pens;;;;;;;MIL;;PDR;20240101;99991231;0;0;;;;;;
CA;9608609000;20240101;99991231;EN;Miscellaneous manufactured articles---Ball point pens. felt tipped and other porous-tipped pens and markers. fountain pens, stylograph pens and other pens. duplicating stylos. propelling or sliding pencils. pen-holders, pencil-holders and similar holders. parts (including caps and clips) of the foregoing articles, other than those of heading 96.09.---Refills for ball point pens, comprising the ball point and ink-reservoir---Other;;;;;;;ES;Miscellaneous manufactured articles---Ball point pens. felt tipped and other porous-tipped pens and markers. fountain pens, stylograph pens and other pens. duplicating stylos. propelling or sliding pencils. pen-holders, pencil-holders and similar holders. parts (including caps and clips) of the foregoing articles, other than those of heading 96.09.---Refills for ball point pens, comprising the ball point and ink-reservoir---Other;;;;;;;MIL;;PDR;20240101;99991231;7;0;;;;;;
CA;9608911000;20240101;99991231;EN;Miscellaneous manufactured articles---Ball point pens. felt tipped and other porous-tipped pens and markers. fountain pens, stylograph pens and other pens. duplicating stylos. propelling or sliding pencils. pen-holders, pencil-holders and similar holders. parts (including caps and clips) of the foregoing articles, other than those of heading 96.09.---Other:---Pen nibs and nib points---Nibs of wool felt or plastics for use in the manufacture of porous tip pens or markers;;;;;;;ES;Miscellaneous manufactured articles---Ball point pens. felt tipped and other porous-tipped pens and markers. fountain pens, stylograph pens and other pens. duplicating stylos. propelling or sliding pencils. pen-holders, pencil-holders and similar holders. parts (including caps and clips) of the foregoing articles, other than those of heading 96.09.---Other:---Pen nibs and nib points---Nibs of wool felt or plastics for use in the manufacture of porous tip pens or markers;;;;;;;N/A;;PDR;20240101;99991231;0;0;;;;;;
CA;9608919000;20240101;99991231;EN;Miscellaneous manufactured articles---Ball point pens. felt tipped and other porous-tipped pens and markers. fountain pens, stylograph pens and other pens. duplicating stylos. propelling or sliding pencils. pen-holders, pencil-holders and similar holders. parts (including caps and clips) of the foregoing articles, other than those of heading 96.09.---Other:---Pen nibs and nib points---Other;;;;;;;ES;Miscellaneous manufactured articles---Ball point pens. felt tipped and other porous-tipped pens and markers. fountain pens, stylograph pens and other pens. duplicating stylos. propelling or sliding pencils. pen-holders, pencil-holders and similar holders. parts (including caps and clips) of the foregoing articles, other than those of heading 96.09.---Other:---Pen nibs and nib points---Other;;;;;;;N/A;;PDR;20240101;99991231;5;0;;;;;;
CA;9608991000;20240101;99991231;EN;Miscellaneous manufactured articles---Ball point pens. felt tipped and other porous-tipped pens and markers. fountain pens, stylograph pens and other pens. duplicating stylos. propelling or sliding pencils. pen-holders, pencil-holders and similar holders. parts (including caps and clips) of the foregoing articles, other than those of heading 96.09.---Other:---Other---Parts other than refills, for use in the manufacture of ball point pens;;;;;;;ES;Miscellaneous manufactured articles---Ball point pens. felt tipped and other porous-tipped pens and markers. fountain pens, stylograph pens and other pens. duplicating stylos. propelling or sliding pencils. pen-holders, pencil-holders and similar holders. parts (including caps and clips) of the foregoing articles, other than those of heading 96.09.---Other:---Other---Parts other than refills, for use in the manufacture of ball point pens;;;;;;;N/A;;PDR;20240101;99991231;0;0;;;;;;
CA;9608999000;20240101;99991231;EN;Miscellaneous manufactured articles---Ball point pens. felt tipped and other porous-tipped pens and markers. fountain pens, stylograph pens and other pens. duplicating stylos. propelling or sliding pencils. pen-holders, pencil-holders and similar holders. parts (including caps and clips) of the foregoing articles, other than those of heading 96.09.---Other:---Other---Other;;;;;;;ES;Miscellaneous manufactured articles---Ball point pens. felt tipped and other porous-tipped pens and markers. fountain pens, stylograph pens and other pens. duplicating stylos. propelling or sliding pencils. pen-holders, pencil-holders and similar holders. parts (including caps and clips) of the foregoing articles, other than those of heading 96.09.---Other:---Other---Other;;;;;;;N/A;;PDR;20240101;99991231;7;0;;;;;;
CA;9609100010;20240101;99991231;EN;Miscellaneous manufactured articles---Pencils (other than pencils of heading 96.08), crayons, pencil leads, pastels, drawing charcoals, writing or drawing chalks and tailors' chalks.---Pencils and crayons, with leads encased in a sheath         .---With black leads;;;;;;;ES;Miscellaneous manufactured articles---Pencils (other than pencils of heading 96.08), crayons, pencil leads, pastels, drawing charcoals, writing or drawing chalks and tailors' chalks.---Pencils and crayons, with leads encased in a sheath         .---With black leads;;;;;;;N/A;;PDR;20240101;99991231;7;0;;;;;;
CA;9609100020;20240101;99991231;EN;Miscellaneous manufactured articles---Pencils (other than pencils of heading 96.08), crayons, pencil leads, pastels, drawing charcoals, writing or drawing chalks and tailors' chalks.---Pencils and crayons, with leads encased in a sheath         .---With coloured leads;;;;;;;ES;Miscellaneous manufactured articles---Pencils (other than pencils of heading 96.08), crayons, pencil leads, pastels, drawing charcoals, writing or drawing chalks and tailors' chalks.---Pencils and crayons, with leads encased in a sheath         .---With coloured leads;;;;;;;N/A;;PDR;20240101;99991231;7;0;;;;;;
CA;9609201000;20240101;99991231;EN;Miscellaneous manufactured articles---Pencils (other than pencils of heading 96.08), crayons, pencil leads, pastels, drawing charcoals, writing or drawing chalks and tailors' chalks.---Pencil leads, black or coloured---For use in the manufacture of pencils;;;;;;;ES;Miscellaneous manufactured articles---Pencils (other than pencils of heading 96.08), crayons, pencil leads, pastels, drawing charcoals, writing or drawing chalks and tailors' chalks.---Pencil leads, black or coloured---For use in the manufacture of pencils;;;;;;;N/A;;PDR;20240101;99991231;0;0;;;;;;
CA;9609209000;20240101;99991231;EN;Miscellaneous manufactured articles---Pencils (other than pencils of heading 96.08), crayons, pencil leads, pastels, drawing charcoals, writing or drawing chalks and tailors' chalks.---Pencil leads, black or coloured---Other;;;;;;;ES;Miscellaneous manufactured articles---Pencils (other than pencils of heading 96.08), crayons, pencil leads, pastels, drawing charcoals, writing or drawing chalks and tailors' chalks.---Pencil leads, black or coloured---Other;;;;;;;N/A;;PDR;20240101;99991231;6;0;;;;;;
CA;9609900000;20240101;99991231;EN;Miscellaneous manufactured articles---Pencils (other than pencils of heading 96.08), crayons, pencil leads, pastels, drawing charcoals, writing or drawing chalks and tailors' chalks.---Other;;;;;;;ES;Miscellaneous manufactured articles---Pencils (other than pencils of heading 96.08), crayons, pencil leads, pastels, drawing charcoals, writing or drawing chalks and tailors' chalks.---Other;;;;;;;N/A;;PDR;20240101;99991231;7;0;;;;;;
CA;9610000000;20240101;99991231;EN;Miscellaneous manufactured articles---Slates and boards, with writing or drawing surfaces, whether or not framed.---Slates and boards, with writing or drawing surfaces, whether or not framed.;;;;;;;ES;Miscellaneous manufactured articles---Slates and boards, with writing or drawing surfaces, whether or not framed.---Slates and boards, with writing or drawing surfaces, whether or not framed.;;;;;;;N/A;;PDR;20240101;99991231;4.5;0;;;;;;
CA;9611000000;20240101;99991231;EN;Miscellaneous manufactured articles---Date, sealing or numbering stamps, and the like (including devices for printing or embossing labels), designed for operating in the hand. hand-operated composing sticks, and hand printing sets incorporating such composing sticks.---Date, sealing or numbering stamps, and the like (including devices for printing or embossing labels), designed for operating in the hand. hand-operated composing sticks, and hand printing sets incorporating such composing sticks.;;;;;;;ES;Miscellaneous manufactured articles---Date, sealing or numbering stamps, and the like (including devices for printing or embossing labels), designed for operating in the hand. hand-operated composing sticks, and hand printing sets incorporating such composing sticks.---Date, sealing or numbering stamps, and the like (including devices for printing or embossing labels), designed for operating in the hand. hand-operated composing sticks, and hand printing sets incorporating such composing sticks.;;;;;;;N/A;;PDR;20240101;99991231;6.5;0;;;;;;
CA;9612101000;20240101;99991231;EN;Miscellaneous manufactured articles---Typewriter or similar ribbons, inked or otherwise prepared for giving impressions, whether or not on spools or in cartridges. ink-pads, whether or not inked, with or without boxes.---Ribbons---To be employed in machinery for packing fresh fruit or vegetables;;;;;;;ES;Miscellaneous manufactured articles---Typewriter or similar ribbons, inked or otherwise prepared for giving impressions, whether or not on spools or in cartridges. ink-pads, whether or not inked, with or without boxes.---Ribbons---To be employed in machinery for packing fresh fruit or vegetables;;;;;;;NMB;;PDR;20240101;99991231;0;0;;;;;;
CA;9612102000;20240101;99991231;EN;Miscellaneous manufactured articles---Typewriter or similar ribbons, inked or otherwise prepared for giving impressions, whether or not on spools or in cartridges. ink-pads, whether or not inked, with or without boxes.---Ribbons---Other, woven, of man-made fibres, other than those of a width of 30 mm or less and permanently put up in cartridges;;;;;;;ES;Miscellaneous manufactured articles---Typewriter or similar ribbons, inked or otherwise prepared for giving impressions, whether or not on spools or in cartridges. ink-pads, whether or not inked, with or without boxes.---Ribbons---Other, woven, of man-made fibres, other than those of a width of 30 mm or less and permanently put up in cartridges;;;;;;;NMB;;PDR;20240101;99991231;15.5;0;;;;;;
CA;9612103000;20240101;99991231;EN;Miscellaneous manufactured articles---Typewriter or similar ribbons, inked or otherwise prepared for giving impressions, whether or not on spools or in cartridges. ink-pads, whether or not inked, with or without boxes.---Ribbons---Other, containing man-made fibres;;;;;;;ES;Miscellaneous manufactured articles---Typewriter or similar ribbons, inked or otherwise prepared for giving impressions, whether or not on spools or in cartridges. ink-pads, whether or not inked, with or without boxes.---Ribbons---Other, containing man-made fibres;;;;;;;NMB;;PDR;20240101;99991231;15.5;0;;;;;;
CA;9612109000;20240101;99991231;EN;Miscellaneous manufactured articles---Typewriter or similar ribbons, inked or otherwise prepared for giving impressions, whether or not on spools or in cartridges. ink-pads, whether or not inked, with or without boxes.---Ribbons---Other;;;;;;;ES;Miscellaneous manufactured articles---Typewriter or similar ribbons, inked or otherwise prepared for giving impressions, whether or not on spools or in cartridges. ink-pads, whether or not inked, with or without boxes.---Ribbons---Other;;;;;;;NMB;;PDR;20240101;99991231;8.5;0;;;;;;
CA;9612200000;20240101;99991231;EN;Miscellaneous manufactured articles---Typewriter or similar ribbons, inked or otherwise prepared for giving impressions, whether or not on spools or in cartridges. ink-pads, whether or not inked, with or without boxes.---Ink-pads;;;;;;;ES;Miscellaneous manufactured articles---Typewriter or similar ribbons, inked or otherwise prepared for giving impressions, whether or not on spools or in cartridges. ink-pads, whether or not inked, with or without boxes.---Ink-pads;;;;;;;N/A;;PDR;20240101;99991231;8.5;0;;;;;;
CA;9613100000;20240101;99991231;EN;Miscellaneous manufactured articles---Cigarette lighters and other lighters, whether or not mechanical or electrical, and parts thereof other than flints and wicks.---Pocket lighters, gas fuelled, non-refillable;;;;;;;ES;Miscellaneous manufactured articles---Cigarette lighters and other lighters, whether or not mechanical or electrical, and parts thereof other than flints and wicks.---Pocket lighters, gas fuelled, non-refillable;;;;;;;NMB;;PDR;20240101;99991231;6.5;0;;;;;;
CA;9613200000;20240101;99991231;EN;Miscellaneous manufactured articles---Cigarette lighters and other lighters, whether or not mechanical or electrical, and parts thereof other than flints and wicks.---Pocket lighters, gas fuelled, refillable;;;;;;;ES;Miscellaneous manufactured articles---Cigarette lighters and other lighters, whether or not mechanical or electrical, and parts thereof other than flints and wicks.---Pocket lighters, gas fuelled, refillable;;;;;;;NMB;;PDR;20240101;99991231;9;0;;;;;;
CA;9613801000;20240101;99991231;EN;Miscellaneous manufactured articles---Cigarette lighters and other lighters, whether or not mechanical or electrical, and parts thereof other than flints and wicks.---Other lighters---Table lighters;;;;;;;ES;Miscellaneous manufactured articles---Cigarette lighters and other lighters, whether or not mechanical or electrical, and parts thereof other than flints and wicks.---Other lighters---Table lighters;;;;;;;NMB;;PDR;20240101;99991231;9.5;0;;;;;;
CA;9613809000;20240101;99991231;EN;Miscellaneous manufactured articles---Cigarette lighters and other lighters, whether or not mechanical or electrical, and parts thereof other than flints and wicks.---Other lighters---Other;;;;;;;ES;Miscellaneous manufactured articles---Cigarette lighters and other lighters, whether or not mechanical or electrical, and parts thereof other than flints and wicks.---Other lighters---Other;;;;;;;N/A;;PDR;20240101;99991231;8;0;;;;;;
CA;9613900000;20240101;99991231;EN;Miscellaneous manufactured articles---Cigarette lighters and other lighters, whether or not mechanical or electrical, and parts thereof other than flints and wicks.---Parts;;;;;;;ES;Miscellaneous manufactured articles---Cigarette lighters and other lighters, whether or not mechanical or electrical, and parts thereof other than flints and wicks.---Parts;;;;;;;N/A;;PDR;20240101;99991231;6.5;0;;;;;;
CA;9614001100;20240101;99991231;EN;Miscellaneous manufactured articles---Smoking pipes (including pipe bowls) and cigar or cigarette holders, and parts thereof.---Pipes and pipe bowls:---Meerschaum pipes, excluding those composed in part of briar wood.Roughly shaped blocks of wood or root, for pipes;;;;;;;ES;Miscellaneous manufactured articles---Smoking pipes (including pipe bowls) and cigar or cigarette holders, and parts thereof.---Pipes and pipe bowls:---Meerschaum pipes, excluding those composed in part of briar wood.Roughly shaped blocks of wood or root, for pipes;;;;;;;N/A;;PDR;20240101;99991231;0;0;;;;;;
CA;9614001900;20240101;99991231;EN;Miscellaneous manufactured articles---Smoking pipes (including pipe bowls) and cigar or cigarette holders, and parts thereof.---Pipes and pipe bowls:---Other;;;;;;;ES;Miscellaneous manufactured articles---Smoking pipes (including pipe bowls) and cigar or cigarette holders, and parts thereof.---Pipes and pipe bowls:---Other;;;;;;;DZN;;PDR;20240101;99991231;6.5;0;;;;;;
CA;9614009000;20240101;99991231;EN;Miscellaneous manufactured articles---Smoking pipes (including pipe bowls) and cigar or cigarette holders, and parts thereof.---Other;;;;;;;ES;Miscellaneous manufactured articles---Smoking pipes (including pipe bowls) and cigar or cigarette holders, and parts thereof.---Other;;;;;;;N/A;;PDR;20240101;99991231;7;0;;;;;;
CA;9615110000;20240101;99991231;EN;Miscellaneous manufactured articles---Combs, hair-slides and the like. hairpins, curling pins, curling grips, hair-curlers and the like, other than those of heading 85.16, and parts thereof.---Combs, hair-slides and the like:---Of hard rubber or plastics;;;;;;;ES;Miscellaneous manufactured articles---Combs, hair-slides and the like. hairpins, curling pins, curling grips, hair-curlers and the like, other than those of heading 85.16, and parts thereof.---Combs, hair-slides and the like:---Of hard rubber or plastics;;;;;;;N/A;;PDR;20240101;99991231;5.5;0;;;;;;
CA;9615190000;20240101;99991231;EN;Miscellaneous manufactured articles---Combs, hair-slides and the like. hairpins, curling pins, curling grips, hair-curlers and the like, other than those of heading 85.16, and parts thereof.---Combs, hair-slides and the like:---Other;;;;;;;ES;Miscellaneous manufactured articles---Combs, hair-slides and the like. hairpins, curling pins, curling grips, hair-curlers and the like, other than those of heading 85.16, and parts thereof.---Combs, hair-slides and the like:---Other;;;;;;;N/A;;PDR;20240101;99991231;7;0;;;;;;
CA;9615900000;20240101;99991231;EN;Miscellaneous manufactured articles---Combs, hair-slides and the like. hairpins, curling pins, curling grips, hair-curlers and the like, other than those of heading 85.16, and parts thereof.---Other;;;;;;;ES;Miscellaneous manufactured articles---Combs, hair-slides and the like. hairpins, curling pins, curling grips, hair-curlers and the like, other than those of heading 85.16, and parts thereof.---Other;;;;;;;N/A;;PDR;20240101;99991231;6.5;0;;;;;;
CA;9616100000;20240101;99991231;EN;Miscellaneous manufactured articles---Scent sprays and similar toilet sprays, and mounts and heads therefor. powder-puffs and pads for the application of cosmetics or toilet preparations.---Scent sprays and similar toilet sprays, and mounts and heads therefor;;;;;;;ES;Miscellaneous manufactured articles---Scent sprays and similar toilet sprays, and mounts and heads therefor. powder-puffs and pads for the application of cosmetics or toilet preparations.---Scent sprays and similar toilet sprays, and mounts and heads therefor;;;;;;;N/A;;PDR;20240101;99991231;8.5;0;;;;;;
CA;9616200000;20240101;99991231;EN;Miscellaneous manufactured articles---Scent sprays and similar toilet sprays, and mounts and heads therefor. powder-puffs and pads for the application of cosmetics or toilet preparations.---Powder-puffs and pads for the application of cosmetics or toilet preparations;;;;;;;ES;Miscellaneous manufactured articles---Scent sprays and similar toilet sprays, and mounts and heads therefor. powder-puffs and pads for the application of cosmetics or toilet preparations.---Powder-puffs and pads for the application of cosmetics or toilet preparations;;;;;;;NMB;;PDR;20240101;99991231;12;0;;;;;;
CA;9617000000;20240101;99991231;EN;Miscellaneous manufactured articles---Vacuum flasks and other vacuum vessels, complete. parts thereof other than glass inners.              .---Vacuum flasks and other vacuum vessels, complete. parts thereof other than glass inners.              .;;;;;;;ES;Miscellaneous manufactured articles---Vacuum flasks and other vacuum vessels, complete. parts thereof other than glass inners.              .---Vacuum flasks and other vacuum vessels, complete. parts thereof other than glass inners.              .;;;;;;;N/A;;PDR;20240101;99991231;7.5;0;;;;;;
CA;9618000000;20240101;99991231;EN;Miscellaneous manufactured articles---Tailors' dummies and other lay figures. automata and other animated displays used for shop window dressing.---Tailors' dummies and other lay figures. automata and other animated displays used for shop window dressing.;;;;;;;ES;Miscellaneous manufactured articles---Tailors' dummies and other lay figures. automata and other animated displays used for shop window dressing.---Tailors' dummies and other lay figures. automata and other animated displays used for shop window dressing.;;;;;;;N/A;;PDR;20240101;99991231;9;0;;;;;;
CA;9619001000;20240101;99991231;EN;Miscellaneous manufactured articles---Sanitary towels (pads) and tampons, napkins (diapers), napkin liners and similar articles, of any material.       .---Incontinent briefs, underpants and panties, incontinent napkins (diapers), napkin (diaper) liners and similar sanitary articles for incontinence, designed to be worn by a person, excluding those of a kind for babies;;;;;;;ES;Miscellaneous manufactured articles---Sanitary towels (pads) and tampons, napkins (diapers), napkin liners and similar articles, of any material.       .---Incontinent briefs, underpants and panties, incontinent napkins (diapers), napkin (diaper) liners and similar sanitary articles for incontinence, designed to be worn by a person, excluding those of a kind for babies;;;;;;;KGM;;PDR;20240101;99991231;0;0;;;;;;
CA;9619002100;20240101;99991231;EN;Miscellaneous manufactured articles---Sanitary towels (pads) and tampons, napkins (diapers), napkin liners and similar articles, of any material.       .---Napkins (diapers), napkin (diaper) liners and similar articles for babies:---Of paper pulp, paper, cellulose wadding or webs of cellulose fibres;;;;;;;ES;Miscellaneous manufactured articles---Sanitary towels (pads) and tampons, napkins (diapers), napkin liners and similar articles, of any material.       .---Napkins (diapers), napkin (diaper) liners and similar articles for babies:---Of paper pulp, paper, cellulose wadding or webs of cellulose fibres;;;;;;;KGM;;PDR;20240101;99991231;0;0;;;;;;
CA;9619002200;20240101;99991231;EN;Miscellaneous manufactured articles---Sanitary towels (pads) and tampons, napkins (diapers), napkin liners and similar articles, of any material.       .---Napkins (diapers), napkin (diaper) liners and similar articles for babies:---Of textile wadding;;;;;;;ES;Miscellaneous manufactured articles---Sanitary towels (pads) and tampons, napkins (diapers), napkin liners and similar articles, of any material.       .---Napkins (diapers), napkin (diaper) liners and similar articles for babies:---Of textile wadding;;;;;;;KGM;;PDR;20240101;99991231;12;0;;;;;;
CA;9619002300;20240101;99991231;EN;Miscellaneous manufactured articles---Sanitary towels (pads) and tampons, napkins (diapers), napkin liners and similar articles, of any material.       .---Napkins (diapers), napkin (diaper) liners and similar articles for babies:---Knitted or crocheted;;;;;;;ES;Miscellaneous manufactured articles---Sanitary towels (pads) and tampons, napkins (diapers), napkin liners and similar articles, of any material.       .---Napkins (diapers), napkin (diaper) liners and similar articles for babies:---Knitted or crocheted;;;;;;;NMB;;PDR;20240101;99991231;18;0;;;;;;
CA;9619002400;20240101;99991231;EN;Miscellaneous manufactured articles---Sanitary towels (pads) and tampons, napkins (diapers), napkin liners and similar articles, of any material.       .---Napkins (diapers), napkin (diaper) liners and similar articles for babies:---Not knitted or crocheted, of cotton;;;;;;;ES;Miscellaneous manufactured articles---Sanitary towels (pads) and tampons, napkins (diapers), napkin liners and similar articles, of any material.       .---Napkins (diapers), napkin (diaper) liners and similar articles for babies:---Not knitted or crocheted, of cotton;;;;;;;NMB;;PDR;20240101;99991231;17;0;;;;;;
CA;9619002500;20240101;99991231;EN;Miscellaneous manufactured articles---Sanitary towels (pads) and tampons, napkins (diapers), napkin liners and similar articles, of any material.       .---Napkins (diapers), napkin (diaper) liners and similar articles for babies:---Not knitted or crocheted, of synthetic fibres;;;;;;;ES;Miscellaneous manufactured articles---Sanitary towels (pads) and tampons, napkins (diapers), napkin liners and similar articles, of any material.       .---Napkins (diapers), napkin (diaper) liners and similar articles for babies:---Not knitted or crocheted, of synthetic fibres;;;;;;;NMB;;PDR;20240101;99991231;18;0;;;;;;
CA;9619002900;20240101;99991231;EN;Miscellaneous manufactured articles---Sanitary towels (pads) and tampons, napkins (diapers), napkin liners and similar articles, of any material.       .---Napkins (diapers), napkin (diaper) liners and similar articles for babies:---Other;;;;;;;ES;Miscellaneous manufactured articles---Sanitary towels (pads) and tampons, napkins (diapers), napkin liners and similar articles, of any material.       .---Napkins (diapers), napkin (diaper) liners and similar articles for babies:---Other;;;;;;;NMB;;PDR;20240101;99991231;18;0;;;;;;
CA;9619009100;20240101;99991231;EN;Miscellaneous manufactured articles---Sanitary towels (pads) and tampons, napkins (diapers), napkin liners and similar articles, of any material.       .---Other:---Of paper pulp, paper, cellulose wadding or webs of cellulose fibres;;;;;;;ES;Miscellaneous manufactured articles---Sanitary towels (pads) and tampons, napkins (diapers), napkin liners and similar articles, of any material.       .---Other:---Of paper pulp, paper, cellulose wadding or webs of cellulose fibres;;;;;;;KGM;;PDR;20240101;99991231;0;0;;;;;;
CA;9619009200;20240101;99991231;EN;Miscellaneous manufactured articles---Sanitary towels (pads) and tampons, napkins (diapers), napkin liners and similar articles, of any material.       .---Other:---Of textile wadding;;;;;;;ES;Miscellaneous manufactured articles---Sanitary towels (pads) and tampons, napkins (diapers), napkin liners and similar articles, of any material.       .---Other:---Of textile wadding;;;;;;;KGM;;PDR;20240101;99991231;12;0;;;;;;
CA;9619009900;20240101;99991231;EN;Miscellaneous manufactured articles---Sanitary towels (pads) and tampons, napkins (diapers), napkin liners and similar articles, of any material.       .---Other:---Other;;;;;;;ES;Miscellaneous manufactured articles---Sanitary towels (pads) and tampons, napkins (diapers), napkin liners and similar articles, of any material.       .---Other:---Other;;;;;;;N/A;;PDR;20240101;99991231;7;0;;;;;;
CA;9620001000;20240101;99991231;EN;Miscellaneous manufactured articles---Monopods, bipods, tripods and similar articles.---For binoculars or telescopes of heading 90.05.For cinematographic cameras.For goods of heading 84.71, 85.17 or 85.21.For surveying, hydrographic, oceanographic, hydrological, meteorological or geophysical instruments and appliances;;;;;;;ES;Miscellaneous manufactured articles---Monopods, bipods, tripods and similar articles.---For binoculars or telescopes of heading 90.05.For cinematographic cameras.For goods of heading 84.71, 85.17 or 85.21.For surveying, hydrographic, oceanographic, hydrological, meteorological or geophysical instruments and appliances;;;;;;;N/A;;PDR;20240101;99991231;0;0;;;;;;
CA;9620002100;20240101;99991231;EN;Miscellaneous manufactured articles---Monopods, bipods, tripods and similar articles.---For photographic cameras:---Tripods;;;;;;;ES;Miscellaneous manufactured articles---Monopods, bipods, tripods and similar articles.---For photographic cameras:---Tripods;;;;;;;N/A;;PDR;20240101;99991231;0;0;;;;;;
CA;9620002900;20240101;99991231;EN;Miscellaneous manufactured articles---Monopods, bipods, tripods and similar articles.---For photographic cameras:---Other;;;;;;;ES;Miscellaneous manufactured articles---Monopods, bipods, tripods and similar articles.---For photographic cameras:---Other;;;;;;;N/A;;PDR;20240101;99991231;5;0;;;;;;
CA;9620003000;20240101;99991231;EN;Miscellaneous manufactured articles---Monopods, bipods, tripods and similar articles.---For monoculars.For other astronomical instruments;;;;;;;ES;Miscellaneous manufactured articles---Monopods, bipods, tripods and similar articles.---For monoculars.For other astronomical instruments;;;;;;;N/A;;PDR;20240101;99991231;6;0;;;;;;
CA;9620004000;20240101;99991231;EN;Miscellaneous manufactured articles---Monopods, bipods, tripods and similar articles.---For other machines, appliances, instruments or apparatus of Chapter 90;;;;;;;ES;Miscellaneous manufactured articles---Monopods, bipods, tripods and similar articles.---For other machines, appliances, instruments or apparatus of Chapter 90;;;;;;;N/A;;PDR;20240101;99991231;0;0;;;;;;
CA;9620009100;20240101;99991231;EN;Miscellaneous manufactured articles---Monopods, bipods, tripods and similar articles.---Other:---Of graphite or other carbon;;;;;;;ES;Miscellaneous manufactured articles---Monopods, bipods, tripods and similar articles.---Other:---Of graphite or other carbon;;;;;;;N/A;;PDR;20240101;99991231;0;0;;;;;;
CA;9620009200;20240101;99991231;EN;Miscellaneous manufactured articles---Monopods, bipods, tripods and similar articles.---Other:---Of wood;;;;;;;ES;Miscellaneous manufactured articles---Monopods, bipods, tripods and similar articles.---Other:---Of wood;;;;;;;N/A;;PDR;20240101;99991231;6;0;;;;;;
CA;9620009300;20240101;99991231;EN;Miscellaneous manufactured articles---Monopods, bipods, tripods and similar articles.---Other:---Of aluminum;;;;;;;ES;Miscellaneous manufactured articles---Monopods, bipods, tripods and similar articles.---Other:---Of aluminum;;;;;;;N/A;;PDR;20240101;99991231;6.5;0;;;;;;
CA;9620009900;20240101;99991231;EN;Miscellaneous manufactured articles---Monopods, bipods, tripods and similar articles.---Other:---Other;;;;;;;ES;Miscellaneous manufactured articles---Monopods, bipods, tripods and similar articles.---Other:---Other;;;;;;;N/A;;PDR;20240101;99991231;6.5;0;;;;;;
CA;9701211010;20240101;99991231;EN;Works of art, collectors' pieces and antiques---Paintings, drawings and pastels, executed entirely by hand, other than drawings of heading 49.06 and other than hand-painted or hand-decorated manufactured articles. collages, mosaics and similar decorative plaques.---Of an age exceeding 100 years:---Paintings, drawings and pastels---Originals by artistsNote:  The General Tariff rate that applies to goods of this tariff item is the Most-Favoured-Nation Tariff rate.---Paintings;;;;;;;ES;Works of art, collectors' pieces and antiques---Paintings, drawings and pastels, executed entirely by hand, other than drawings of heading 49.06 and other than hand-painted or hand-decorated manufactured articles. collages, mosaics and similar decorative plaques.---Of an age exceeding 100 years:---Paintings, drawings and pastels---Originals by artistsNote:  The General Tariff rate that applies to goods of this tariff item is the Most-Favoured-Nation Tariff rate.---Paintings;;;;;;;NMB;;PDR;20240101;99991231;0;0;;;;;;
CA;9701211090;20240101;99991231;EN;Works of art, collectors' pieces and antiques---Paintings, drawings and pastels, executed entirely by hand, other than drawings of heading 49.06 and other than hand-painted or hand-decorated manufactured articles. collages, mosaics and similar decorative plaques.---Of an age exceeding 100 years:---Paintings, drawings and pastels---Originals by artistsNote:  The General Tariff rate that applies to goods of this tariff item is the Most-Favoured-Nation Tariff rate.---Other;;;;;;;ES;Works of art, collectors' pieces and antiques---Paintings, drawings and pastels, executed entirely by hand, other than drawings of heading 49.06 and other than hand-painted or hand-decorated manufactured articles. collages, mosaics and similar decorative plaques.---Of an age exceeding 100 years:---Paintings, drawings and pastels---Originals by artistsNote:  The General Tariff rate that applies to goods of this tariff item is the Most-Favoured-Nation Tariff rate.---Other;;;;;;;NMB;;PDR;20240101;99991231;0;0;;;;;;
CA;9701219000;20240101;99991231;EN;Works of art, collectors' pieces and antiques---Paintings, drawings and pastels, executed entirely by hand, other than drawings of heading 49.06 and other than hand-painted or hand-decorated manufactured articles. collages, mosaics and similar decorative plaques.---Of an age exceeding 100 years:---Paintings, drawings and pastels---Other;;;;;;;ES;Works of art, collectors' pieces and antiques---Paintings, drawings and pastels, executed entirely by hand, other than drawings of heading 49.06 and other than hand-painted or hand-decorated manufactured articles. collages, mosaics and similar decorative plaques.---Of an age exceeding 100 years:---Paintings, drawings and pastels---Other;;;;;;;NMB;;PDR;20240101;99991231;5.5;0;;;;;;
CA;9701221000;20240101;99991231;EN;Works of art, collectors' pieces and antiques---Paintings, drawings and pastels, executed entirely by hand, other than drawings of heading 49.06 and other than hand-painted or hand-decorated manufactured articles. collages, mosaics and similar decorative plaques.---Of an age exceeding 100 years:---Mosaics---Originals by artistsNote:  The General Tariff rate that applies to goods of this tariff item is the Most-Favoured-Nation Tariff rate.;;;;;;;ES;Works of art, collectors' pieces and antiques---Paintings, drawings and pastels, executed entirely by hand, other than drawings of heading 49.06 and other than hand-painted or hand-decorated manufactured articles. collages, mosaics and similar decorative plaques.---Of an age exceeding 100 years:---Mosaics---Originals by artistsNote:  The General Tariff rate that applies to goods of this tariff item is the Most-Favoured-Nation Tariff rate.;;;;;;;NMB;;PDR;20240101;99991231;0;0;;;;;;
CA;9701229000;20240101;99991231;EN;Works of art, collectors' pieces and antiques---Paintings, drawings and pastels, executed entirely by hand, other than drawings of heading 49.06 and other than hand-painted or hand-decorated manufactured articles. collages, mosaics and similar decorative plaques.---Of an age exceeding 100 years:---Mosaics---Other;;;;;;;ES;Works of art, collectors' pieces and antiques---Paintings, drawings and pastels, executed entirely by hand, other than drawings of heading 49.06 and other than hand-painted or hand-decorated manufactured articles. collages, mosaics and similar decorative plaques.---Of an age exceeding 100 years:---Mosaics---Other;;;;;;;NMB;;PDR;20240101;99991231;7;0;;;;;;
CA;9701291000;20240101;99991231;EN;Works of art, collectors' pieces and antiques---Paintings, drawings and pastels, executed entirely by hand, other than drawings of heading 49.06 and other than hand-painted or hand-decorated manufactured articles. collages, mosaics and similar decorative plaques.---Of an age exceeding 100 years:---Other---Original collages and similar decorative plaques by artistsNote:  The General Tariff rate that applies to goods of this tariff item is the Most-Favoured-Nation Tariff rate.;;;;;;;ES;Works of art, collectors' pieces and antiques---Paintings, drawings and pastels, executed entirely by hand, other than drawings of heading 49.06 and other than hand-painted or hand-decorated manufactured articles. collages, mosaics and similar decorative plaques.---Of an age exceeding 100 years:---Other---Original collages and similar decorative plaques by artistsNote:  The General Tariff rate that applies to goods of this tariff item is the Most-Favoured-Nation Tariff rate.;;;;;;;NMB;;PDR;20240101;99991231;0;0;;;;;;
CA;9701299000;20240101;99991231;EN;Works of art, collectors' pieces and antiques---Paintings, drawings and pastels, executed entirely by hand, other than drawings of heading 49.06 and other than hand-painted or hand-decorated manufactured articles. collages, mosaics and similar decorative plaques.---Of an age exceeding 100 years:---Other---Other;;;;;;;ES;Works of art, collectors' pieces and antiques---Paintings, drawings and pastels, executed entirely by hand, other than drawings of heading 49.06 and other than hand-painted or hand-decorated manufactured articles. collages, mosaics and similar decorative plaques.---Of an age exceeding 100 years:---Other---Other;;;;;;;NMB;;PDR;20240101;99991231;7;0;;;;;;
CA;9701911010;20240101;99991231;EN;Works of art, collectors' pieces and antiques---Paintings, drawings and pastels, executed entirely by hand, other than drawings of heading 49.06 and other than hand-painted or hand-decorated manufactured articles. collages, mosaics and similar decorative plaques.---Other :---Paintings, drawings and pastels---Originals by artistsNote:  The General Tariff rate that applies to goods of this tariff item is the Most-Favoured-Nation Tariff rate.---Paintings;;;;;;;ES;Works of art, collectors' pieces and antiques---Paintings, drawings and pastels, executed entirely by hand, other than drawings of heading 49.06 and other than hand-painted or hand-decorated manufactured articles. collages, mosaics and similar decorative plaques.---Other :---Paintings, drawings and pastels---Originals by artistsNote:  The General Tariff rate that applies to goods of this tariff item is the Most-Favoured-Nation Tariff rate.---Paintings;;;;;;;NMB;;PDR;20240101;99991231;0;0;;;;;;
CA;9701911090;20240101;99991231;EN;Works of art, collectors' pieces and antiques---Paintings, drawings and pastels, executed entirely by hand, other than drawings of heading 49.06 and other than hand-painted or hand-decorated manufactured articles. collages, mosaics and similar decorative plaques.---Other :---Paintings, drawings and pastels---Originals by artistsNote:  The General Tariff rate that applies to goods of this tariff item is the Most-Favoured-Nation Tariff rate.---Other;;;;;;;ES;Works of art, collectors' pieces and antiques---Paintings, drawings and pastels, executed entirely by hand, other than drawings of heading 49.06 and other than hand-painted or hand-decorated manufactured articles. collages, mosaics and similar decorative plaques.---Other :---Paintings, drawings and pastels---Originals by artistsNote:  The General Tariff rate that applies to goods of this tariff item is the Most-Favoured-Nation Tariff rate.---Other;;;;;;;NMB;;PDR;20240101;99991231;0;0;;;;;;
CA;9701919000;20240101;99991231;EN;Works of art, collectors' pieces and antiques---Paintings, drawings and pastels, executed entirely by hand, other than drawings of heading 49.06 and other than hand-painted or hand-decorated manufactured articles. collages, mosaics and similar decorative plaques.---Other :---Paintings, drawings and pastels---Other;;;;;;;ES;Works of art, collectors' pieces and antiques---Paintings, drawings and pastels, executed entirely by hand, other than drawings of heading 49.06 and other than hand-painted or hand-decorated manufactured articles. collages, mosaics and similar decorative plaques.---Other :---Paintings, drawings and pastels---Other;;;;;;;NMB;;PDR;20240101;99991231;5.5;0;;;;;;
CA;9701921000;20240101;99991231;EN;Works of art, collectors' pieces and antiques---Paintings, drawings and pastels, executed entirely by hand, other than drawings of heading 49.06 and other than hand-painted or hand-decorated manufactured articles. collages, mosaics and similar decorative plaques.---Other :---Mosaics---Originals by artistsNote:  The General Tariff rate that applies to goods of this tariff item is the Most-Favoured-Nation Tariff rate.;;;;;;;ES;Works of art, collectors' pieces and antiques---Paintings, drawings and pastels, executed entirely by hand, other than drawings of heading 49.06 and other than hand-painted or hand-decorated manufactured articles. collages, mosaics and similar decorative plaques.---Other :---Mosaics---Originals by artistsNote:  The General Tariff rate that applies to goods of this tariff item is the Most-Favoured-Nation Tariff rate.;;;;;;;NMB;;PDR;20240101;99991231;0;0;;;;;;
CA;9701929000;20240101;99991231;EN;Works of art, collectors' pieces and antiques---Paintings, drawings and pastels, executed entirely by hand, other than drawings of heading 49.06 and other than hand-painted or hand-decorated manufactured articles. collages, mosaics and similar decorative plaques.---Other :---Mosaics---Other;;;;;;;ES;Works of art, collectors' pieces and antiques---Paintings, drawings and pastels, executed entirely by hand, other than drawings of heading 49.06 and other than hand-painted or hand-decorated manufactured articles. collages, mosaics and similar decorative plaques.---Other :---Mosaics---Other;;;;;;;NMB;;PDR;20240101;99991231;7;0;;;;;;
CA;9701991000;20240101;99991231;EN;Works of art, collectors' pieces and antiques---Paintings, drawings and pastels, executed entirely by hand, other than drawings of heading 49.06 and other than hand-painted or hand-decorated manufactured articles. collages, mosaics and similar decorative plaques.---Other :---Other---Original collages and similar decorative plaques by artistsNote:  The General Tariff rate that applies to goods of this tariff item is the Most-Favoured-Nation Tariff rate.;;;;;;;ES;Works of art, collectors' pieces and antiques---Paintings, drawings and pastels, executed entirely by hand, other than drawings of heading 49.06 and other than hand-painted or hand-decorated manufactured articles. collages, mosaics and similar decorative plaques.---Other :---Other---Original collages and similar decorative plaques by artistsNote:  The General Tariff rate that applies to goods of this tariff item is the Most-Favoured-Nation Tariff rate.;;;;;;;NMB;;PDR;20240101;99991231;0;0;;;;;;
CA;9701999000;20240101;99991231;EN;Works of art, collectors' pieces and antiques---Paintings, drawings and pastels, executed entirely by hand, other than drawings of heading 49.06 and other than hand-painted or hand-decorated manufactured articles. collages, mosaics and similar decorative plaques.---Other :---Other---Other;;;;;;;ES;Works of art, collectors' pieces and antiques---Paintings, drawings and pastels, executed entirely by hand, other than drawings of heading 49.06 and other than hand-painted or hand-decorated manufactured articles. collages, mosaics and similar decorative plaques.---Other :---Other---Other;;;;;;;NMB;;PDR;20240101;99991231;7;0;;;;;;
CA;9702100000;20240101;99991231;EN;Works of art, collectors' pieces and antiques---Original engravings, prints and lithographs.                                                                                                                                .---Of an age exceeding 100 years Note:  The General Tariff rate that applies to goods of this tariff item is the Most-Favoured-Nation Tariff rate.;;;;;;;ES;Works of art, collectors' pieces and antiques---Original engravings, prints and lithographs.                                                                                                                                .---Of an age exceeding 100 years Note:  The General Tariff rate that applies to goods of this tariff item is the Most-Favoured-Nation Tariff rate.;;;;;;;NMB;;PDR;20240101;99991231;0;0;;;;;;
CA;9702900000;20240101;99991231;EN;Works of art, collectors' pieces and antiques---Original engravings, prints and lithographs.                                                                                                                                .---Other Note:  The General Tariff rate that applies to goods of this tariff item is the Most-Favoured-Nation Tariff rate.;;;;;;;ES;Works of art, collectors' pieces and antiques---Original engravings, prints and lithographs.                                                                                                                                .---Other Note:  The General Tariff rate that applies to goods of this tariff item is the Most-Favoured-Nation Tariff rate.;;;;;;;NMB;;PDR;20240101;99991231;0;0;;;;;;
CA;9703100000;20240101;99991231;EN;Works of art, collectors' pieces and antiques---Original sculpture and statuary, in any material.                                                                                                                                  .---Of an age exceeding 100 years Note:  The General Tariff rate that applies to goods of this tariff item is the Most-Favoured-Nation Tariff rate.;;;;;;;ES;Works of art, collectors' pieces and antiques---Original sculpture and statuary, in any material.                                                                                                                                  .---Of an age exceeding 100 years Note:  The General Tariff rate that applies to goods of this tariff item is the Most-Favoured-Nation Tariff rate.;;;;;;;NMB;;PDR;20240101;99991231;0;0;;;;;;
CA;9703900000;20240101;99991231;EN;Works of art, collectors' pieces and antiques---Original sculpture and statuary, in any material.                                                                                                                                  .---Other Note:  The General Tariff rate that applies to goods of this tariff item is the Most-Favoured-Nation Tariff rate.;;;;;;;ES;Works of art, collectors' pieces and antiques---Original sculpture and statuary, in any material.                                                                                                                                  .---Other Note:  The General Tariff rate that applies to goods of this tariff item is the Most-Favoured-Nation Tariff rate.;;;;;;;NMB;;PDR;20240101;99991231;0;0;;;;;;
CA;9704000000;20240101;99991231;EN;Works of art, collectors' pieces and antiques---Postage or revenue stamps, stamp-postmarks, first-day covers, postal stationery (stamped paper), and the like, used or unused, other than those of heading 49.07.Note:  The General Tariff rate that applies to goods of this tariff             item is the Most-Favoured-Nation Tariff rate.---Postage or revenue stamps, stamp-postmarks, first-day covers, postal stationery (stamped paper), and the like, used or unused, other than those of heading 49.07.Note:  The General Tariff rate that applies to goods of this tariff             item is the Most-Favoured-Nation Tariff rate.;;;;;;;ES;Works of art, collectors' pieces and antiques---Postage or revenue stamps, stamp-postmarks, first-day covers, postal stationery (stamped paper), and the like, used or unused, other than those of heading 49.07.Note:  The General Tariff rate that applies to goods of this tariff             item is the Most-Favoured-Nation Tariff rate.---Postage or revenue stamps, stamp-postmarks, first-day covers, postal stationery (stamped paper), and the like, used or unused, other than those of heading 49.07.Note:  The General Tariff rate that applies to goods of this tariff             item is the Most-Favoured-Nation Tariff rate.;;;;;;;N/A;;PDR;20240101;99991231;0;0;;;;;;
CA;9705100000;20240101;99991231;EN;Works of art, collectors' pieces and antiques---Collections and collectors' pieces of archaeological, ethnographic, historical, zoological, botanical, mineralogical, anatomical, paleontological or numismatic interest.                                                                                                                                  .---Collections and collectors' pieces of archaeological, ethnographic or historical interest Note:  The General Tariff rate that applies to goods of this tariff item is the Most-Favoured-Nation Tariff rate.;;;;;;;ES;Works of art, collectors' pieces and antiques---Collections and collectors' pieces of archaeological, ethnographic, historical, zoological, botanical, mineralogical, anatomical, paleontological or numismatic interest.                                                                                                                                  .---Collections and collectors' pieces of archaeological, ethnographic or historical interest Note:  The General Tariff rate that applies to goods of this tariff item is the Most-Favoured-Nation Tariff rate.;;;;;;;N/A;;PDR;20240101;99991231;0;0;;;;;;
CA;9705210000;20240101;99991231;EN;Works of art, collectors' pieces and antiques---Collections and collectors' pieces of archaeological, ethnographic, historical, zoological, botanical, mineralogical, anatomical, paleontological or numismatic interest.                                                                                                                                  .---Collections and collectors' pieces of zoological, botanical, mineralogical, anatomical or paleontological interest:---Human specimens and parts thereof  Note:  The General Tariff rate that applies to goods of this tariff item is the Most-Favoured-Nation Tariff rate.;;;;;;;ES;Works of art, collectors' pieces and antiques---Collections and collectors' pieces of archaeological, ethnographic, historical, zoological, botanical, mineralogical, anatomical, paleontological or numismatic interest.                                                                                                                                  .---Collections and collectors' pieces of zoological, botanical, mineralogical, anatomical or paleontological interest:---Human specimens and parts thereof  Note:  The General Tariff rate that applies to goods of this tariff item is the Most-Favoured-Nation Tariff rate.;;;;;;;N/A;;PDR;20240101;99991231;0;0;;;;;;
CA;9705220000;20240101;99991231;EN;Works of art, collectors' pieces and antiques---Collections and collectors' pieces of archaeological, ethnographic, historical, zoological, botanical, mineralogical, anatomical, paleontological or numismatic interest.                                                                                                                                  .---Collections and collectors' pieces of zoological, botanical, mineralogical, anatomical or paleontological interest:---Extinct or endangered species and parts thereof Note:  The General Tariff rate that applies to goods of this tariff item is the Most-Favoured-Nation Tariff rate.;;;;;;;ES;Works of art, collectors' pieces and antiques---Collections and collectors' pieces of archaeological, ethnographic, historical, zoological, botanical, mineralogical, anatomical, paleontological or numismatic interest.                                                                                                                                  .---Collections and collectors' pieces of zoological, botanical, mineralogical, anatomical or paleontological interest:---Extinct or endangered species and parts thereof Note:  The General Tariff rate that applies to goods of this tariff item is the Most-Favoured-Nation Tariff rate.;;;;;;;N/A;;PDR;20240101;99991231;0;0;;;;;;
CA;9705290000;20240101;99991231;EN;Works of art, collectors' pieces and antiques---Collections and collectors' pieces of archaeological, ethnographic, historical, zoological, botanical, mineralogical, anatomical, paleontological or numismatic interest.                                                                                                                                  .---Collections and collectors' pieces of zoological, botanical, mineralogical, anatomical or paleontological interest:---Other Note:  The General Tariff rate that applies to goods of this tariff item is the Most-Favoured-Nation Tariff rate.;;;;;;;ES;Works of art, collectors' pieces and antiques---Collections and collectors' pieces of archaeological, ethnographic, historical, zoological, botanical, mineralogical, anatomical, paleontological or numismatic interest.                                                                                                                                  .---Collections and collectors' pieces of zoological, botanical, mineralogical, anatomical or paleontological interest:---Other Note:  The General Tariff rate that applies to goods of this tariff item is the Most-Favoured-Nation Tariff rate.;;;;;;;N/A;;PDR;20240101;99991231;0;0;;;;;;
CA;9705310000;20240101;99991231;EN;Works of art, collectors' pieces and antiques---Collections and collectors' pieces of archaeological, ethnographic, historical, zoological, botanical, mineralogical, anatomical, paleontological or numismatic interest.                                                                                                                                  .---Collections and collectors' pieces of numismatic interest:---Of an age exceeding 100 years Note:  The General Tariff rate that applies to goods of this tariff item is the Most-Favoured-Nation Tariff rate.;;;;;;;ES;Works of art, collectors' pieces and antiques---Collections and collectors' pieces of archaeological, ethnographic, historical, zoological, botanical, mineralogical, anatomical, paleontological or numismatic interest.                                                                                                                                  .---Collections and collectors' pieces of numismatic interest:---Of an age exceeding 100 years Note:  The General Tariff rate that applies to goods of this tariff item is the Most-Favoured-Nation Tariff rate.;;;;;;;N/A;;PDR;20240101;99991231;0;0;;;;;;
CA;9705390000;20240101;99991231;EN;Works of art, collectors' pieces and antiques---Collections and collectors' pieces of archaeological, ethnographic, historical, zoological, botanical, mineralogical, anatomical, paleontological or numismatic interest.                                                                                                                                  .---Collections and collectors' pieces of numismatic interest:---Other Note:  The General Tariff rate that applies to goods of this tariff item is the Most-Favoured-Nation Tariff rate.;;;;;;;ES;Works of art, collectors' pieces and antiques---Collections and collectors' pieces of archaeological, ethnographic, historical, zoological, botanical, mineralogical, anatomical, paleontological or numismatic interest.                                                                                                                                  .---Collections and collectors' pieces of numismatic interest:---Other Note:  The General Tariff rate that applies to goods of this tariff item is the Most-Favoured-Nation Tariff rate.;;;;;;;N/A;;PDR;20240101;99991231;0;0;;;;;;
CA;9706100010;20240101;99991231;EN;Works of art, collectors' pieces and antiques---Antiques of an age exceeding 100 years.                                                                                                                                            .---Of an age exceeding 250 years Note:  The General Tariff rate that applies to goods of this tariff item is the Most-Favoured-Nation Tariff rate.---Firearms;;;;;;;ES;Works of art, collectors' pieces and antiques---Antiques of an age exceeding 100 years.                                                                                                                                            .---Of an age exceeding 250 years Note:  The General Tariff rate that applies to goods of this tariff item is the Most-Favoured-Nation Tariff rate.---Firearms;;;;;;;NMB;;PDR;20240101;99991231;0;0;;;;;;
CA;9706100090;20240101;99991231;EN;Works of art, collectors' pieces and antiques---Antiques of an age exceeding 100 years.                                                                                                                                            .---Of an age exceeding 250 years Note:  The General Tariff rate that applies to goods of this tariff item is the Most-Favoured-Nation Tariff rate.---Other;;;;;;;ES;Works of art, collectors' pieces and antiques---Antiques of an age exceeding 100 years.                                                                                                                                            .---Of an age exceeding 250 years Note:  The General Tariff rate that applies to goods of this tariff item is the Most-Favoured-Nation Tariff rate.---Other;;;;;;;N/A;;PDR;20240101;99991231;0;0;;;;;;
CA;9706900010;20240101;99991231;EN;Works of art, collectors' pieces and antiques---Antiques of an age exceeding 100 years.                                                                                                                                            .---Other Note:  The General Tariff rate that applies to goods of this tariff item is the Most-Favoured-Nation Tariff rate.---Firearms;;;;;;;ES;Works of art, collectors' pieces and antiques---Antiques of an age exceeding 100 years.                                                                                                                                            .---Other Note:  The General Tariff rate that applies to goods of this tariff item is the Most-Favoured-Nation Tariff rate.---Firearms;;;;;;;NMB;;PDR;20240101;99991231;0;0;;;;;;
CA;9706900090;20240101;99991231;EN;Works of art, collectors' pieces and antiques---Antiques of an age exceeding 100 years.                                                                                                                                            .---Other Note:  The General Tariff rate that applies to goods of this tariff item is the Most-Favoured-Nation Tariff rate.---Other;;;;;;;ES;Works of art, collectors' pieces and antiques---Antiques of an age exceeding 100 years.                                                                                                                                            .---Other Note:  The General Tariff rate that applies to goods of this tariff item is the Most-Favoured-Nation Tariff rate.---Other;;;;;;;N/A;;PDR;20240101;99991231;0;0;;;;;;
CA;9801101000;20240101;99991231;EN;Special classification provisions - non-commercial---Conveyances or containers of Chapters 86, 87, 88 or 89, engaged in the international commercial transportation of goods or passengers, including any ancillary equipment necessary to ensure the safety, security, containment and preservation of the goods or passengers.---Conveyances and containers.---Conveyances, not including trailers and semi-trailers of subheading 8716.31 or 8716.39, (a) on condition that: (i) in the case of vehicles, they are registered and licensed in a foreign country and operated in Canada with a vehicle licence issued by the appropriate provincial licensing authority. (ii) in the case of aircraft, they comply with the requirements of the Aeronautics Act and any regulations made thereunder. and (iii) in the case of vessels, they comply with the requirements of the Canada Shipping Act and Coasting Trade Act. and (b) on condition that the conveyances: (i) are owned or leased and imported by a person whose domicile is in a foreign country. (ii) leave from and return to the foreign country in the normal course of operation. (iii) are controlled from the foreign country. and (iv) are exported within 30 days of the date of their importation or for an additional period not exceeding 24 months where a customs officer is satisfied that the exportation of the conveyances is delayed because: (A) of adverse weather conditions. (B) the conveyances are being equipped, reconditioned, reconstructed, refurbished or repaired. (C) the conveyances have a major equipment breakdown. (D) the conveyances are detained under an order of a Canadian court, or under an Act of Parliament or the legislature of a province or any regulation made thereunder. or (E) the delivery of the goods to be loaded on or in the conveyances is delayed. The conveyances provided for in this tariff item may engage in the transportation of goods from one point in Canada to another point in Canada where: (a) that transportation is incidental to the international traffic of the goods. (b) the transportation does not occur outside the territorial limits of Canada. and (c) the conveyance has not entered Canada for the purpose of an in-transit movement through Canada to a point outside Canada.;;;;;;;ES;Special classification provisions - non-commercial---Conveyances or containers of Chapters 86, 87, 88 or 89, engaged in the international commercial transportation of goods or passengers, including any ancillary equipment necessary to ensure the safety, security, containment and preservation of the goods or passengers.---Conveyances and containers.---Conveyances, not including trailers and semi-trailers of subheading 8716.31 or 8716.39, (a) on condition that: (i) in the case of vehicles, they are registered and licensed in a foreign country and operated in Canada with a vehicle licence issued by the appropriate provincial licensing authority. (ii) in the case of aircraft, they comply with the requirements of the Aeronautics Act and any regulations made thereunder. and (iii) in the case of vessels, they comply with the requirements of the Canada Shipping Act and Coasting Trade Act. and (b) on condition that the conveyances: (i) are owned or leased and imported by a person whose domicile is in a foreign country. (ii) leave from and return to the foreign country in the normal course of operation. (iii) are controlled from the foreign country. and (iv) are exported within 30 days of the date of their importation or for an additional period not exceeding 24 months where a customs officer is satisfied that the exportation of the conveyances is delayed because: (A) of adverse weather conditions. (B) the conveyances are being equipped, reconditioned, reconstructed, refurbished or repaired. (C) the conveyances have a major equipment breakdown. (D) the conveyances are detained under an order of a Canadian court, or under an Act of Parliament or the legislature of a province or any regulation made thereunder. or (E) the delivery of the goods to be loaded on or in the conveyances is delayed. The conveyances provided for in this tariff item may engage in the transportation of goods from one point in Canada to another point in Canada where: (a) that transportation is incidental to the international traffic of the goods. (b) the transportation does not occur outside the territorial limits of Canada. and (c) the conveyance has not entered Canada for the purpose of an in-transit movement through Canada to a point outside Canada.;;;;;;;N/A;;PDR;20240101;99991231;0;0;;;;;;
CA;9801102000;20240101;99991231;EN;Special classification provisions - non-commercial---Conveyances or containers of Chapters 86, 87, 88 or 89, engaged in the international commercial transportation of goods or passengers, including any ancillary equipment necessary to ensure the safety, security, containment and preservation of the goods or passengers.---Conveyances and containers.---Containers, on condition that:(a) the ancillary equipment for the containers does not include vehicles, accessories, spare parts of vehicles or packaging, and (b) the containers:(i) are fully or partially enclosed to constitute a compartment intended for containing goods.(ii) are of a permanent character and suitable for repeated use.(iii) are designed to carry goods by one or more modes of transport without requiring intermediate reloading. and(iv) have an internal volume of a least 1 m³.(v) leave from and return to a foreign country in the normal course of operation. and(vi) are exported within 365 days of the date of their importation or for an additional period not exceeding 24 months where a customs officer is satisfied that the exportation of the containers is delayed because:(A) of adverse weather conditions.(B) the containers are being equipped, reconditioned, reconstructed, refurbished or repaired.(C) the containers have a major equipment breakdown.(D) the containers are detained under an order of a Canadian court, or under an Act of Parliament or the legislature of a province or any regulation made thereunder. or(E) the delivery of the goods to be loaded in the containers is delayed.The containers provided for in this tariff item may engage in the transportation of goods from one point in Canada to another point in Canada where:(a) the transportation does not occur outside the territorial limits of Canada. and(b) the container has not entered Canada for the purpose of an in-transit movement through Canada to a point outside of Canada.                                                        .;;;;;;;ES;Special classification provisions - non-commercial---Conveyances or containers of Chapters 86, 87, 88 or 89, engaged in the international commercial transportation of goods or passengers, including any ancillary equipment necessary to ensure the safety, security, containment and preservation of the goods or passengers.---Conveyances and containers.---Containers, on condition that:(a) the ancillary equipment for the containers does not include vehicles, accessories, spare parts of vehicles or packaging, and (b) the containers:(i) are fully or partially enclosed to constitute a compartment intended for containing goods.(ii) are of a permanent character and suitable for repeated use.(iii) are designed to carry goods by one or more modes of transport without requiring intermediate reloading. and(iv) have an internal volume of a least 1 m³.(v) leave from and return to a foreign country in the normal course of operation. and(vi) are exported within 365 days of the date of their importation or for an additional period not exceeding 24 months where a customs officer is satisfied that the exportation of the containers is delayed because:(A) of adverse weather conditions.(B) the containers are being equipped, reconditioned, reconstructed, refurbished or repaired.(C) the containers have a major equipment breakdown.(D) the containers are detained under an order of a Canadian court, or under an Act of Parliament or the legislature of a province or any regulation made thereunder. or(E) the delivery of the goods to be loaded in the containers is delayed.The containers provided for in this tariff item may engage in the transportation of goods from one point in Canada to another point in Canada where:(a) the transportation does not occur outside the territorial limits of Canada. and(b) the container has not entered Canada for the purpose of an in-transit movement through Canada to a point outside of Canada.                                                        .;;;;;;;N/A;;PDR;20240101;99991231;0;0;;;;;;
CA;9801103000;20240101;99991231;EN;Special classification provisions - non-commercial---Conveyances or containers of Chapters 86, 87, 88 or 89, engaged in the international commercial transportation of goods or passengers, including any ancillary equipment necessary to ensure the safety, security, containment and preservation of the goods or passengers.---Conveyances and containers.---Trailers and semi-trailers of subheading 8716.31 or 8716.39, on condition that they:  (a) are registered and licensed in a foreign country and operated in Canada with a vehicle licence issued by the appropriate provincial licensing authority.  (b) leave from and return to the foreign country in the normal course of operation.  (c) are exported within 30 days of the date of their importation or for an additional period not exceeding 24 months where a customs officer is satisfied that the exportation of the trailers or semi-trailers is delayed because:  (i) of adverse weather conditions. (ii) the trailers or semi-trailers are being equipped, reconditioned, reconstructed, refurbished or repaired. (iii) the trailers or semi-trailers have a major equipment breakdown. (iv) the trailers or semi-trailers are detained under an order of a Canadian court, or under an Act of Parliament or the legislature of a province or any regulation made thereunder. or (v) the delivery of the goods to be loaded on or in the trailer or semi-trailer is delayed. The trailers and semi-trailers provided for in this tariff item may engage in the transportation of goods from one point in Canada to another point in Canada where: (a) that transportation is incidental to the international traffic of the goods. (b) the transportation does not occur outside the territorial limits of Canada. and (c) the trailer or semi-trailer has not entered Canada for the purpose of an in-transit movement through Canada to a point outside of Canada.;;;;;;;ES;Special classification provisions - non-commercial---Conveyances or containers of Chapters 86, 87, 88 or 89, engaged in the international commercial transportation of goods or passengers, including any ancillary equipment necessary to ensure the safety, security, containment and preservation of the goods or passengers.---Conveyances and containers.---Trailers and semi-trailers of subheading 8716.31 or 8716.39, on condition that they:  (a) are registered and licensed in a foreign country and operated in Canada with a vehicle licence issued by the appropriate provincial licensing authority.  (b) leave from and return to the foreign country in the normal course of operation.  (c) are exported within 30 days of the date of their importation or for an additional period not exceeding 24 months where a customs officer is satisfied that the exportation of the trailers or semi-trailers is delayed because:  (i) of adverse weather conditions. (ii) the trailers or semi-trailers are being equipped, reconditioned, reconstructed, refurbished or repaired. (iii) the trailers or semi-trailers have a major equipment breakdown. (iv) the trailers or semi-trailers are detained under an order of a Canadian court, or under an Act of Parliament or the legislature of a province or any regulation made thereunder. or (v) the delivery of the goods to be loaded on or in the trailer or semi-trailer is delayed. The trailers and semi-trailers provided for in this tariff item may engage in the transportation of goods from one point in Canada to another point in Canada where: (a) that transportation is incidental to the international traffic of the goods. (b) the transportation does not occur outside the territorial limits of Canada. and (c) the trailer or semi-trailer has not entered Canada for the purpose of an in-transit movement through Canada to a point outside of Canada.;;;;;;;N/A;;PDR;20240101;99991231;0;0;;;;;;
CA;9801200000;20240101;99991231;EN;Special classification provisions - non-commercial---Conveyances or containers of Chapters 86, 87, 88 or 89, engaged in the international commercial transportation of goods or passengers, including any ancillary equipment necessary to ensure the safety, security, containment and preservation of the goods or passengers.---Locomotives or railway rolling stock or miscellaneous railway equipment, regardless of tariff treatment entitlement or country of origin, owned or under the control of a railway company in the United States, temporarily engaged in the transportation of goods or passengers from a place in Canada to another place in Canada or imported on a temporary basis for the repair, testing or maintenance of railways in Canada.;;;;;;;ES;Special classification provisions - non-commercial---Conveyances or containers of Chapters 86, 87, 88 or 89, engaged in the international commercial transportation of goods or passengers, including any ancillary equipment necessary to ensure the safety, security, containment and preservation of the goods or passengers.---Locomotives or railway rolling stock or miscellaneous railway equipment, regardless of tariff treatment entitlement or country of origin, owned or under the control of a railway company in the United States, temporarily engaged in the transportation of goods or passengers from a place in Canada to another place in Canada or imported on a temporary basis for the repair, testing or maintenance of railways in Canada.;;;;;;;N/A;;PDR;20240101;99991231;0;0;;;;;;
CA;9801300000;20240101;99991231;EN;Special classification provisions - non-commercial---Conveyances or containers of Chapters 86, 87, 88 or 89, engaged in the international commercial transportation of goods or passengers, including any ancillary equipment necessary to ensure the safety, security, containment and preservation of the goods or passengers.---Vessels engaged in international commercial transportation having a Canadian base of operation, other than those having both the departure and destination points situated on the St. Lawrence River or the Great Lakes.;;;;;;;ES;Special classification provisions - non-commercial---Conveyances or containers of Chapters 86, 87, 88 or 89, engaged in the international commercial transportation of goods or passengers, including any ancillary equipment necessary to ensure the safety, security, containment and preservation of the goods or passengers.---Vessels engaged in international commercial transportation having a Canadian base of operation, other than those having both the departure and destination points situated on the St. Lawrence River or the Great Lakes.;;;;;;;N/A;;PDR;20240101;99991231;0;0;;;;;;
CA;9802000000;20240101;99991231;EN;Special classification provisions - non-commercial---Conveyances temporarily imported by a resident of Canada to be employed in the international non-commercial transportation of that person and accompanying persons using the same conveyance.;;;;;;;ES;Special classification provisions - non-commercial---Conveyances temporarily imported by a resident of Canada to be employed in the international non-commercial transportation of that person and accompanying persons using the same conveyance.;;;;;;;N/A;;PDR;20240101;99991231;0;0;;;;;;
CA;9803000000;20240101;99991231;EN;Special classification provisions - non-commercial---Conveyances and baggage temporarily imported by a person who is not a resident of Canada for use by that person in Canada.;;;;;;;ES;Special classification provisions - non-commercial---Conveyances and baggage temporarily imported by a person who is not a resident of Canada for use by that person in Canada.;;;;;;;N/A;;PDR;20240101;99991231;0;0;;;;;;
CA;9804100000;20240101;99991231;EN;Special classification provisions - non-commercial---Goods acquired abroad by a resident or temporary resident of Canada or by a former resident who is returning to Canada to resume residence, for the personal or household use of that person or as souvenirs or gifts, but not bought on commission or as an accommodation for any other person or for sale, and reported by that person at time of return to Canada.---Valued at not more than eight hundred dollars and included in the baggage accompanying the person returning from abroad after an absence from Canada of not less than forty-eight hours.  For the purpose of this tariff item, goods may include either wine not exceeding 1.5 litres or any alcoholic beverages not exceeding 1.14 litres, tobacco not exceeding fifty cigars, two hundred cigarettes, two hundred tobacco sticks and two hundred grams of manufactured tobacco, and vaping products not exceeding 120 millilitres of vaping substance in liquid form, or 120 grams of vaping substance in solid form, within any combination of not more than twelve vaping devices and immediate containers.;;;;;;;ES;Special classification provisions - non-commercial---Goods acquired abroad by a resident or temporary resident of Canada or by a former resident who is returning to Canada to resume residence, for the personal or household use of that person or as souvenirs or gifts, but not bought on commission or as an accommodation for any other person or for sale, and reported by that person at time of return to Canada.---Valued at not more than eight hundred dollars and included in the baggage accompanying the person returning from abroad after an absence from Canada of not less than forty-eight hours.  For the purpose of this tariff item, goods may include either wine not exceeding 1.5 litres or any alcoholic beverages not exceeding 1.14 litres, tobacco not exceeding fifty cigars, two hundred cigarettes, two hundred tobacco sticks and two hundred grams of manufactured tobacco, and vaping products not exceeding 120 millilitres of vaping substance in liquid form, or 120 grams of vaping substance in solid form, within any combination of not more than twelve vaping devices and immediate containers.;;;;;;;N/A;;PDR;20240101;99991231;0;0;;;;;;
CA;9804200000;20240101;99991231;EN;Special classification provisions - non-commercial---Goods acquired abroad by a resident or temporary resident of Canada or by a former resident who is returning to Canada to resume residence, for the personal or household use of that person or as souvenirs or gifts, but not bought on commission or as an accommodation for any other person or for sale, and reported by that person at time of return to Canada.---Valued at not more than eight hundred dollars, whether or not included in the baggage accompanying the person returning from abroad after an absence from Canada of not less than seven days.  For the purpose of this tariff item:(a) goods may include either wine not exceeding 1.5 litres or any alcoholic beverages not exceeding 1.14 litres, tobacco not exceeding fifty cigars, two hundred cigarettes, two hundred tobacco sticks and two hundred grams of manufactured tobacco, and vaping products not exceeding 120 millilitres of vaping substance in liquid form, or 120 grams of vaping substance in solid form, within any combination of not more than twelve vaping devices and immediate containers, if included in the baggage accompanying the person at the time of return to Canada. and(b) if goods (other than alcoholic beverages, cigars, cigarettes, tobacco sticks, manufactured tobacco and vaping products) acquired abroad are not included in the baggage accompanying the person, they may be classified under this tariff item if they are reported by the person at time of return to Canada.;;;;;;;ES;Special classification provisions - non-commercial---Goods acquired abroad by a resident or temporary resident of Canada or by a former resident who is returning to Canada to resume residence, for the personal or household use of that person or as souvenirs or gifts, but not bought on commission or as an accommodation for any other person or for sale, and reported by that person at time of return to Canada.---Valued at not more than eight hundred dollars, whether or not included in the baggage accompanying the person returning from abroad after an absence from Canada of not less than seven days.  For the purpose of this tariff item:(a) goods may include either wine not exceeding 1.5 litres or any alcoholic beverages not exceeding 1.14 litres, tobacco not exceeding fifty cigars, two hundred cigarettes, two hundred tobacco sticks and two hundred grams of manufactured tobacco, and vaping products not exceeding 120 millilitres of vaping substance in liquid form, or 120 grams of vaping substance in solid form, within any combination of not more than twelve vaping devices and immediate containers, if included in the baggage accompanying the person at the time of return to Canada. and(b) if goods (other than alcoholic beverages, cigars, cigarettes, tobacco sticks, manufactured tobacco and vaping products) acquired abroad are not included in the baggage accompanying the person, they may be classified under this tariff item if they are reported by the person at time of return to Canada.;;;;;;;N/A;;PDR;20240101;99991231;0;0;;;;;;
CA;9804300000;20240101;99991231;EN;Special classification provisions - non-commercial---Goods acquired abroad by a resident or temporary resident of Canada or by a former resident who is returning to Canada to resume residence, for the personal or household use of that person or as souvenirs or gifts, but not bought on commission or as an accommodation for any other person or for sale, and reported by that person at time of return to Canada.---Valued at not more than three hundred dollars and included in the baggage accompanying the person returning from abroad after an absence from Canada of not less than forty-eight hours.For the purpose of this tariff item, goods shall not include those which could otherwise be imported into Canada free of duties, nor alcoholic beverages, cigars, cigarettes, tobacco sticks, manufactured tobacco or vaping products.;;;;;;;ES;Special classification provisions - non-commercial---Goods acquired abroad by a resident or temporary resident of Canada or by a former resident who is returning to Canada to resume residence, for the personal or household use of that person or as souvenirs or gifts, but not bought on commission or as an accommodation for any other person or for sale, and reported by that person at time of return to Canada.---Valued at not more than three hundred dollars and included in the baggage accompanying the person returning from abroad after an absence from Canada of not less than forty-eight hours.For the purpose of this tariff item, goods shall not include those which could otherwise be imported into Canada free of duties, nor alcoholic beverages, cigars, cigarettes, tobacco sticks, manufactured tobacco or vaping products.;;;;;;;N/A;;PDR;20240101;99991231;7;0;;;;;;
CA;9804400000;20240101;99991231;EN;Special classification provisions - non-commercial---Goods acquired abroad by a resident or temporary resident of Canada or by a former resident who is returning to Canada to resume residence, for the personal or household use of that person or as souvenirs or gifts, but not bought on commission or as an accommodation for any other person or for sale, and reported by that person at time of return to Canada.---Valued at not more than two hundred dollars and included in the baggage accompanying the person returning from abroad after an absence from Canada of not less than twenty-four hours.  For the purpose of this tariff item, goods shall not include alcoholic beverages, cigars, cigarettes, tobacco sticks, manufactured tobacco or vaping products.;;;;;;;ES;Special classification provisions - non-commercial---Goods acquired abroad by a resident or temporary resident of Canada or by a former resident who is returning to Canada to resume residence, for the personal or household use of that person or as souvenirs or gifts, but not bought on commission or as an accommodation for any other person or for sale, and reported by that person at time of return to Canada.---Valued at not more than two hundred dollars and included in the baggage accompanying the person returning from abroad after an absence from Canada of not less than twenty-four hours.  For the purpose of this tariff item, goods shall not include alcoholic beverages, cigars, cigarettes, tobacco sticks, manufactured tobacco or vaping products.;;;;;;;N/A;;PDR;20240101;99991231;0;0;;;;;;
CA;9805000010;20240101;99991231;EN;"Special classification provisions - non-commercial---Goods imported by a member of the Canadian Forces, by an employee of the Canadian government, or by a former resident of Canada returning to Canada to resume residence in Canada after having been a resident of another country for a period of not less than one year, or by a resident returning after an absence from Canada of not less than one year, and acquired by that person for personal or household use and actually owned, possessed and used abroad by that person for at least six months prior to that person's return to Canada and accompanying that person at the time of their return to Canada.  ""Goods"" does not include goods that are sold or otherwise disposed of within twelve months after importation.For the purpose of this tariff item:(a) the provisions shall apply to either wine not exceeding 1.5 litres or any alcoholic beverages not exceeding 1.14 litres, tobacco not exceeding fifty cigars, two hundred cigarettes, two hundred tobacco sticks and two hundred grams of manufactured tobacco, and vaping products not exceeding 120 millilitres of vaping substance in liquid form, or 120 grams of vaping substance in solid form, within any combination of not more than twelve vaping devices and immediate containers, if they are included in the baggage accompanying the importer, and no relief from payment of duties is being claimed in respect of alcoholic beverages, tobacco or vaping products under another item in this Chapter at the time of importation. (b) if goods (other than alcoholic beverages, cigars, cigarettes, tobacco sticks, manufactured tobacco and vaping products) are not accompanying the person returning from abroad, they may be classified under this item when imported at a later time if they are reported by the person at the time of return to Canada. and(c) any article which was acquired after March 31, 1977 by a class of persons named in this tariff item and which has a value for duty as determined under the Customs Act of more than $10,000 shall not be classified under this tariff item.---Goods imported by returning members of the Canadian Forces";;;;;;;ES;"Special classification provisions - non-commercial---Goods imported by a member of the Canadian Forces, by an employee of the Canadian government, or by a former resident of Canada returning to Canada to resume residence in Canada after having been a resident of another country for a period of not less than one year, or by a resident returning after an absence from Canada of not less than one year, and acquired by that person for personal or household use and actually owned, possessed and used abroad by that person for at least six months prior to that person's return to Canada and accompanying that person at the time of their return to Canada.  ""Goods"" does not include goods that are sold or otherwise disposed of within twelve months after importation.For the purpose of this tariff item:(a) the provisions shall apply to either wine not exceeding 1.5 litres or any alcoholic beverages not exceeding 1.14 litres, tobacco not exceeding fifty cigars, two hundred cigarettes, two hundred tobacco sticks and two hundred grams of manufactured tobacco, and vaping products not exceeding 120 millilitres of vaping substance in liquid form, or 120 grams of vaping substance in solid form, within any combination of not more than twelve vaping devices and immediate containers, if they are included in the baggage accompanying the importer, and no relief from payment of duties is being claimed in respect of alcoholic beverages, tobacco or vaping products under another item in this Chapter at the time of importation. (b) if goods (other than alcoholic beverages, cigars, cigarettes, tobacco sticks, manufactured tobacco and vaping products) are not accompanying the person returning from abroad, they may be classified under this item when imported at a later time if they are reported by the person at the time of return to Canada. and(c) any article which was acquired after March 31, 1977 by a class of persons named in this tariff item and which has a value for duty as determined under the Customs Act of more than $10,000 shall not be classified under this tariff item.---Goods imported by returning members of the Canadian Forces";;;;;;;N/A;;PDR;20240101;99991231;0;0;;;;;;
CA;9805000020;20240101;99991231;EN;"Special classification provisions - non-commercial---Goods imported by a member of the Canadian Forces, by an employee of the Canadian government, or by a former resident of Canada returning to Canada to resume residence in Canada after having been a resident of another country for a period of not less than one year, or by a resident returning after an absence from Canada of not less than one year, and acquired by that person for personal or household use and actually owned, possessed and used abroad by that person for at least six months prior to that person's return to Canada and accompanying that person at the time of their return to Canada.  ""Goods"" does not include goods that are sold or otherwise disposed of within twelve months after importation.For the purpose of this tariff item:(a) the provisions shall apply to either wine not exceeding 1.5 litres or any alcoholic beverages not exceeding 1.14 litres, tobacco not exceeding fifty cigars, two hundred cigarettes, two hundred tobacco sticks and two hundred grams of manufactured tobacco, and vaping products not exceeding 120 millilitres of vaping substance in liquid form, or 120 grams of vaping substance in solid form, within any combination of not more than twelve vaping devices and immediate containers, if they are included in the baggage accompanying the importer, and no relief from payment of duties is being claimed in respect of alcoholic beverages, tobacco or vaping products under another item in this Chapter at the time of importation. (b) if goods (other than alcoholic beverages, cigars, cigarettes, tobacco sticks, manufactured tobacco and vaping products) are not accompanying the person returning from abroad, they may be classified under this item when imported at a later time if they are reported by the person at the time of return to Canada. and(c) any article which was acquired after March 31, 1977 by a class of persons named in this tariff item and which has a value for duty as determined under the Customs Act of more than $10,000 shall not be classified under this tariff item.---Goods imported by returning employees of the Canadian Government";;;;;;;ES;"Special classification provisions - non-commercial---Goods imported by a member of the Canadian Forces, by an employee of the Canadian government, or by a former resident of Canada returning to Canada to resume residence in Canada after having been a resident of another country for a period of not less than one year, or by a resident returning after an absence from Canada of not less than one year, and acquired by that person for personal or household use and actually owned, possessed and used abroad by that person for at least six months prior to that person's return to Canada and accompanying that person at the time of their return to Canada.  ""Goods"" does not include goods that are sold or otherwise disposed of within twelve months after importation.For the purpose of this tariff item:(a) the provisions shall apply to either wine not exceeding 1.5 litres or any alcoholic beverages not exceeding 1.14 litres, tobacco not exceeding fifty cigars, two hundred cigarettes, two hundred tobacco sticks and two hundred grams of manufactured tobacco, and vaping products not exceeding 120 millilitres of vaping substance in liquid form, or 120 grams of vaping substance in solid form, within any combination of not more than twelve vaping devices and immediate containers, if they are included in the baggage accompanying the importer, and no relief from payment of duties is being claimed in respect of alcoholic beverages, tobacco or vaping products under another item in this Chapter at the time of importation. (b) if goods (other than alcoholic beverages, cigars, cigarettes, tobacco sticks, manufactured tobacco and vaping products) are not accompanying the person returning from abroad, they may be classified under this item when imported at a later time if they are reported by the person at the time of return to Canada. and(c) any article which was acquired after March 31, 1977 by a class of persons named in this tariff item and which has a value for duty as determined under the Customs Act of more than $10,000 shall not be classified under this tariff item.---Goods imported by returning employees of the Canadian Government";;;;;;;N/A;;PDR;20240101;99991231;0;0;;;;;;
CA;9805000030;20240101;99991231;EN;"Special classification provisions - non-commercial---Goods imported by a member of the Canadian Forces, by an employee of the Canadian government, or by a former resident of Canada returning to Canada to resume residence in Canada after having been a resident of another country for a period of not less than one year, or by a resident returning after an absence from Canada of not less than one year, and acquired by that person for personal or household use and actually owned, possessed and used abroad by that person for at least six months prior to that person's return to Canada and accompanying that person at the time of their return to Canada.  ""Goods"" does not include goods that are sold or otherwise disposed of within twelve months after importation.For the purpose of this tariff item:(a) the provisions shall apply to either wine not exceeding 1.5 litres or any alcoholic beverages not exceeding 1.14 litres, tobacco not exceeding fifty cigars, two hundred cigarettes, two hundred tobacco sticks and two hundred grams of manufactured tobacco, and vaping products not exceeding 120 millilitres of vaping substance in liquid form, or 120 grams of vaping substance in solid form, within any combination of not more than twelve vaping devices and immediate containers, if they are included in the baggage accompanying the importer, and no relief from payment of duties is being claimed in respect of alcoholic beverages, tobacco or vaping products under another item in this Chapter at the time of importation. (b) if goods (other than alcoholic beverages, cigars, cigarettes, tobacco sticks, manufactured tobacco and vaping products) are not accompanying the person returning from abroad, they may be classified under this item when imported at a later time if they are reported by the person at the time of return to Canada. and(c) any article which was acquired after March 31, 1977 by a class of persons named in this tariff item and which has a value for duty as determined under the Customs Act of more than $10,000 shall not be classified under this tariff item.---Goods imported by other returning former residents of Canada";;;;;;;ES;"Special classification provisions - non-commercial---Goods imported by a member of the Canadian Forces, by an employee of the Canadian government, or by a former resident of Canada returning to Canada to resume residence in Canada after having been a resident of another country for a period of not less than one year, or by a resident returning after an absence from Canada of not less than one year, and acquired by that person for personal or household use and actually owned, possessed and used abroad by that person for at least six months prior to that person's return to Canada and accompanying that person at the time of their return to Canada.  ""Goods"" does not include goods that are sold or otherwise disposed of within twelve months after importation.For the purpose of this tariff item:(a) the provisions shall apply to either wine not exceeding 1.5 litres or any alcoholic beverages not exceeding 1.14 litres, tobacco not exceeding fifty cigars, two hundred cigarettes, two hundred tobacco sticks and two hundred grams of manufactured tobacco, and vaping products not exceeding 120 millilitres of vaping substance in liquid form, or 120 grams of vaping substance in solid form, within any combination of not more than twelve vaping devices and immediate containers, if they are included in the baggage accompanying the importer, and no relief from payment of duties is being claimed in respect of alcoholic beverages, tobacco or vaping products under another item in this Chapter at the time of importation. (b) if goods (other than alcoholic beverages, cigars, cigarettes, tobacco sticks, manufactured tobacco and vaping products) are not accompanying the person returning from abroad, they may be classified under this item when imported at a later time if they are reported by the person at the time of return to Canada. and(c) any article which was acquired after March 31, 1977 by a class of persons named in this tariff item and which has a value for duty as determined under the Customs Act of more than $10,000 shall not be classified under this tariff item.---Goods imported by other returning former residents of Canada";;;;;;;N/A;;PDR;20240101;99991231;0;0;;;;;;
CA;9805000040;20240101;99991231;EN;"Special classification provisions - non-commercial---Goods imported by a member of the Canadian Forces, by an employee of the Canadian government, or by a former resident of Canada returning to Canada to resume residence in Canada after having been a resident of another country for a period of not less than one year, or by a resident returning after an absence from Canada of not less than one year, and acquired by that person for personal or household use and actually owned, possessed and used abroad by that person for at least six months prior to that person's return to Canada and accompanying that person at the time of their return to Canada.  ""Goods"" does not include goods that are sold or otherwise disposed of within twelve months after importation.For the purpose of this tariff item:(a) the provisions shall apply to either wine not exceeding 1.5 litres or any alcoholic beverages not exceeding 1.14 litres, tobacco not exceeding fifty cigars, two hundred cigarettes, two hundred tobacco sticks and two hundred grams of manufactured tobacco, and vaping products not exceeding 120 millilitres of vaping substance in liquid form, or 120 grams of vaping substance in solid form, within any combination of not more than twelve vaping devices and immediate containers, if they are included in the baggage accompanying the importer, and no relief from payment of duties is being claimed in respect of alcoholic beverages, tobacco or vaping products under another item in this Chapter at the time of importation. (b) if goods (other than alcoholic beverages, cigars, cigarettes, tobacco sticks, manufactured tobacco and vaping products) are not accompanying the person returning from abroad, they may be classified under this item when imported at a later time if they are reported by the person at the time of return to Canada. and(c) any article which was acquired after March 31, 1977 by a class of persons named in this tariff item and which has a value for duty as determined under the Customs Act of more than $10,000 shall not be classified under this tariff item.---Goods imported by other returning residents of Canada";;;;;;;ES;"Special classification provisions - non-commercial---Goods imported by a member of the Canadian Forces, by an employee of the Canadian government, or by a former resident of Canada returning to Canada to resume residence in Canada after having been a resident of another country for a period of not less than one year, or by a resident returning after an absence from Canada of not less than one year, and acquired by that person for personal or household use and actually owned, possessed and used abroad by that person for at least six months prior to that person's return to Canada and accompanying that person at the time of their return to Canada.  ""Goods"" does not include goods that are sold or otherwise disposed of within twelve months after importation.For the purpose of this tariff item:(a) the provisions shall apply to either wine not exceeding 1.5 litres or any alcoholic beverages not exceeding 1.14 litres, tobacco not exceeding fifty cigars, two hundred cigarettes, two hundred tobacco sticks and two hundred grams of manufactured tobacco, and vaping products not exceeding 120 millilitres of vaping substance in liquid form, or 120 grams of vaping substance in solid form, within any combination of not more than twelve vaping devices and immediate containers, if they are included in the baggage accompanying the importer, and no relief from payment of duties is being claimed in respect of alcoholic beverages, tobacco or vaping products under another item in this Chapter at the time of importation. (b) if goods (other than alcoholic beverages, cigars, cigarettes, tobacco sticks, manufactured tobacco and vaping products) are not accompanying the person returning from abroad, they may be classified under this item when imported at a later time if they are reported by the person at the time of return to Canada. and(c) any article which was acquired after March 31, 1977 by a class of persons named in this tariff item and which has a value for duty as determined under the Customs Act of more than $10,000 shall not be classified under this tariff item.---Goods imported by other returning residents of Canada";;;;;;;N/A;;PDR;20240101;99991231;0;0;;;;;;
CA;9806000000;20240101;99991231;EN;Special classification provisions - non-commercial---Personal and household effects of a resident of Canada who has died, on the condition that such goods were owned, possessed and used abroad by that resident. Personal and household effects received by a resident of Canada as a result of the death or in anticipation of death of a person who is not a resident of Canada, on condition that such goods were owned, possessed and used abroad by that non-resident.All the foregoing when bequeathed to a resident of Canada.;;;;;;;ES;Special classification provisions - non-commercial---Personal and household effects of a resident of Canada who has died, on the condition that such goods were owned, possessed and used abroad by that resident. Personal and household effects received by a resident of Canada as a result of the death or in anticipation of death of a person who is not a resident of Canada, on condition that such goods were owned, possessed and used abroad by that non-resident.All the foregoing when bequeathed to a resident of Canada.;;;;;;;N/A;;PDR;20240101;99991231;0;0;;;;;;
CA;9807000000;20240101;99991231;EN;"Special classification provisions - non-commercial---Goods imported by a settler for the settler's household or personal use, if actually owned, possessed and used abroad by the settler prior to the settler's arrival in Canada and accompanying the settler at the time of the settler's arrival in Canada.For the purpose of this tariff item:(a) ""goods"" may  include:(i) either wine not exceeding 1.5 litres or any alcoholic beverages not exceeding 1.14 litres,(ii) tobacco not exceeding fifty cigars, two hundred cigarettes, two hundred toabacco sticks and two hundred grams of manufactured tobacco, and           (iii) vaping products not exceeding 120 millilitres of vaping substance in liquid form, or 120 grams of vaping substance in solid form, within any combination of not more than twelve vaping devices and immediate containers.      (b) ""goods"" does not include imported goods that are sold or otherwise disposed of within twelve months after importation. and(c) if goods (other than alcoholic beverages, cigars, cigarettes, tobacco sticks, manufactured tobacco and vaping products) are not accompanying the settler at the time of the settler's arrival in Canada, they may be classified under this tariff item when imported at a later time if they are reported by the settler at the time of the settler's arrival in Canada.";;;;;;;ES;"Special classification provisions - non-commercial---Goods imported by a settler for the settler's household or personal use, if actually owned, possessed and used abroad by the settler prior to the settler's arrival in Canada and accompanying the settler at the time of the settler's arrival in Canada.For the purpose of this tariff item:(a) ""goods"" may  include:(i) either wine not exceeding 1.5 litres or any alcoholic beverages not exceeding 1.14 litres,(ii) tobacco not exceeding fifty cigars, two hundred cigarettes, two hundred toabacco sticks and two hundred grams of manufactured tobacco, and           (iii) vaping products not exceeding 120 millilitres of vaping substance in liquid form, or 120 grams of vaping substance in solid form, within any combination of not more than twelve vaping devices and immediate containers.      (b) ""goods"" does not include imported goods that are sold or otherwise disposed of within twelve months after importation. and(c) if goods (other than alcoholic beverages, cigars, cigarettes, tobacco sticks, manufactured tobacco and vaping products) are not accompanying the settler at the time of the settler's arrival in Canada, they may be classified under this tariff item when imported at a later time if they are reported by the settler at the time of the settler's arrival in Canada.";;;;;;;N/A;;PDR;20240101;99991231;0;0;;;;;;
CA;9808000000;20240101;99991231;EN;Special classification provisions - non-commercial---Articles for the personal or official use of representatives of foreign countries and of Her Majesty's Governments, and for the personal use of their families, suites or servants.;;;;;;;ES;Special classification provisions - non-commercial---Articles for the personal or official use of representatives of foreign countries and of Her Majesty's Governments, and for the personal use of their families, suites or servants.;;;;;;;N/A;;PDR;20240101;99991231;0;0;;;;;;
CA;9810000000;20240101;99991231;EN;Special classification provisions - non-commercial---Arms, military stores, munitions of war and other goods the property of and to remain the property of a foreign country designated by the Governor in Council. Goods consigned to military service agencies and institutions designated by the Governor in Council where the goods are for the personal use of or consumption by nationals of countries designated under this item who are employed in defence establishments of those countries in Canada.;;;;;;;ES;Special classification provisions - non-commercial---Arms, military stores, munitions of war and other goods the property of and to remain the property of a foreign country designated by the Governor in Council. Goods consigned to military service agencies and institutions designated by the Governor in Council where the goods are for the personal use of or consumption by nationals of countries designated under this item who are employed in defence establishments of those countries in Canada.;;;;;;;N/A;;PDR;20240101;99991231;0;0;;;;;;
CA;9811000000;20240101;99991231;EN;Special classification provisions - non-commercial---Arms, military stores and munitions of war imported by the Government of Canada in replacement of or in anticipation or actual exchange for similar goods loaned to or exchanged or to be exchanged with the governments of a foreign country designated by the Governor in Council under tariff item No. 9810.00.00.;;;;;;;ES;Special classification provisions - non-commercial---Arms, military stores and munitions of war imported by the Government of Canada in replacement of or in anticipation or actual exchange for similar goods loaned to or exchanged or to be exchanged with the governments of a foreign country designated by the Governor in Council under tariff item No. 9810.00.00.;;;;;;;N/A;;PDR;20240101;99991231;0;0;;;;;;
CA;9812000000;20240101;99991231;EN;Special classification provisions - non-commercial---Publications of the United Nations or the North Atlantic Treaty Organization or any of their specialized agencies.;;;;;;;ES;Special classification provisions - non-commercial---Publications of the United Nations or the North Atlantic Treaty Organization or any of their specialized agencies.;;;;;;;N/A;;PDR;20240101;99991231;0;0;;;;;;
CA;9813000010;20240101;99991231;EN;Special classification provisions - non-commercial---Goods, including containers or coverings filled or empty, originating in Canada, after having been exported therefrom, if the goods are returned without having been advanced in value or improved in condition by any process of manufacture or other means, or combined with any other article abroad.For the purpose of this tariff item:(a) goods on which a refund of customs duty or drawback of customs duty has been made shall not be classified under this tariff item except upon payment of the customs duty equal to the refund or drawback allowed. and(b) goods manufactured in bond or under excise regulations in Canada and exported shall not be classified under this tariff item except upon payment of the customs duty to which they would have been liable had they not been exported from Canada.---In shuttle service;;;;;;;ES;Special classification provisions - non-commercial---Goods, including containers or coverings filled or empty, originating in Canada, after having been exported therefrom, if the goods are returned without having been advanced in value or improved in condition by any process of manufacture or other means, or combined with any other article abroad.For the purpose of this tariff item:(a) goods on which a refund of customs duty or drawback of customs duty has been made shall not be classified under this tariff item except upon payment of the customs duty equal to the refund or drawback allowed. and(b) goods manufactured in bond or under excise regulations in Canada and exported shall not be classified under this tariff item except upon payment of the customs duty to which they would have been liable had they not been exported from Canada.---In shuttle service;;;;;;;N/A;;PDR;20240101;99991231;0;0;;;;;;
CA;9813000020;20240101;99991231;EN;Special classification provisions - non-commercial---Goods, including containers or coverings filled or empty, originating in Canada, after having been exported therefrom, if the goods are returned without having been advanced in value or improved in condition by any process of manufacture or other means, or combined with any other article abroad.For the purpose of this tariff item:(a) goods on which a refund of customs duty or drawback of customs duty has been made shall not be classified under this tariff item except upon payment of the customs duty equal to the refund or drawback allowed. and(b) goods manufactured in bond or under excise regulations in Canada and exported shall not be classified under this tariff item except upon payment of the customs duty to which they would have been liable had they not been exported from Canada.---Arms, military stores, munitions of war and other goods the property of the Canadian Forces;;;;;;;ES;Special classification provisions - non-commercial---Goods, including containers or coverings filled or empty, originating in Canada, after having been exported therefrom, if the goods are returned without having been advanced in value or improved in condition by any process of manufacture or other means, or combined with any other article abroad.For the purpose of this tariff item:(a) goods on which a refund of customs duty or drawback of customs duty has been made shall not be classified under this tariff item except upon payment of the customs duty equal to the refund or drawback allowed. and(b) goods manufactured in bond or under excise regulations in Canada and exported shall not be classified under this tariff item except upon payment of the customs duty to which they would have been liable had they not been exported from Canada.---Arms, military stores, munitions of war and other goods the property of the Canadian Forces;;;;;;;N/A;;PDR;20240101;99991231;0;0;;;;;;
CA;9813000030;20240101;99991231;EN;Special classification provisions - non-commercial---Goods, including containers or coverings filled or empty, originating in Canada, after having been exported therefrom, if the goods are returned without having been advanced in value or improved in condition by any process of manufacture or other means, or combined with any other article abroad.For the purpose of this tariff item:(a) goods on which a refund of customs duty or drawback of customs duty has been made shall not be classified under this tariff item except upon payment of the customs duty equal to the refund or drawback allowed. and(b) goods manufactured in bond or under excise regulations in Canada and exported shall not be classified under this tariff item except upon payment of the customs duty to which they would have been liable had they not been exported from Canada.---Demonstration or exhibition goods;;;;;;;ES;Special classification provisions - non-commercial---Goods, including containers or coverings filled or empty, originating in Canada, after having been exported therefrom, if the goods are returned without having been advanced in value or improved in condition by any process of manufacture or other means, or combined with any other article abroad.For the purpose of this tariff item:(a) goods on which a refund of customs duty or drawback of customs duty has been made shall not be classified under this tariff item except upon payment of the customs duty equal to the refund or drawback allowed. and(b) goods manufactured in bond or under excise regulations in Canada and exported shall not be classified under this tariff item except upon payment of the customs duty to which they would have been liable had they not been exported from Canada.---Demonstration or exhibition goods;;;;;;;N/A;;PDR;20240101;99991231;0;0;;;;;;
CA;9813000041;20240101;99991231;EN;Special classification provisions - non-commercial---Goods, including containers or coverings filled or empty, originating in Canada, after having been exported therefrom, if the goods are returned without having been advanced in value or improved in condition by any process of manufacture or other means, or combined with any other article abroad.For the purpose of this tariff item:(a) goods on which a refund of customs duty or drawback of customs duty has been made shall not be classified under this tariff item except upon payment of the customs duty equal to the refund or drawback allowed. and(b) goods manufactured in bond or under excise regulations in Canada and exported shall not be classified under this tariff item except upon payment of the customs duty to which they would have been liable had they not been exported from Canada.---Diamonds of Sections XIV, otherwise classifiable to 71.02:. Diamonds, otherwise classifiable to 7102.10, 7102.21 or 7102.31;;;;;;;ES;Special classification provisions - non-commercial---Goods, including containers or coverings filled or empty, originating in Canada, after having been exported therefrom, if the goods are returned without having been advanced in value or improved in condition by any process of manufacture or other means, or combined with any other article abroad.For the purpose of this tariff item:(a) goods on which a refund of customs duty or drawback of customs duty has been made shall not be classified under this tariff item except upon payment of the customs duty equal to the refund or drawback allowed. and(b) goods manufactured in bond or under excise regulations in Canada and exported shall not be classified under this tariff item except upon payment of the customs duty to which they would have been liable had they not been exported from Canada.---Diamonds of Sections XIV, otherwise classifiable to 71.02:. Diamonds, otherwise classifiable to 7102.10, 7102.21 or 7102.31;;;;;;;N/A;;PDR;20240101;99991231;0;0;;;;;;
CA;9813000049;20240101;99991231;EN;Special classification provisions - non-commercial---Goods, including containers or coverings filled or empty, originating in Canada, after having been exported therefrom, if the goods are returned without having been advanced in value or improved in condition by any process of manufacture or other means, or combined with any other article abroad.For the purpose of this tariff item:(a) goods on which a refund of customs duty or drawback of customs duty has been made shall not be classified under this tariff item except upon payment of the customs duty equal to the refund or drawback allowed. and(b) goods manufactured in bond or under excise regulations in Canada and exported shall not be classified under this tariff item except upon payment of the customs duty to which they would have been liable had they not been exported from Canada.---Diamonds of Sections XIV, otherwise classifiable to 71.02:. Other diamonds, otherwise classifiable to 7102.29 or 7102.39;;;;;;;ES;Special classification provisions - non-commercial---Goods, including containers or coverings filled or empty, originating in Canada, after having been exported therefrom, if the goods are returned without having been advanced in value or improved in condition by any process of manufacture or other means, or combined with any other article abroad.For the purpose of this tariff item:(a) goods on which a refund of customs duty or drawback of customs duty has been made shall not be classified under this tariff item except upon payment of the customs duty equal to the refund or drawback allowed. and(b) goods manufactured in bond or under excise regulations in Canada and exported shall not be classified under this tariff item except upon payment of the customs duty to which they would have been liable had they not been exported from Canada.---Diamonds of Sections XIV, otherwise classifiable to 71.02:. Other diamonds, otherwise classifiable to 7102.29 or 7102.39;;;;;;;N/A;;PDR;20240101;99991231;0;0;;;;;;
CA;9813000091;20240101;99991231;EN;Special classification provisions - non-commercial---Goods, including containers or coverings filled or empty, originating in Canada, after having been exported therefrom, if the goods are returned without having been advanced in value or improved in condition by any process of manufacture or other means, or combined with any other article abroad.For the purpose of this tariff item:(a) goods on which a refund of customs duty or drawback of customs duty has been made shall not be classified under this tariff item except upon payment of the customs duty equal to the refund or drawback allowed. and(b) goods manufactured in bond or under excise regulations in Canada and exported shall not be classified under this tariff item except upon payment of the customs duty to which they would have been liable had they not been exported from Canada.---Other:. Goods of Sections I to IV;;;;;;;ES;Special classification provisions - non-commercial---Goods, including containers or coverings filled or empty, originating in Canada, after having been exported therefrom, if the goods are returned without having been advanced in value or improved in condition by any process of manufacture or other means, or combined with any other article abroad.For the purpose of this tariff item:(a) goods on which a refund of customs duty or drawback of customs duty has been made shall not be classified under this tariff item except upon payment of the customs duty equal to the refund or drawback allowed. and(b) goods manufactured in bond or under excise regulations in Canada and exported shall not be classified under this tariff item except upon payment of the customs duty to which they would have been liable had they not been exported from Canada.---Other:. Goods of Sections I to IV;;;;;;;N/A;;PDR;20240101;99991231;0;0;;;;;;
CA;9813000092;20240101;99991231;EN;Special classification provisions - non-commercial---Goods, including containers or coverings filled or empty, originating in Canada, after having been exported therefrom, if the goods are returned without having been advanced in value or improved in condition by any process of manufacture or other means, or combined with any other article abroad.For the purpose of this tariff item:(a) goods on which a refund of customs duty or drawback of customs duty has been made shall not be classified under this tariff item except upon payment of the customs duty equal to the refund or drawback allowed. and(b) goods manufactured in bond or under excise regulations in Canada and exported shall not be classified under this tariff item except upon payment of the customs duty to which they would have been liable had they not been exported from Canada.---Other:. Goods of Sections V to X;;;;;;;ES;Special classification provisions - non-commercial---Goods, including containers or coverings filled or empty, originating in Canada, after having been exported therefrom, if the goods are returned without having been advanced in value or improved in condition by any process of manufacture or other means, or combined with any other article abroad.For the purpose of this tariff item:(a) goods on which a refund of customs duty or drawback of customs duty has been made shall not be classified under this tariff item except upon payment of the customs duty equal to the refund or drawback allowed. and(b) goods manufactured in bond or under excise regulations in Canada and exported shall not be classified under this tariff item except upon payment of the customs duty to which they would have been liable had they not been exported from Canada.---Other:. Goods of Sections V to X;;;;;;;N/A;;PDR;20240101;99991231;0;0;;;;;;
CA;9813000093;20240101;99991231;EN;Special classification provisions - non-commercial---Goods, including containers or coverings filled or empty, originating in Canada, after having been exported therefrom, if the goods are returned without having been advanced in value or improved in condition by any process of manufacture or other means, or combined with any other article abroad.For the purpose of this tariff item:(a) goods on which a refund of customs duty or drawback of customs duty has been made shall not be classified under this tariff item except upon payment of the customs duty equal to the refund or drawback allowed. and(b) goods manufactured in bond or under excise regulations in Canada and exported shall not be classified under this tariff item except upon payment of the customs duty to which they would have been liable had they not been exported from Canada.---Other:. Goods of Section XI or XII;;;;;;;ES;Special classification provisions - non-commercial---Goods, including containers or coverings filled or empty, originating in Canada, after having been exported therefrom, if the goods are returned without having been advanced in value or improved in condition by any process of manufacture or other means, or combined with any other article abroad.For the purpose of this tariff item:(a) goods on which a refund of customs duty or drawback of customs duty has been made shall not be classified under this tariff item except upon payment of the customs duty equal to the refund or drawback allowed. and(b) goods manufactured in bond or under excise regulations in Canada and exported shall not be classified under this tariff item except upon payment of the customs duty to which they would have been liable had they not been exported from Canada.---Other:. Goods of Section XI or XII;;;;;;;N/A;;PDR;20240101;99991231;0;0;;;;;;
CA;9813000094;20240101;99991231;EN;Special classification provisions - non-commercial---Goods, including containers or coverings filled or empty, originating in Canada, after having been exported therefrom, if the goods are returned without having been advanced in value or improved in condition by any process of manufacture or other means, or combined with any other article abroad.For the purpose of this tariff item:(a) goods on which a refund of customs duty or drawback of customs duty has been made shall not be classified under this tariff item except upon payment of the customs duty equal to the refund or drawback allowed. and(b) goods manufactured in bond or under excise regulations in Canada and exported shall not be classified under this tariff item except upon payment of the customs duty to which they would have been liable had they not been exported from Canada.---Other:. Goods of Sections XIII to XV, other than diamonds of 9813.00.00.41 and 9813.00.00.49;;;;;;;ES;Special classification provisions - non-commercial---Goods, including containers or coverings filled or empty, originating in Canada, after having been exported therefrom, if the goods are returned without having been advanced in value or improved in condition by any process of manufacture or other means, or combined with any other article abroad.For the purpose of this tariff item:(a) goods on which a refund of customs duty or drawback of customs duty has been made shall not be classified under this tariff item except upon payment of the customs duty equal to the refund or drawback allowed. and(b) goods manufactured in bond or under excise regulations in Canada and exported shall not be classified under this tariff item except upon payment of the customs duty to which they would have been liable had they not been exported from Canada.---Other:. Goods of Sections XIII to XV, other than diamonds of 9813.00.00.41 and 9813.00.00.49;;;;;;;N/A;;PDR;20240101;99991231;0;0;;;;;;
CA;9813000095;20240101;99991231;EN;Special classification provisions - non-commercial---Goods, including containers or coverings filled or empty, originating in Canada, after having been exported therefrom, if the goods are returned without having been advanced in value or improved in condition by any process of manufacture or other means, or combined with any other article abroad.For the purpose of this tariff item:(a) goods on which a refund of customs duty or drawback of customs duty has been made shall not be classified under this tariff item except upon payment of the customs duty equal to the refund or drawback allowed. and(b) goods manufactured in bond or under excise regulations in Canada and exported shall not be classified under this tariff item except upon payment of the customs duty to which they would have been liable had they not been exported from Canada.---Other:. Goods of Section XVI;;;;;;;ES;Special classification provisions - non-commercial---Goods, including containers or coverings filled or empty, originating in Canada, after having been exported therefrom, if the goods are returned without having been advanced in value or improved in condition by any process of manufacture or other means, or combined with any other article abroad.For the purpose of this tariff item:(a) goods on which a refund of customs duty or drawback of customs duty has been made shall not be classified under this tariff item except upon payment of the customs duty equal to the refund or drawback allowed. and(b) goods manufactured in bond or under excise regulations in Canada and exported shall not be classified under this tariff item except upon payment of the customs duty to which they would have been liable had they not been exported from Canada.---Other:. Goods of Section XVI;;;;;;;N/A;;PDR;20240101;99991231;0;0;;;;;;
CA;9813000096;20240101;99991231;EN;Special classification provisions - non-commercial---Goods, including containers or coverings filled or empty, originating in Canada, after having been exported therefrom, if the goods are returned without having been advanced in value or improved in condition by any process of manufacture or other means, or combined with any other article abroad.For the purpose of this tariff item:(a) goods on which a refund of customs duty or drawback of customs duty has been made shall not be classified under this tariff item except upon payment of the customs duty equal to the refund or drawback allowed. and(b) goods manufactured in bond or under excise regulations in Canada and exported shall not be classified under this tariff item except upon payment of the customs duty to which they would have been liable had they not been exported from Canada.---Other:. Goods of Section XVII;;;;;;;ES;Special classification provisions - non-commercial---Goods, including containers or coverings filled or empty, originating in Canada, after having been exported therefrom, if the goods are returned without having been advanced in value or improved in condition by any process of manufacture or other means, or combined with any other article abroad.For the purpose of this tariff item:(a) goods on which a refund of customs duty or drawback of customs duty has been made shall not be classified under this tariff item except upon payment of the customs duty equal to the refund or drawback allowed. and(b) goods manufactured in bond or under excise regulations in Canada and exported shall not be classified under this tariff item except upon payment of the customs duty to which they would have been liable had they not been exported from Canada.---Other:. Goods of Section XVII;;;;;;;N/A;;PDR;20240101;99991231;0;0;;;;;;
CA;9813000097;20240101;99991231;EN;Special classification provisions - non-commercial---Goods, including containers or coverings filled or empty, originating in Canada, after having been exported therefrom, if the goods are returned without having been advanced in value or improved in condition by any process of manufacture or other means, or combined with any other article abroad.For the purpose of this tariff item:(a) goods on which a refund of customs duty or drawback of customs duty has been made shall not be classified under this tariff item except upon payment of the customs duty equal to the refund or drawback allowed. and(b) goods manufactured in bond or under excise regulations in Canada and exported shall not be classified under this tariff item except upon payment of the customs duty to which they would have been liable had they not been exported from Canada.---Other:. Goods of Sections XVIII to XXI;;;;;;;ES;Special classification provisions - non-commercial---Goods, including containers or coverings filled or empty, originating in Canada, after having been exported therefrom, if the goods are returned without having been advanced in value or improved in condition by any process of manufacture or other means, or combined with any other article abroad.For the purpose of this tariff item:(a) goods on which a refund of customs duty or drawback of customs duty has been made shall not be classified under this tariff item except upon payment of the customs duty equal to the refund or drawback allowed. and(b) goods manufactured in bond or under excise regulations in Canada and exported shall not be classified under this tariff item except upon payment of the customs duty to which they would have been liable had they not been exported from Canada.---Other:. Goods of Sections XVIII to XXI;;;;;;;N/A;;PDR;20240101;99991231;0;0;;;;;;
CA;9814000010;20240101;99991231;EN;Special classification provisions - non-commercial---Goods, including containers or coverings filled or empty, which have once been released and accounted for under section 32 of the Customs Act and have been exported, if the goods are returned without having been advanced in value or improved in condition by any process of manufacture or other means, or combined with any other article abroad.For the purpose of this tariff item:(a) goods on which a refund of customs duty or drawback of customs duty has been made shall not be classified under this tariff item except upon payment of the customs duty equal to the refund or drawback allowed. and(b) goods manufactured in bond or under excise regulations in Canada and exported shall not be classified under this tariff item except upon payment of the customs duty to which they would have been liable had they not been exported from Canada.---In shuttle service;;;;;;;ES;Special classification provisions - non-commercial---Goods, including containers or coverings filled or empty, which have once been released and accounted for under section 32 of the Customs Act and have been exported, if the goods are returned without having been advanced in value or improved in condition by any process of manufacture or other means, or combined with any other article abroad.For the purpose of this tariff item:(a) goods on which a refund of customs duty or drawback of customs duty has been made shall not be classified under this tariff item except upon payment of the customs duty equal to the refund or drawback allowed. and(b) goods manufactured in bond or under excise regulations in Canada and exported shall not be classified under this tariff item except upon payment of the customs duty to which they would have been liable had they not been exported from Canada.---In shuttle service;;;;;;;N/A;;PDR;20240101;99991231;0;0;;;;;;
CA;9814000020;20240101;99991231;EN;Special classification provisions - non-commercial---Goods, including containers or coverings filled or empty, which have once been released and accounted for under section 32 of the Customs Act and have been exported, if the goods are returned without having been advanced in value or improved in condition by any process of manufacture or other means, or combined with any other article abroad.For the purpose of this tariff item:(a) goods on which a refund of customs duty or drawback of customs duty has been made shall not be classified under this tariff item except upon payment of the customs duty equal to the refund or drawback allowed. and(b) goods manufactured in bond or under excise regulations in Canada and exported shall not be classified under this tariff item except upon payment of the customs duty to which they would have been liable had they not been exported from Canada.---Arms, military stores, munitions of war and other goods the property of the Canadian Forces;;;;;;;ES;Special classification provisions - non-commercial---Goods, including containers or coverings filled or empty, which have once been released and accounted for under section 32 of the Customs Act and have been exported, if the goods are returned without having been advanced in value or improved in condition by any process of manufacture or other means, or combined with any other article abroad.For the purpose of this tariff item:(a) goods on which a refund of customs duty or drawback of customs duty has been made shall not be classified under this tariff item except upon payment of the customs duty equal to the refund or drawback allowed. and(b) goods manufactured in bond or under excise regulations in Canada and exported shall not be classified under this tariff item except upon payment of the customs duty to which they would have been liable had they not been exported from Canada.---Arms, military stores, munitions of war and other goods the property of the Canadian Forces;;;;;;;N/A;;PDR;20240101;99991231;0;0;;;;;;
CA;9814000030;20240101;99991231;EN;Special classification provisions - non-commercial---Goods, including containers or coverings filled or empty, which have once been released and accounted for under section 32 of the Customs Act and have been exported, if the goods are returned without having been advanced in value or improved in condition by any process of manufacture or other means, or combined with any other article abroad.For the purpose of this tariff item:(a) goods on which a refund of customs duty or drawback of customs duty has been made shall not be classified under this tariff item except upon payment of the customs duty equal to the refund or drawback allowed. and(b) goods manufactured in bond or under excise regulations in Canada and exported shall not be classified under this tariff item except upon payment of the customs duty to which they would have been liable had they not been exported from Canada.---Demonstration or exhibition goods;;;;;;;ES;Special classification provisions - non-commercial---Goods, including containers or coverings filled or empty, which have once been released and accounted for under section 32 of the Customs Act and have been exported, if the goods are returned without having been advanced in value or improved in condition by any process of manufacture or other means, or combined with any other article abroad.For the purpose of this tariff item:(a) goods on which a refund of customs duty or drawback of customs duty has been made shall not be classified under this tariff item except upon payment of the customs duty equal to the refund or drawback allowed. and(b) goods manufactured in bond or under excise regulations in Canada and exported shall not be classified under this tariff item except upon payment of the customs duty to which they would have been liable had they not been exported from Canada.---Demonstration or exhibition goods;;;;;;;N/A;;PDR;20240101;99991231;0;0;;;;;;
CA;9814000091;20240101;99991231;EN;Special classification provisions - non-commercial---Goods, including containers or coverings filled or empty, which have once been released and accounted for under section 32 of the Customs Act and have been exported, if the goods are returned without having been advanced in value or improved in condition by any process of manufacture or other means, or combined with any other article abroad.For the purpose of this tariff item:(a) goods on which a refund of customs duty or drawback of customs duty has been made shall not be classified under this tariff item except upon payment of the customs duty equal to the refund or drawback allowed. and(b) goods manufactured in bond or under excise regulations in Canada and exported shall not be classified under this tariff item except upon payment of the customs duty to which they would have been liable had they not been exported from Canada.---Other:. Goods of Sections I to IV;;;;;;;ES;Special classification provisions - non-commercial---Goods, including containers or coverings filled or empty, which have once been released and accounted for under section 32 of the Customs Act and have been exported, if the goods are returned without having been advanced in value or improved in condition by any process of manufacture or other means, or combined with any other article abroad.For the purpose of this tariff item:(a) goods on which a refund of customs duty or drawback of customs duty has been made shall not be classified under this tariff item except upon payment of the customs duty equal to the refund or drawback allowed. and(b) goods manufactured in bond or under excise regulations in Canada and exported shall not be classified under this tariff item except upon payment of the customs duty to which they would have been liable had they not been exported from Canada.---Other:. Goods of Sections I to IV;;;;;;;N/A;;PDR;20240101;99991231;0;0;;;;;;
CA;9814000092;20240101;99991231;EN;Special classification provisions - non-commercial---Goods, including containers or coverings filled or empty, which have once been released and accounted for under section 32 of the Customs Act and have been exported, if the goods are returned without having been advanced in value or improved in condition by any process of manufacture or other means, or combined with any other article abroad.For the purpose of this tariff item:(a) goods on which a refund of customs duty or drawback of customs duty has been made shall not be classified under this tariff item except upon payment of the customs duty equal to the refund or drawback allowed. and(b) goods manufactured in bond or under excise regulations in Canada and exported shall not be classified under this tariff item except upon payment of the customs duty to which they would have been liable had they not been exported from Canada.---Other:. Goods of Sections V to X;;;;;;;ES;Special classification provisions - non-commercial---Goods, including containers or coverings filled or empty, which have once been released and accounted for under section 32 of the Customs Act and have been exported, if the goods are returned without having been advanced in value or improved in condition by any process of manufacture or other means, or combined with any other article abroad.For the purpose of this tariff item:(a) goods on which a refund of customs duty or drawback of customs duty has been made shall not be classified under this tariff item except upon payment of the customs duty equal to the refund or drawback allowed. and(b) goods manufactured in bond or under excise regulations in Canada and exported shall not be classified under this tariff item except upon payment of the customs duty to which they would have been liable had they not been exported from Canada.---Other:. Goods of Sections V to X;;;;;;;N/A;;PDR;20240101;99991231;0;0;;;;;;
CA;9814000093;20240101;99991231;EN;Special classification provisions - non-commercial---Goods, including containers or coverings filled or empty, which have once been released and accounted for under section 32 of the Customs Act and have been exported, if the goods are returned without having been advanced in value or improved in condition by any process of manufacture or other means, or combined with any other article abroad.For the purpose of this tariff item:(a) goods on which a refund of customs duty or drawback of customs duty has been made shall not be classified under this tariff item except upon payment of the customs duty equal to the refund or drawback allowed. and(b) goods manufactured in bond or under excise regulations in Canada and exported shall not be classified under this tariff item except upon payment of the customs duty to which they would have been liable had they not been exported from Canada.---Other:. Goods of Section XI or XII;;;;;;;ES;Special classification provisions - non-commercial---Goods, including containers or coverings filled or empty, which have once been released and accounted for under section 32 of the Customs Act and have been exported, if the goods are returned without having been advanced in value or improved in condition by any process of manufacture or other means, or combined with any other article abroad.For the purpose of this tariff item:(a) goods on which a refund of customs duty or drawback of customs duty has been made shall not be classified under this tariff item except upon payment of the customs duty equal to the refund or drawback allowed. and(b) goods manufactured in bond or under excise regulations in Canada and exported shall not be classified under this tariff item except upon payment of the customs duty to which they would have been liable had they not been exported from Canada.---Other:. Goods of Section XI or XII;;;;;;;N/A;;PDR;20240101;99991231;0;0;;;;;;
CA;9814000094;20240101;99991231;EN;Special classification provisions - non-commercial---Goods, including containers or coverings filled or empty, which have once been released and accounted for under section 32 of the Customs Act and have been exported, if the goods are returned without having been advanced in value or improved in condition by any process of manufacture or other means, or combined with any other article abroad.For the purpose of this tariff item:(a) goods on which a refund of customs duty or drawback of customs duty has been made shall not be classified under this tariff item except upon payment of the customs duty equal to the refund or drawback allowed. and(b) goods manufactured in bond or under excise regulations in Canada and exported shall not be classified under this tariff item except upon payment of the customs duty to which they would have been liable had they not been exported from Canada.---Other:. Goods of Sections XIII to XV;;;;;;;ES;Special classification provisions - non-commercial---Goods, including containers or coverings filled or empty, which have once been released and accounted for under section 32 of the Customs Act and have been exported, if the goods are returned without having been advanced in value or improved in condition by any process of manufacture or other means, or combined with any other article abroad.For the purpose of this tariff item:(a) goods on which a refund of customs duty or drawback of customs duty has been made shall not be classified under this tariff item except upon payment of the customs duty equal to the refund or drawback allowed. and(b) goods manufactured in bond or under excise regulations in Canada and exported shall not be classified under this tariff item except upon payment of the customs duty to which they would have been liable had they not been exported from Canada.---Other:. Goods of Sections XIII to XV;;;;;;;N/A;;PDR;20240101;99991231;0;0;;;;;;
CA;9814000095;20240101;99991231;EN;Special classification provisions - non-commercial---Goods, including containers or coverings filled or empty, which have once been released and accounted for under section 32 of the Customs Act and have been exported, if the goods are returned without having been advanced in value or improved in condition by any process of manufacture or other means, or combined with any other article abroad.For the purpose of this tariff item:(a) goods on which a refund of customs duty or drawback of customs duty has been made shall not be classified under this tariff item except upon payment of the customs duty equal to the refund or drawback allowed. and(b) goods manufactured in bond or under excise regulations in Canada and exported shall not be classified under this tariff item except upon payment of the customs duty to which they would have been liable had they not been exported from Canada.---Other:. Goods of Section XVI;;;;;;;ES;Special classification provisions - non-commercial---Goods, including containers or coverings filled or empty, which have once been released and accounted for under section 32 of the Customs Act and have been exported, if the goods are returned without having been advanced in value or improved in condition by any process of manufacture or other means, or combined with any other article abroad.For the purpose of this tariff item:(a) goods on which a refund of customs duty or drawback of customs duty has been made shall not be classified under this tariff item except upon payment of the customs duty equal to the refund or drawback allowed. and(b) goods manufactured in bond or under excise regulations in Canada and exported shall not be classified under this tariff item except upon payment of the customs duty to which they would have been liable had they not been exported from Canada.---Other:. Goods of Section XVI;;;;;;;N/A;;PDR;20240101;99991231;0;0;;;;;;
CA;9814000096;20240101;99991231;EN;Special classification provisions - non-commercial---Goods, including containers or coverings filled or empty, which have once been released and accounted for under section 32 of the Customs Act and have been exported, if the goods are returned without having been advanced in value or improved in condition by any process of manufacture or other means, or combined with any other article abroad.For the purpose of this tariff item:(a) goods on which a refund of customs duty or drawback of customs duty has been made shall not be classified under this tariff item except upon payment of the customs duty equal to the refund or drawback allowed. and(b) goods manufactured in bond or under excise regulations in Canada and exported shall not be classified under this tariff item except upon payment of the customs duty to which they would have been liable had they not been exported from Canada.---Other:. Goods of Section XVII;;;;;;;ES;Special classification provisions - non-commercial---Goods, including containers or coverings filled or empty, which have once been released and accounted for under section 32 of the Customs Act and have been exported, if the goods are returned without having been advanced in value or improved in condition by any process of manufacture or other means, or combined with any other article abroad.For the purpose of this tariff item:(a) goods on which a refund of customs duty or drawback of customs duty has been made shall not be classified under this tariff item except upon payment of the customs duty equal to the refund or drawback allowed. and(b) goods manufactured in bond or under excise regulations in Canada and exported shall not be classified under this tariff item except upon payment of the customs duty to which they would have been liable had they not been exported from Canada.---Other:. Goods of Section XVII;;;;;;;N/A;;PDR;20240101;99991231;0;0;;;;;;
CA;9814000097;20240101;99991231;EN;Special classification provisions - non-commercial---Goods, including containers or coverings filled or empty, which have once been released and accounted for under section 32 of the Customs Act and have been exported, if the goods are returned without having been advanced in value or improved in condition by any process of manufacture or other means, or combined with any other article abroad.For the purpose of this tariff item:(a) goods on which a refund of customs duty or drawback of customs duty has been made shall not be classified under this tariff item except upon payment of the customs duty equal to the refund or drawback allowed. and(b) goods manufactured in bond or under excise regulations in Canada and exported shall not be classified under this tariff item except upon payment of the customs duty to which they would have been liable had they not been exported from Canada.---Other:. Goods of Sections XVIII to XXI;;;;;;;ES;Special classification provisions - non-commercial---Goods, including containers or coverings filled or empty, which have once been released and accounted for under section 32 of the Customs Act and have been exported, if the goods are returned without having been advanced in value or improved in condition by any process of manufacture or other means, or combined with any other article abroad.For the purpose of this tariff item:(a) goods on which a refund of customs duty or drawback of customs duty has been made shall not be classified under this tariff item except upon payment of the customs duty equal to the refund or drawback allowed. and(b) goods manufactured in bond or under excise regulations in Canada and exported shall not be classified under this tariff item except upon payment of the customs duty to which they would have been liable had they not been exported from Canada.---Other:. Goods of Sections XVIII to XXI;;;;;;;N/A;;PDR;20240101;99991231;0;0;;;;;;
CA;9815000000;20240101;99991231;EN;Special classification provisions - non-commercial---Donations of clothing and books for charitable purposes.Donations of any goods by non-residents of Canada to religious, charitable or educational institutions in Canada.Photographs, not exceeding three, sent by friends and not for the purpose of sale.;;;;;;;ES;Special classification provisions - non-commercial---Donations of clothing and books for charitable purposes.Donations of any goods by non-residents of Canada to religious, charitable or educational institutions in Canada.Photographs, not exceeding three, sent by friends and not for the purpose of sale.;;;;;;;N/A;;PDR;20240101;99991231;0;0;;;;;;
CA;9816000000;20240101;99991231;EN;Special classification provisions - non-commercial---Casual donations sent by persons abroad to friends in Canada, or imported personally by persons who are not residents of Canada as gifts to friends, and not being and not being advertising matter, tobacco, alcoholic beverages or vaping products, when the value thereof does not exceed sixty dollars in any one case.;;;;;;;ES;Special classification provisions - non-commercial---Casual donations sent by persons abroad to friends in Canada, or imported personally by persons who are not residents of Canada as gifts to friends, and not being and not being advertising matter, tobacco, alcoholic beverages or vaping products, when the value thereof does not exceed sixty dollars in any one case.;;;;;;;N/A;;PDR;20240101;99991231;0;0;;;;;;
CA;9817000000;20240101;99991231;EN;Special classification provisions - non-commercial---Medals, trophies and other articles (not including usual merchantable products nor medals, trophies or prizes which are regularly presented by organizations or business companies to their members, employees or representatives), which have been bestowed or awarded by persons or organizations abroad as marks of honour or distinction, or which have been won abroad in competitions, or having been won abroad in competitions are donated by persons or organizations abroad for bestowal or award in Canada.;;;;;;;ES;Special classification provisions - non-commercial---Medals, trophies and other articles (not including usual merchantable products nor medals, trophies or prizes which are regularly presented by organizations or business companies to their members, employees or representatives), which have been bestowed or awarded by persons or organizations abroad as marks of honour or distinction, or which have been won abroad in competitions, or having been won abroad in competitions are donated by persons or organizations abroad for bestowal or award in Canada.;;;;;;;N/A;;PDR;20240101;99991231;0;0;;;;;;
CA;9818000010;20240101;99991231;EN;Special classification provisions - non-commercial---Articles imported by or for public museums, public libraries, universities, colleges or schools, to be placed in such institutions as exhibits, accompanied by a certificate, in duplicate, in the prescribed form with the information to be provided with the form, and signed by a responsible official of the institution in which the articles are to be exhibited.---Purchased;;;;;;;ES;Special classification provisions - non-commercial---Articles imported by or for public museums, public libraries, universities, colleges or schools, to be placed in such institutions as exhibits, accompanied by a certificate, in duplicate, in the prescribed form with the information to be provided with the form, and signed by a responsible official of the institution in which the articles are to be exhibited.---Purchased;;;;;;;N/A;;PDR;20240101;99991231;0;0;;;;;;
CA;9818000020;20240101;99991231;EN;Special classification provisions - non-commercial---Articles imported by or for public museums, public libraries, universities, colleges or schools, to be placed in such institutions as exhibits, accompanied by a certificate, in duplicate, in the prescribed form with the information to be provided with the form, and signed by a responsible official of the institution in which the articles are to be exhibited.---On loan;;;;;;;ES;Special classification provisions - non-commercial---Articles imported by or for public museums, public libraries, universities, colleges or schools, to be placed in such institutions as exhibits, accompanied by a certificate, in duplicate, in the prescribed form with the information to be provided with the form, and signed by a responsible official of the institution in which the articles are to be exhibited.---On loan;;;;;;;N/A;;PDR;20240101;99991231;0;0;;;;;;
CA;9818000090;20240101;99991231;EN;Special classification provisions - non-commercial---Articles imported by or for public museums, public libraries, universities, colleges or schools, to be placed in such institutions as exhibits, accompanied by a certificate, in duplicate, in the prescribed form with the information to be provided with the form, and signed by a responsible official of the institution in which the articles are to be exhibited.---Other;;;;;;;ES;Special classification provisions - non-commercial---Articles imported by or for public museums, public libraries, universities, colleges or schools, to be placed in such institutions as exhibits, accompanied by a certificate, in duplicate, in the prescribed form with the information to be provided with the form, and signed by a responsible official of the institution in which the articles are to be exhibited.---Other;;;;;;;N/A;;PDR;20240101;99991231;0;0;;;;;;
CA;98251000;20240101;99991231;EN;Special classification provisions - non-commercial---Goods imported by mail or courier for personal or household use.The following goods are not eligible for classification under this heading:  goods or classes of goods that, on importation, may be released only in accordance with the accounting provisions of the Customs Act or the applicable regulations on condition that the importer or owner of the goods provides, before the release of the goods, any certificate, licence, permit or other document and any information that is required under any Act of Parliament or any regulation made under such an Act that prohibits, controls or regulates the importation of goods, but this exclusion from eligibility for classification does not apply to any goods imported under the authority of and in accordance with a general import permit issued under subsection 8(1.1) or section 8.3 of the Export and Import Permits Act.The value of goods imported that are eligible to be classified under this heading shall not exceed $500.The following goods are not eligible for classification under tariff item No. 9825.10.00, 9825.20.00 or 9825.30.00:  alcoholic beverages. tobacco. tobacco products. vaping products. goods subject to any additional customs duty under sections 21.1 to 22 of this Act. goods subject to any tax imposed under subsection 23(1) of the Excise Tax Act. goods in respect of which tax is not payable under Division III of Part IX of that Act. and goods in respect of which tax is payable under section 212.1 of that Act if an amount must be deducted from that tax under section 214.1 of that Act.---Goods which, if classified in accordance with the provisions of Chapters 1 to 97, would be subject to a rate of customs duty under the Most-Favoured-Nation Tariff that is not more than 5 percentage points greater or less than the rate provided by this tariff item under the Most-Favoured-Nation Tariff.;;;;;;;ES;Special classification provisions - non-commercial---Goods imported by mail or courier for personal or household use.The following goods are not eligible for classification under this heading:  goods or classes of goods that, on importation, may be released only in accordance with the accounting provisions of the Customs Act or the applicable regulations on condition that the importer or owner of the goods provides, before the release of the goods, any certificate, licence, permit or other document and any information that is required under any Act of Parliament or any regulation made under such an Act that prohibits, controls or regulates the importation of goods, but this exclusion from eligibility for classification does not apply to any goods imported under the authority of and in accordance with a general import permit issued under subsection 8(1.1) or section 8.3 of the Export and Import Permits Act.The value of goods imported that are eligible to be classified under this heading shall not exceed $500.The following goods are not eligible for classification under tariff item No. 9825.10.00, 9825.20.00 or 9825.30.00:  alcoholic beverages. tobacco. tobacco products. vaping products. goods subject to any additional customs duty under sections 21.1 to 22 of this Act. goods subject to any tax imposed under subsection 23(1) of the Excise Tax Act. goods in respect of which tax is not payable under Division III of Part IX of that Act. and goods in respect of which tax is payable under section 212.1 of that Act if an amount must be deducted from that tax under section 214.1 of that Act.---Goods which, if classified in accordance with the provisions of Chapters 1 to 97, would be subject to a rate of customs duty under the Most-Favoured-Nation Tariff that is not more than 5 percentage points greater or less than the rate provided by this tariff item under the Most-Favoured-Nation Tariff.;;;;;;;N/A;;PDR;20240101;99991231;20;0;;;;;;
CA;98252000;20240101;99991231;EN;Special classification provisions - non-commercial---Goods imported by mail or courier for personal or household use.The following goods are not eligible for classification under this heading:  goods or classes of goods that, on importation, may be released only in accordance with the accounting provisions of the Customs Act or the applicable regulations on condition that the importer or owner of the goods provides, before the release of the goods, any certificate, licence, permit or other document and any information that is required under any Act of Parliament or any regulation made under such an Act that prohibits, controls or regulates the importation of goods, but this exclusion from eligibility for classification does not apply to any goods imported under the authority of and in accordance with a general import permit issued under subsection 8(1.1) or section 8.3 of the Export and Import Permits Act.The value of goods imported that are eligible to be classified under this heading shall not exceed $500.The following goods are not eligible for classification under tariff item No. 9825.10.00, 9825.20.00 or 9825.30.00:  alcoholic beverages. tobacco. tobacco products. vaping products. goods subject to any additional customs duty under sections 21.1 to 22 of this Act. goods subject to any tax imposed under subsection 23(1) of the Excise Tax Act. goods in respect of which tax is not payable under Division III of Part IX of that Act. and goods in respect of which tax is payable under section 212.1 of that Act if an amount must be deducted from that tax under section 214.1 of that Act.---Goods which, if classified in accordance with the provisions of Chapters 1 to 97, would be subject to a rate of customs duty under the Most-Favoured-Nation Tariff that is not more than 5 percentage points greater or less than the rate provided by this tariff item under the Most-Favoured-Nation Tariff.;;;;;;;ES;Special classification provisions - non-commercial---Goods imported by mail or courier for personal or household use.The following goods are not eligible for classification under this heading:  goods or classes of goods that, on importation, may be released only in accordance with the accounting provisions of the Customs Act or the applicable regulations on condition that the importer or owner of the goods provides, before the release of the goods, any certificate, licence, permit or other document and any information that is required under any Act of Parliament or any regulation made under such an Act that prohibits, controls or regulates the importation of goods, but this exclusion from eligibility for classification does not apply to any goods imported under the authority of and in accordance with a general import permit issued under subsection 8(1.1) or section 8.3 of the Export and Import Permits Act.The value of goods imported that are eligible to be classified under this heading shall not exceed $500.The following goods are not eligible for classification under tariff item No. 9825.10.00, 9825.20.00 or 9825.30.00:  alcoholic beverages. tobacco. tobacco products. vaping products. goods subject to any additional customs duty under sections 21.1 to 22 of this Act. goods subject to any tax imposed under subsection 23(1) of the Excise Tax Act. goods in respect of which tax is not payable under Division III of Part IX of that Act. and goods in respect of which tax is payable under section 212.1 of that Act if an amount must be deducted from that tax under section 214.1 of that Act.---Goods which, if classified in accordance with the provisions of Chapters 1 to 97, would be subject to a rate of customs duty under the Most-Favoured-Nation Tariff that is not more than 5 percentage points greater or less than the rate provided by this tariff item under the Most-Favoured-Nation Tariff.;;;;;;;N/A;;PDR;20240101;99991231;8;0;;;;;;
CA;98253000;20240101;99991231;EN;Special classification provisions - non-commercial---Goods imported by mail or courier for personal or household use.The following goods are not eligible for classification under this heading:  goods or classes of goods that, on importation, may be released only in accordance with the accounting provisions of the Customs Act or the applicable regulations on condition that the importer or owner of the goods provides, before the release of the goods, any certificate, licence, permit or other document and any information that is required under any Act of Parliament or any regulation made under such an Act that prohibits, controls or regulates the importation of goods, but this exclusion from eligibility for classification does not apply to any goods imported under the authority of and in accordance with a general import permit issued under subsection 8(1.1) or section 8.3 of the Export and Import Permits Act.The value of goods imported that are eligible to be classified under this heading shall not exceed $500.The following goods are not eligible for classification under tariff item No. 9825.10.00, 9825.20.00 or 9825.30.00:  alcoholic beverages. tobacco. tobacco products. vaping products. goods subject to any additional customs duty under sections 21.1 to 22 of this Act. goods subject to any tax imposed under subsection 23(1) of the Excise Tax Act. goods in respect of which tax is not payable under Division III of Part IX of that Act. and goods in respect of which tax is payable under section 212.1 of that Act if an amount must be deducted from that tax under section 214.1 of that Act.---Goods which, if classified in accordance with the provisions of Chapters 1 to 97, would be subject to a rate of customs duty under the Most-Favoured-Nation Tariff that is not more than 5 percentage points greater than the rate provided by this tariff item under the Most-Favoured-Nation Tariff.;;;;;;;ES;Special classification provisions - non-commercial---Goods imported by mail or courier for personal or household use.The following goods are not eligible for classification under this heading:  goods or classes of goods that, on importation, may be released only in accordance with the accounting provisions of the Customs Act or the applicable regulations on condition that the importer or owner of the goods provides, before the release of the goods, any certificate, licence, permit or other document and any information that is required under any Act of Parliament or any regulation made under such an Act that prohibits, controls or regulates the importation of goods, but this exclusion from eligibility for classification does not apply to any goods imported under the authority of and in accordance with a general import permit issued under subsection 8(1.1) or section 8.3 of the Export and Import Permits Act.The value of goods imported that are eligible to be classified under this heading shall not exceed $500.The following goods are not eligible for classification under tariff item No. 9825.10.00, 9825.20.00 or 9825.30.00:  alcoholic beverages. tobacco. tobacco products. vaping products. goods subject to any additional customs duty under sections 21.1 to 22 of this Act. goods subject to any tax imposed under subsection 23(1) of the Excise Tax Act. goods in respect of which tax is not payable under Division III of Part IX of that Act. and goods in respect of which tax is payable under section 212.1 of that Act if an amount must be deducted from that tax under section 214.1 of that Act.---Goods which, if classified in accordance with the provisions of Chapters 1 to 97, would be subject to a rate of customs duty under the Most-Favoured-Nation Tariff that is not more than 5 percentage points greater than the rate provided by this tariff item under the Most-Favoured-Nation Tariff.;;;;;;;N/A;;PDR;20240101;99991231;0;0;;;;;;
CA;9826100000;20240101;99991231;EN;Special classification provisions - non-commercial---Goods acquired abroad by a traveller for personal or household use and accompanying the traveller arriving in Canada from abroad if the traveller arrives at a customs office designated under section 5 of the Customs Act for the purpose of reporting goods under this heading.The following goods are not eligible for classification under this heading:  goods or classes of goods that, on importation, may be released only in accordance with the accounting provisions of the Customs Act or the applicable regulations on condition that the importer or owner of the goods provides, before the release of the goods, any certificate, licence, permit or other document and any information that is required under any Act of Parliament or any regulation made under such an Act that prohibits, controls or regulates the importation of goods, but this exclusion from eligibility for classification does not apply to any goods imported under the authority of and in accordance with a general import permit issued under subsection 8(1.1) or section 8.3 of the Export and Import Permits Act.The value of goods imported by a traveller at the same time and accounted for under the same accounting document that are eligible to be classified under this heading shall not exceed $500.The following goods are not eligible for classification under tariff item No. 9826.10.00, 9826.20.00 or 9826.40.00:  alcoholic beverages. tobacco. tobacco products. vaping products. goods subject to any tax imposed under subsection 23(1) of the Excise Tax Act. goods subject to any additional customs duty under sections 21.1 to 22 of this Act. and goods eligible for classification under tariff item No. 9826.30.00.---Goods which, if classified in accordance with the provisions of Chapters 1 to 97, would be subject to a rate of customs duty under the Most-Favoured-Nation Tariff that is not more than 5 percentage points greater or less than the rate provided by this tariff item under the Most-Favoured-Nation Tariff.;;;;;;;ES;Special classification provisions - non-commercial---Goods acquired abroad by a traveller for personal or household use and accompanying the traveller arriving in Canada from abroad if the traveller arrives at a customs office designated under section 5 of the Customs Act for the purpose of reporting goods under this heading.The following goods are not eligible for classification under this heading:  goods or classes of goods that, on importation, may be released only in accordance with the accounting provisions of the Customs Act or the applicable regulations on condition that the importer or owner of the goods provides, before the release of the goods, any certificate, licence, permit or other document and any information that is required under any Act of Parliament or any regulation made under such an Act that prohibits, controls or regulates the importation of goods, but this exclusion from eligibility for classification does not apply to any goods imported under the authority of and in accordance with a general import permit issued under subsection 8(1.1) or section 8.3 of the Export and Import Permits Act.The value of goods imported by a traveller at the same time and accounted for under the same accounting document that are eligible to be classified under this heading shall not exceed $500.The following goods are not eligible for classification under tariff item No. 9826.10.00, 9826.20.00 or 9826.40.00:  alcoholic beverages. tobacco. tobacco products. vaping products. goods subject to any tax imposed under subsection 23(1) of the Excise Tax Act. goods subject to any additional customs duty under sections 21.1 to 22 of this Act. and goods eligible for classification under tariff item No. 9826.30.00.---Goods which, if classified in accordance with the provisions of Chapters 1 to 97, would be subject to a rate of customs duty under the Most-Favoured-Nation Tariff that is not more than 5 percentage points greater or less than the rate provided by this tariff item under the Most-Favoured-Nation Tariff.;;;;;;;N/A;;PDR;20240101;99991231;20;0;;;;;;
CA;9826200000;20240101;99991231;EN;Special classification provisions - non-commercial---Goods acquired abroad by a traveller for personal or household use and accompanying the traveller arriving in Canada from abroad if the traveller arrives at a customs office designated under section 5 of the Customs Act for the purpose of reporting goods under this heading.The following goods are not eligible for classification under this heading:  goods or classes of goods that, on importation, may be released only in accordance with the accounting provisions of the Customs Act or the applicable regulations on condition that the importer or owner of the goods provides, before the release of the goods, any certificate, licence, permit or other document and any information that is required under any Act of Parliament or any regulation made under such an Act that prohibits, controls or regulates the importation of goods, but this exclusion from eligibility for classification does not apply to any goods imported under the authority of and in accordance with a general import permit issued under subsection 8(1.1) or section 8.3 of the Export and Import Permits Act.The value of goods imported by a traveller at the same time and accounted for under the same accounting document that are eligible to be classified under this heading shall not exceed $500.The following goods are not eligible for classification under tariff item No. 9826.10.00, 9826.20.00 or 9826.40.00:  alcoholic beverages. tobacco. tobacco products. vaping products. goods subject to any tax imposed under subsection 23(1) of the Excise Tax Act. goods subject to any additional customs duty under sections 21.1 to 22 of this Act. and goods eligible for classification under tariff item No. 9826.30.00.---Goods which, if classified in accordance with the provisions of Chapters 1 to 97, would be subject to a rate of customs duty under the Most-Favoured-Nation Tariff that is not more than 5 percentage points greater or less than the rate provided by this tariff item under the Most-Favoured-Nation Tariff.;;;;;;;ES;Special classification provisions - non-commercial---Goods acquired abroad by a traveller for personal or household use and accompanying the traveller arriving in Canada from abroad if the traveller arrives at a customs office designated under section 5 of the Customs Act for the purpose of reporting goods under this heading.The following goods are not eligible for classification under this heading:  goods or classes of goods that, on importation, may be released only in accordance with the accounting provisions of the Customs Act or the applicable regulations on condition that the importer or owner of the goods provides, before the release of the goods, any certificate, licence, permit or other document and any information that is required under any Act of Parliament or any regulation made under such an Act that prohibits, controls or regulates the importation of goods, but this exclusion from eligibility for classification does not apply to any goods imported under the authority of and in accordance with a general import permit issued under subsection 8(1.1) or section 8.3 of the Export and Import Permits Act.The value of goods imported by a traveller at the same time and accounted for under the same accounting document that are eligible to be classified under this heading shall not exceed $500.The following goods are not eligible for classification under tariff item No. 9826.10.00, 9826.20.00 or 9826.40.00:  alcoholic beverages. tobacco. tobacco products. vaping products. goods subject to any tax imposed under subsection 23(1) of the Excise Tax Act. goods subject to any additional customs duty under sections 21.1 to 22 of this Act. and goods eligible for classification under tariff item No. 9826.30.00.---Goods which, if classified in accordance with the provisions of Chapters 1 to 97, would be subject to a rate of customs duty under the Most-Favoured-Nation Tariff that is not more than 5 percentage points greater or less than the rate provided by this tariff item under the Most-Favoured-Nation Tariff.;;;;;;;N/A;;PDR;20240101;99991231;8;0;;;;;;
CA;9826300000;20240101;99991231;EN;Special classification provisions - non-commercial---Goods acquired abroad by a traveller for personal or household use and accompanying the traveller arriving in Canada from abroad if the traveller arrives at a customs office designated under section 5 of the Customs Act for the purpose of reporting goods under this heading.The following goods are not eligible for classification under this heading:  goods or classes of goods that, on importation, may be released only in accordance with the accounting provisions of the Customs Act or the applicable regulations on condition that the importer or owner of the goods provides, before the release of the goods, any certificate, licence, permit or other document and any information that is required under any Act of Parliament or any regulation made under such an Act that prohibits, controls or regulates the importation of goods, but this exclusion from eligibility for classification does not apply to any goods imported under the authority of and in accordance with a general import permit issued under subsection 8(1.1) or section 8.3 of the Export and Import Permits Act.The value of goods imported by a traveller at the same time and accounted for under the same accounting document that are eligible to be classified under this heading shall not exceed $500.The following goods are not eligible for classification under tariff item No. 9826.10.00, 9826.20.00 or 9826.40.00:  alcoholic beverages. tobacco. tobacco products. vaping products. goods subject to any tax imposed under subsection 23(1) of the Excise Tax Act. goods subject to any additional customs duty under sections 21.1 to 22 of this Act. and goods eligible for classification under tariff item No. 9826.30.00.---Basic groceries listed in Part III of Schedule VI to the Excise Tax Act.;;;;;;;ES;Special classification provisions - non-commercial---Goods acquired abroad by a traveller for personal or household use and accompanying the traveller arriving in Canada from abroad if the traveller arrives at a customs office designated under section 5 of the Customs Act for the purpose of reporting goods under this heading.The following goods are not eligible for classification under this heading:  goods or classes of goods that, on importation, may be released only in accordance with the accounting provisions of the Customs Act or the applicable regulations on condition that the importer or owner of the goods provides, before the release of the goods, any certificate, licence, permit or other document and any information that is required under any Act of Parliament or any regulation made under such an Act that prohibits, controls or regulates the importation of goods, but this exclusion from eligibility for classification does not apply to any goods imported under the authority of and in accordance with a general import permit issued under subsection 8(1.1) or section 8.3 of the Export and Import Permits Act.The value of goods imported by a traveller at the same time and accounted for under the same accounting document that are eligible to be classified under this heading shall not exceed $500.The following goods are not eligible for classification under tariff item No. 9826.10.00, 9826.20.00 or 9826.40.00:  alcoholic beverages. tobacco. tobacco products. vaping products. goods subject to any tax imposed under subsection 23(1) of the Excise Tax Act. goods subject to any additional customs duty under sections 21.1 to 22 of this Act. and goods eligible for classification under tariff item No. 9826.30.00.---Basic groceries listed in Part III of Schedule VI to the Excise Tax Act.;;;;;;;N/A;;PDR;20240101;99991231;7;0;;;;;;
CA;9826400000;20240101;99991231;EN;Special classification provisions - non-commercial---Goods acquired abroad by a traveller for personal or household use and accompanying the traveller arriving in Canada from abroad if the traveller arrives at a customs office designated under section 5 of the Customs Act for the purpose of reporting goods under this heading.The following goods are not eligible for classification under this heading:  goods or classes of goods that, on importation, may be released only in accordance with the accounting provisions of the Customs Act or the applicable regulations on condition that the importer or owner of the goods provides, before the release of the goods, any certificate, licence, permit or other document and any information that is required under any Act of Parliament or any regulation made under such an Act that prohibits, controls or regulates the importation of goods, but this exclusion from eligibility for classification does not apply to any goods imported under the authority of and in accordance with a general import permit issued under subsection 8(1.1) or section 8.3 of the Export and Import Permits Act.The value of goods imported by a traveller at the same time and accounted for under the same accounting document that are eligible to be classified under this heading shall not exceed $500.The following goods are not eligible for classification under tariff item No. 9826.10.00, 9826.20.00 or 9826.40.00:  alcoholic beverages. tobacco. tobacco products. vaping products. goods subject to any tax imposed under subsection 23(1) of the Excise Tax Act. goods subject to any additional customs duty under sections 21.1 to 22 of this Act. and goods eligible for classification under tariff item No. 9826.30.00.---Goods which, if classified in accordance with the provisions of Chapters 1 to 97, would be subject to a rate of customs duty under the Most-Favoured-Nation Tariff that is not more than 5 percentage points greater than the rate provided by this tariff item under the Most-Favoured-Nation Tariff.;;;;;;;ES;Special classification provisions - non-commercial---Goods acquired abroad by a traveller for personal or household use and accompanying the traveller arriving in Canada from abroad if the traveller arrives at a customs office designated under section 5 of the Customs Act for the purpose of reporting goods under this heading.The following goods are not eligible for classification under this heading:  goods or classes of goods that, on importation, may be released only in accordance with the accounting provisions of the Customs Act or the applicable regulations on condition that the importer or owner of the goods provides, before the release of the goods, any certificate, licence, permit or other document and any information that is required under any Act of Parliament or any regulation made under such an Act that prohibits, controls or regulates the importation of goods, but this exclusion from eligibility for classification does not apply to any goods imported under the authority of and in accordance with a general import permit issued under subsection 8(1.1) or section 8.3 of the Export and Import Permits Act.The value of goods imported by a traveller at the same time and accounted for under the same accounting document that are eligible to be classified under this heading shall not exceed $500.The following goods are not eligible for classification under tariff item No. 9826.10.00, 9826.20.00 or 9826.40.00:  alcoholic beverages. tobacco. tobacco products. vaping products. goods subject to any tax imposed under subsection 23(1) of the Excise Tax Act. goods subject to any additional customs duty under sections 21.1 to 22 of this Act. and goods eligible for classification under tariff item No. 9826.30.00.---Goods which, if classified in accordance with the provisions of Chapters 1 to 97, would be subject to a rate of customs duty under the Most-Favoured-Nation Tariff that is not more than 5 percentage points greater than the rate provided by this tariff item under the Most-Favoured-Nation Tariff.;;;;;;;N/A;;PDR;20240101;99991231;0;0;;;;;;
CA;9827000000;20240101;99991231;EN;Special classification provisions - non-commercial---Goods, which may include either wine not exceeding 1.5 litres or any alcoholic beverages not exceeding 1.14 litres, tobacco products not exceeding fifty cigars, two hundred cigarettes, two hundred tobacco sticks and two hundred grams of manufactured tobacco, and vaping products not exceeding 120 millilitres of vaping substance in liquid form, or 120 grams of vaping substance in solid form, within any combination of not more than twelve vaping devices and immediate containers, imported by members of the military forces of countries that are parties to the North Atlantic Treaty or are members of the Commonwealth, or by civilian employees of those military forces who are not Canadian citizens or permanent residents of Canada and are stationed in Canada on official duty, including dependants of such members or employees, but not persons on duty at a diplomatic mission, on condition that:(a) an authorized identification card is presented to a Customs officer by the visiting forces personnel at the time the goods are imported into Canada. (b) the goods were acquired abroad for the personal or household use of the visiting forces personnel and are in quantities and values that are reasonable for such use. and(c) in the case of durable goods, they are accompanied on importation by documentation specified by the Minister of Public Safety and Emergency Preparedness and are not sold or otherwise disposed of (except disposed of by destruction under Customs supervision or by exportation or sale to other visiting forces personnel) unless, prior to the sale or other disposition, the goods are accounted for by the importer or owner and customs duty is paid in respect of the goods.;;;;;;;ES;Special classification provisions - non-commercial---Goods, which may include either wine not exceeding 1.5 litres or any alcoholic beverages not exceeding 1.14 litres, tobacco products not exceeding fifty cigars, two hundred cigarettes, two hundred tobacco sticks and two hundred grams of manufactured tobacco, and vaping products not exceeding 120 millilitres of vaping substance in liquid form, or 120 grams of vaping substance in solid form, within any combination of not more than twelve vaping devices and immediate containers, imported by members of the military forces of countries that are parties to the North Atlantic Treaty or are members of the Commonwealth, or by civilian employees of those military forces who are not Canadian citizens or permanent residents of Canada and are stationed in Canada on official duty, including dependants of such members or employees, but not persons on duty at a diplomatic mission, on condition that:(a) an authorized identification card is presented to a Customs officer by the visiting forces personnel at the time the goods are imported into Canada. (b) the goods were acquired abroad for the personal or household use of the visiting forces personnel and are in quantities and values that are reasonable for such use. and(c) in the case of durable goods, they are accompanied on importation by documentation specified by the Minister of Public Safety and Emergency Preparedness and are not sold or otherwise disposed of (except disposed of by destruction under Customs supervision or by exportation or sale to other visiting forces personnel) unless, prior to the sale or other disposition, the goods are accounted for by the importer or owner and customs duty is paid in respect of the goods.;;;;;;;N/A;;PDR;20240101;99991231;0;0;;;;;;
CA;9829000000;20240101;99991231;EN;Special classification provisions - non-commercial---Household furniture and furnishings for a seasonal residence, excluding construction materials, electrical fixtures or other goods permanently attached to or incorporated into a seasonal residence.Tools and equipment for the maintenance of a seasonal residence.The foregoing, on condition that:(i) the goods are imported by a person who is not a resident of Canada and who owns or leases for not less than three years a residence in Canada for seasonal use, other than a time-sharing residence, trailer or mobile home.(ii) the person is entitled to only one importation under this tariff item.(iii) the goods are for the personal use of that person or their family and are not for any commercial, industrial or occupational purpose.(iv) the goods are owned, possessed and used by that person or their family before their first arrival in Canada to occupy the seasonal residence.(v) the goods are not sold or otherwise disposed of in Canada for at least one year after the date of their importation. and(vi) the goods accompany the seasonal resident at the time of the seasonal resident's first arrival in Canada to occupy the seasonal residence or, if not imported at the time of first arrival in Canada, are, at that time, described and listed on a customs accounting document as goods to follow.;;;;;;;ES;Special classification provisions - non-commercial---Household furniture and furnishings for a seasonal residence, excluding construction materials, electrical fixtures or other goods permanently attached to or incorporated into a seasonal residence.Tools and equipment for the maintenance of a seasonal residence.The foregoing, on condition that:(i) the goods are imported by a person who is not a resident of Canada and who owns or leases for not less than three years a residence in Canada for seasonal use, other than a time-sharing residence, trailer or mobile home.(ii) the person is entitled to only one importation under this tariff item.(iii) the goods are for the personal use of that person or their family and are not for any commercial, industrial or occupational purpose.(iv) the goods are owned, possessed and used by that person or their family before their first arrival in Canada to occupy the seasonal residence.(v) the goods are not sold or otherwise disposed of in Canada for at least one year after the date of their importation. and(vi) the goods accompany the seasonal resident at the time of the seasonal resident's first arrival in Canada to occupy the seasonal residence or, if not imported at the time of first arrival in Canada, are, at that time, described and listed on a customs accounting document as goods to follow.;;;;;;;N/A;;PDR;20240101;99991231;0;0;;;;;;
CA;9830000000;20240101;99991231;EN;Special classification provisions - non-commercial---The following for use at a meeting or convention by a foreign organization (excluding a Canadian branch of such an organization), that is a corporation with a head office outside of Canada or an association that is not incorporated and no member of that association is a resident of Canada:Banners, flags, papers, shields, stand decorations, backdrops and other decorations. Identification badges. Information bulletins, booklets, programs and memoranda relating to the meeting or convention or to products displayed at the meeting or convention. Lapel buttons, billfolds, keycases, pens, pencils, corsages, T-shirts, scarves, mugs, jewellery, badges and other souvenirs and official paraphernalia. Printing plates, rolls, cylinders, matrices, moulds, exposed positive or negative films and other goods for the production of advertising matter relating to the meeting or convention. Stationery, paper clips, pens, pencils and other office supplies (not including office machines). on condition that: (i) the meeting or convention is not open to the Canadian public at large. (ii) the foreign organization maintains suitable records as required for the administration of this tariff item. and (iii) goods imported for free distribution or sale if not so distributed or sold are exported immediately after the meeting or convention.;;;;;;;ES;Special classification provisions - non-commercial---The following for use at a meeting or convention by a foreign organization (excluding a Canadian branch of such an organization), that is a corporation with a head office outside of Canada or an association that is not incorporated and no member of that association is a resident of Canada:Banners, flags, papers, shields, stand decorations, backdrops and other decorations. Identification badges. Information bulletins, booklets, programs and memoranda relating to the meeting or convention or to products displayed at the meeting or convention. Lapel buttons, billfolds, keycases, pens, pencils, corsages, T-shirts, scarves, mugs, jewellery, badges and other souvenirs and official paraphernalia. Printing plates, rolls, cylinders, matrices, moulds, exposed positive or negative films and other goods for the production of advertising matter relating to the meeting or convention. Stationery, paper clips, pens, pencils and other office supplies (not including office machines). on condition that: (i) the meeting or convention is not open to the Canadian public at large. (ii) the foreign organization maintains suitable records as required for the administration of this tariff item. and (iii) goods imported for free distribution or sale if not so distributed or sold are exported immediately after the meeting or convention.;;;;;;;N/A;;PDR;20240101;99991231;0;0;;;;;;
CA;9831000000;20240101;99991231;EN;Special classification provisions - non-commercial---Non-commercial film, exposed or processed while a resident is abroad, and one set of prints therefrom, and non-commercial video tape recorded while a resident is abroad, imported by the resident solely for personal use and not for any business or occupational purpose and, on the resident's return to Canada, are in the possession of the resident or form part of the baggage of the resident.Commercial Canadian film, exposed abroad by a Canadian resident using Canadian equipment, not developed or processed except to the extent necessary for testing the quality of the exposed film, and commercial Canadian video tape recorded by a Canadian resident using Canadian equipment, except if:(a) with respect to the resident:(i) it is impracticable to employ a resident in exposing the film or recording the video tape and the person employed is either a technical specialist or the employment is of a casual nature. or (ii) the person is required to be employed in order to comply with the law of the country in which the exposing of the film or the recording of the video tape is carried out.(b) with respect to the equipment:(i) it is impracticable to obtain Canadian equipment.(ii) the equipment used is a replacement for Canadian equipment that has become defective during the exposing of the film or the recording of the video tape. or(iii) the equipment used is an aircraft, vessel or a vehicle rented in the country in which the exposing of the film or the recording of the video tape is carried out.;;;;;;;ES;Special classification provisions - non-commercial---Non-commercial film, exposed or processed while a resident is abroad, and one set of prints therefrom, and non-commercial video tape recorded while a resident is abroad, imported by the resident solely for personal use and not for any business or occupational purpose and, on the resident's return to Canada, are in the possession of the resident or form part of the baggage of the resident.Commercial Canadian film, exposed abroad by a Canadian resident using Canadian equipment, not developed or processed except to the extent necessary for testing the quality of the exposed film, and commercial Canadian video tape recorded by a Canadian resident using Canadian equipment, except if:(a) with respect to the resident:(i) it is impracticable to employ a resident in exposing the film or recording the video tape and the person employed is either a technical specialist or the employment is of a casual nature. or (ii) the person is required to be employed in order to comply with the law of the country in which the exposing of the film or the recording of the video tape is carried out.(b) with respect to the equipment:(i) it is impracticable to obtain Canadian equipment.(ii) the equipment used is a replacement for Canadian equipment that has become defective during the exposing of the film or the recording of the video tape. or(iii) the equipment used is an aircraft, vessel or a vehicle rented in the country in which the exposing of the film or the recording of the video tape is carried out.;;;;;;;N/A;;PDR;20240101;99991231;0;0;;;;;;
CA;9832000000;20240101;99991231;EN;Special classification provisions - non-commercial---Coffins or caskets:(a) containing the remains of a person who died abroad. or(b) imported by a funeral director, who does not normally reside in Canada or carry on business in Canada, to transport the remains of a non-resident who died in Canada, where the funeral service and burial or cremation take place outside Canada.;;;;;;;ES;Special classification provisions - non-commercial---Coffins or caskets:(a) containing the remains of a person who died abroad. or(b) imported by a funeral director, who does not normally reside in Canada or carry on business in Canada, to transport the remains of a non-resident who died in Canada, where the funeral service and burial or cremation take place outside Canada.;;;;;;;N/A;;PDR;20240101;99991231;0;0;;;;;;
CA;9833000000;20240101;99991231;EN;Special classification provisions - non-commercial---Representational gifts that are articles presented by a donor acting in the capacity of a Head of State, Head of Government or representative of a government, a public body of a foreign country or a political subdivision thereof, to a donee acting in the capacity of the Governor General, the Prime Minister of Canada, a minister of the Government of Canada, a member of Parliament, a provincial premier or a municipal mayor, in the course of an official visit by the donee outside Canada or presented by a donor in the course of an official visit to Canada.;;;;;;;ES;Special classification provisions - non-commercial---Representational gifts that are articles presented by a donor acting in the capacity of a Head of State, Head of Government or representative of a government, a public body of a foreign country or a political subdivision thereof, to a donee acting in the capacity of the Governor General, the Prime Minister of Canada, a minister of the Government of Canada, a member of Parliament, a provincial premier or a municipal mayor, in the course of an official visit by the donee outside Canada or presented by a donor in the course of an official visit to Canada.;;;;;;;N/A;;PDR;20240101;99991231;0;0;;;;;;
CA;9897000000;20240101;99991231;EN;Special classification provisions - non-commercial---A live specimen of the mongoose family, including Galidia, Galidictis, Mungotictis, Salanoia, Suricata, Herpestes, Helogale, Donogale, Atilax, Mungos, Crossarchus, Liberiictics, Ichneumia, Bdeogale, Rhynchogale, Cynictis, Paracynictis and Cryptoprocta, unless the Minister of Public Safety and Emergency Preparedness is satisfied, in accordance with the written advice of the Canadian Wildlife Service, that the specimen is imported for breeding, study or exhibition purposes, in confinement, by zoological institutions approved by the Canadian Wildlife Service.A live bird of the Starling family (Sturnidae), other than (a) the European Starling (Sturnus vulgaris) and the Chinese Talking or Hill Mynah (Gracula religiosa), or(b) Rothschilds or Bali Mynah (Leucopsar rothschildi) for propagation purposes.Any other non-game bird, other than(a) a domestic bird of a kind kept for food purposes,(b) a bird intended solely for exhibition in a public zoological park, or(c) a bird intended solely to be kept in confinement in a cage or to be used for purposes of public entertainment.Aigrettes, egret plumes or so-called osprey plumes and the feathers, quills, heads, wings, tails, skins, or parts of skins of wild birds, either raw or manufactured, other than(a) the feathers or plumes of ostriches, the plumage of the English pheasant, the Indian peacock, birds imported alive, or of wild birds of groups recognized as game birds in an Act of Parliament or of the legislature of a province relating to game under which an open season is provided, or(b) specimens imported, in accordance with regulations made by the Minister of Public Safety and Emergency Preparedness, for any museum or for scientific or educational purposes.Base or counterfeit coins.Used or second-hand mattresses or materials therefrom, other than(a) mattresses imported under tariff item No. 9805.00.00, 9806.00.00, 9807.00.00, 9808.00.00 or 9810.00.00, or(b) materials from used or second hand mattresses, when imported after having been cleaned and fumigated, in  accordance with regulations made by the Minister of Public Safety and Emergency Preparedness, accompanied by such certificates as are designated by the Minister of Public Safety and Emergency Preparedness.Reprints of Canadian copyrighted works and reprints of British copyrighted works that have been copyrighted in Canada.Goods manufactured or produced wholly or in part by prison labour.Goods mined, manufactured or produced wholly or in part by forced labour.Smoke screen apparatus for use on motor vehicles or on vessels of Chapter 89.Used or second-hand motor vehicles of all kinds, manufactured prior to the calendar year in which importation into Canada is sought to be made, other than motor vehicles(a) imported under tariff item No. 9801.10.10, 9801.10.20, 9801.10.30, 9807.00.00, 9808.00.00 or 9810.00.00,(b) imported by a settler on the settler's first arrival but not entitled to be classified under tariff item No. 9807.00.00,(c) forfeited or confiscated for any offence under the Customs laws, or the laws of any province of Canada,(d) left by bequest,(e) imported from the United States,(f) imported from Mexico(i) in the 2009 or 2010 calendar year, if the motor vehicles are not less than ten years old,(ii) in the 2011 or 2012 calendar year, if the motor vehicles are not less than eight years old,(iii) in the 2013 or 2014 calendar year, if the motor vehicles are not less than six years old,(iv) in the 2015 or 2016 calendar year, if the motor vehicles are not less than four years old,(v) in the 2017 or 2018 calendar year, if the motor vehicles are not less than two years old, or(vi) on or after January 1, 2019.Used or second-hand aircraft of all kinds, other than aircraft(a) classified under tariff item No. 9803.00.00 or 9810.00.00, civil aircraft of heading 88.01 or 88.02, or aircraft engaged solely in international traffic,(b) forfeited or confiscated for any offence under any Act of Parliament relating to customs, th;;;;;;;ES;Special classification provisions - non-commercial---A live specimen of the mongoose family, including Galidia, Galidictis, Mungotictis, Salanoia, Suricata, Herpestes, Helogale, Donogale, Atilax, Mungos, Crossarchus, Liberiictics, Ichneumia, Bdeogale, Rhynchogale, Cynictis, Paracynictis and Cryptoprocta, unless the Minister of Public Safety and Emergency Preparedness is satisfied, in accordance with the written advice of the Canadian Wildlife Service, that the specimen is imported for breeding, study or exhibition purposes, in confinement, by zoological institutions approved by the Canadian Wildlife Service.A live bird of the Starling family (Sturnidae), other than (a) the European Starling (Sturnus vulgaris) and the Chinese Talking or Hill Mynah (Gracula religiosa), or(b) Rothschilds or Bali Mynah (Leucopsar rothschildi) for propagation purposes.Any other non-game bird, other than(a) a domestic bird of a kind kept for food purposes,(b) a bird intended solely for exhibition in a public zoological park, or(c) a bird intended solely to be kept in confinement in a cage or to be used for purposes of public entertainment.Aigrettes, egret plumes or so-called osprey plumes and the feathers, quills, heads, wings, tails, skins, or parts of skins of wild birds, either raw or manufactured, other than(a) the feathers or plumes of ostriches, the plumage of the English pheasant, the Indian peacock, birds imported alive, or of wild birds of groups recognized as game birds in an Act of Parliament or of the legislature of a province relating to game under which an open season is provided, or(b) specimens imported, in accordance with regulations made by the Minister of Public Safety and Emergency Preparedness, for any museum or for scientific or educational purposes.Base or counterfeit coins.Used or second-hand mattresses or materials therefrom, other than(a) mattresses imported under tariff item No. 9805.00.00, 9806.00.00, 9807.00.00, 9808.00.00 or 9810.00.00, or(b) materials from used or second hand mattresses, when imported after having been cleaned and fumigated, in  accordance with regulations made by the Minister of Public Safety and Emergency Preparedness, accompanied by such certificates as are designated by the Minister of Public Safety and Emergency Preparedness.Reprints of Canadian copyrighted works and reprints of British copyrighted works that have been copyrighted in Canada.Goods manufactured or produced wholly or in part by prison labour.Goods mined, manufactured or produced wholly or in part by forced labour.Smoke screen apparatus for use on motor vehicles or on vessels of Chapter 89.Used or second-hand motor vehicles of all kinds, manufactured prior to the calendar year in which importation into Canada is sought to be made, other than motor vehicles(a) imported under tariff item No. 9801.10.10, 9801.10.20, 9801.10.30, 9807.00.00, 9808.00.00 or 9810.00.00,(b) imported by a settler on the settler's first arrival but not entitled to be classified under tariff item No. 9807.00.00,(c) forfeited or confiscated for any offence under the Customs laws, or the laws of any province of Canada,(d) left by bequest,(e) imported from the United States,(f) imported from Mexico(i) in the 2009 or 2010 calendar year, if the motor vehicles are not less than ten years old,(ii) in the 2011 or 2012 calendar year, if the motor vehicles are not less than eight years old,(iii) in the 2013 or 2014 calendar year, if the motor vehicles are not less than six years old,(iv) in the 2015 or 2016 calendar year, if the motor vehicles are not less than four years old,(v) in the 2017 or 2018 calendar year, if the motor vehicles are not less than two years old, or(vi) on or after January 1, 2019.Used or second-hand aircraft of all kinds, other than aircraft(a) classified under tariff item No. 9803.00.00 or 9810.00.00, civil aircraft of heading 88.01 or 88.02, or aircraft engaged solely in international traffic,(b) forfeited or confiscated for any offence under any Act of Parliament relating to customs, th;;;;;;;N/A;;PDR;20240101;99991231;0;0;;;;;;
CA;9898000000;20240101;99991231;EN;"Special classification provisions - non-commercial---Firearms, prohibited weapons, restricted weapons, prohibited devices, prohibited ammunition and components or parts designed exclusively for use in the manufacture of or assembly into automatic firearms, in this tariff item referred to as prohibited goods, but does not include the following:(a) prohibited goods imported by(i) a public officer in the course of the public officer's duties or employment,(ii) an individual on behalf of and under the authority of a police force, the Canadian Forces, a visiting force or a department of the Government of Canada or of a province, or(iii) a non-resident or an individual belonging to a class of non-residents who, at the time of importation, has the benefit of an exemption under subsection 97 (1) or (2) of the Firearms Act.(b) prohibited goods imported by a business that holds a licence authorizing it to acquire and possess those goods, or prohibited goods that are being shipped in transit through Canada by a business that does not carry on business in Canada.(c) prohibited goods, or any class of prohibited goods, that, under regulations made by the Governor in Council, are exempted from the provisions of this tariff item.(d) any weapon that, under subsection 84(3) of the Criminal Code, is deemed not to be a firearm.(e) any firearm, other than a restricted firearm or a prohibited firearm, imported by(i) a non-resident who meets the requirements of section 35 of the Firearms Act or who holds a licence to acquire and possess that kind of firearm,(ii) an individual who holds a licence to acquire and possess that kind of firearm, who is a resident of Canada and who acquired the firearm outside Canada, or(iii) an individual who is a resident of Canada and who did not acquire the firearm outside Canada.(f) any restricted firearm imported by.(i) a non-resident who meets the requirements of section 35 of the Firearms Act or who holds a licence to acquire and possess that kind of firearm and an authorization to transport,(ii) an individual who holds a licence to acquire and possess that kind of firearm and an authorization to transport, who is a resident of Canada and who acquired the firearm outside Canada, or(iii) an individual who is a resident of Canada, who holds an authorization to transport and who did not acquire the firearm outside Canada.(g) any prohibited firearm, imported by an individual who is a resident of Canada, who holds an authorization to transport and who did not acquired the firearm outside Canada.(h) arms, ammunition, implements or munitions of war, army, naval or air stores and any articles deemed capable of being converted into any such things or made useful in the production of any such things, imported with a permit issued under section 8 of the Export and Import Permits Act.(i) arms, military stores, munitions of war and other goods eligible for entry under tariff item No. 9810.00.00 or 9811.00.00. and(j) arms, military stores, munitions of war, or classes thereof, that under regulations made by the Governor in Council, are exempted from the provisions of this tariff item.For the purposes of this tariff item,(a) ""firearms"" and ""weapon"" have the same meaning as in section 2 of the Criminal Code.(b) ""automatic firearm"", ""licence"", ""prohibited ammunition"", ""prohibited device"", ""prohibited firearm"", prohibited weapon, restricted firearm and ""restricted weapon"" have the same meanings as in subsection 84(1) of the Criminal Code.(c) ""public officer"" has the same meaning as in subsection 117.07(2) of the Criminal Code.(d) ""authorization to transport"", ""business"", ""carrier"" and ""non-resident"" have the same meanings as in subsection 2(1) of the Firearms Act. and(e) ""visiting force"" has the same meaning as in section 2 of the Visiting Forces Act.";;;;;;;ES;"Special classification provisions - non-commercial---Firearms, prohibited weapons, restricted weapons, prohibited devices, prohibited ammunition and components or parts designed exclusively for use in the manufacture of or assembly into automatic firearms, in this tariff item referred to as prohibited goods, but does not include the following:(a) prohibited goods imported by(i) a public officer in the course of the public officer's duties or employment,(ii) an individual on behalf of and under the authority of a police force, the Canadian Forces, a visiting force or a department of the Government of Canada or of a province, or(iii) a non-resident or an individual belonging to a class of non-residents who, at the time of importation, has the benefit of an exemption under subsection 97 (1) or (2) of the Firearms Act.(b) prohibited goods imported by a business that holds a licence authorizing it to acquire and possess those goods, or prohibited goods that are being shipped in transit through Canada by a business that does not carry on business in Canada.(c) prohibited goods, or any class of prohibited goods, that, under regulations made by the Governor in Council, are exempted from the provisions of this tariff item.(d) any weapon that, under subsection 84(3) of the Criminal Code, is deemed not to be a firearm.(e) any firearm, other than a restricted firearm or a prohibited firearm, imported by(i) a non-resident who meets the requirements of section 35 of the Firearms Act or who holds a licence to acquire and possess that kind of firearm,(ii) an individual who holds a licence to acquire and possess that kind of firearm, who is a resident of Canada and who acquired the firearm outside Canada, or(iii) an individual who is a resident of Canada and who did not acquire the firearm outside Canada.(f) any restricted firearm imported by.(i) a non-resident who meets the requirements of section 35 of the Firearms Act or who holds a licence to acquire and possess that kind of firearm and an authorization to transport,(ii) an individual who holds a licence to acquire and possess that kind of firearm and an authorization to transport, who is a resident of Canada and who acquired the firearm outside Canada, or(iii) an individual who is a resident of Canada, who holds an authorization to transport and who did not acquire the firearm outside Canada.(g) any prohibited firearm, imported by an individual who is a resident of Canada, who holds an authorization to transport and who did not acquired the firearm outside Canada.(h) arms, ammunition, implements or munitions of war, army, naval or air stores and any articles deemed capable of being converted into any such things or made useful in the production of any such things, imported with a permit issued under section 8 of the Export and Import Permits Act.(i) arms, military stores, munitions of war and other goods eligible for entry under tariff item No. 9810.00.00 or 9811.00.00. and(j) arms, military stores, munitions of war, or classes thereof, that under regulations made by the Governor in Council, are exempted from the provisions of this tariff item.For the purposes of this tariff item,(a) ""firearms"" and ""weapon"" have the same meaning as in section 2 of the Criminal Code.(b) ""automatic firearm"", ""licence"", ""prohibited ammunition"", ""prohibited device"", ""prohibited firearm"", prohibited weapon, restricted firearm and ""restricted weapon"" have the same meanings as in subsection 84(1) of the Criminal Code.(c) ""public officer"" has the same meaning as in subsection 117.07(2) of the Criminal Code.(d) ""authorization to transport"", ""business"", ""carrier"" and ""non-resident"" have the same meanings as in subsection 2(1) of the Firearms Act. and(e) ""visiting force"" has the same meaning as in section 2 of the Visiting Forces Act.";;;;;;;N/A;;PDR;20240101;99991231;0;0;;;;;;
CA;9899000000;20240101;99991231;EN;Special classification provisions - non-commercial---Books, printed paper, drawings, paintings, prints, photographs or representations of any kind that(a) are deemed to be obscene under subsection 163(8) of the Criminal Code,(b) constitute hate propaganda within the meaning of subsection 320(8) of the Criminal Code,(c) are of a treasonable character within the meaning of section 46 of the Criminal Code, or(d) are of a seditious character within the meaning of sections 59 and 60 of the Criminal Code.Posters and handbills depicting scenes of crime or violence. orPhotographic, film, video or other visual representations, including those made by mechanical or electronic means, or written material, that are child pornography within the meaning of section 163.1 of the Criminal Code.                                                                                                                                                                        .;;;;;;;ES;Special classification provisions - non-commercial---Books, printed paper, drawings, paintings, prints, photographs or representations of any kind that(a) are deemed to be obscene under subsection 163(8) of the Criminal Code,(b) constitute hate propaganda within the meaning of subsection 320(8) of the Criminal Code,(c) are of a treasonable character within the meaning of section 46 of the Criminal Code, or(d) are of a seditious character within the meaning of sections 59 and 60 of the Criminal Code.Posters and handbills depicting scenes of crime or violence. orPhotographic, film, video or other visual representations, including those made by mechanical or electronic means, or written material, that are child pornography within the meaning of section 163.1 of the Criminal Code.                                                                                                                                                                        .;;;;;;;N/A;;PDR;20240101;99991231;0;0;;;;;;
CA;99010000;20240101;99991231;EN;Special classification provisions - commercial---Articles and materials for use in the manufacture or repair of the following to be employed in commercial fishing or the commercial harvesting of marine plants:Artificial bait.Carapace measures.Cordage, fishing lines (including marlines), rope and twine, of a circumference not exceeding 38 mm.Devices for keeping nets open.Fish hooks.Fishing nets and netting.Jiggers.Line floats.Lobster traps.Lures.Marker buoys of any material excluding wood.Net floats.Scallop drag nets.Spat collectors and collector holders.Swivels.;;;;;;;ES;Special classification provisions - commercial---Articles and materials for use in the manufacture or repair of the following to be employed in commercial fishing or the commercial harvesting of marine plants:Artificial bait.Carapace measures.Cordage, fishing lines (including marlines), rope and twine, of a circumference not exceeding 38 mm.Devices for keeping nets open.Fish hooks.Fishing nets and netting.Jiggers.Line floats.Lobster traps.Lures.Marker buoys of any material excluding wood.Net floats.Scallop drag nets.Spat collectors and collector holders.Swivels.;;;;;;;N/A;;PDR;20240101;99991231;0;0;;;;;;
CA;99030000;20240101;99991231;EN;Special classification provisions - commercial---Articles and materials that enter into the cost of manufacture or repair of the following, and articles for use in the following:Agricultural or horticultural elevators or conveyors.Agricultural or horticultural machinery for soil preparation or cultivation, including domestic rotary tillers and lawn or sports-ground rollers, and pneumatic tires and inner tubes for use therewith.Agricultural or horticultural machines for cleaning, sorting or grading seed, grain or dried leguminous vegetables.Agricultural or horticultural machines of heading 84.33, not including mowers for lawns, parks or sports-grounds, and pneumatic tires and inner tubes for use therewith.Agricultural or horticultural machines of heading 84.36.Agricultural or horticultural mechanical appliances (whether or not hand-operated) for projecting, dispersing or spraying liquids or powders, parts thereof and pneumatic tires and inner tubes for use therewith.Air heaters and parts thereof, for orchards.Apparatus for sterilizing bulbs.Apparatus for the destruction of predatory animals by the discharge of poisonous cartridges, and poisonous cartridges therefor.Automatic bale stacking wagons, grain carts and silage wagons, and parts thereof.Automatic explosive bird-scaring devices and twin-shot cartridges therefore.Binder or baler twine of polyethylene, polypropylene, sisal or other textile fibres of the genus Agave.Carbon dioxide generators and parts thereof, to be employed in controlling the atmosphere in greenhouses or in storage plants for fresh fruit or fresh vegetables.Centrifuges for testing butterfat, milk or cream.Clippers for animals and for use on the farm.Combination excavating and transporting scrapers for use on the farm, and pneumatic tires and inner tubes for use therewith.Combination machinery for bagging or boxing and weighing, or machinery for filling, for use with fresh fruit or vegetables.Cream separators.Egg cooling cabinets and furniture therefor.Electrical bird-scaring devices which produce sounds simulating natural alarm cries of birds, not including recorders or reproducers using magnetic tape.Fanning mills.Farm or logging wagons or sleds.Forage boxes for self-loading or self-unloading trailers and semi-trailers for agricultural purposes.Front-end loader attachments or snow-blowers for tractors, for use on the farm.Fuel tanks, engines, generators, electric accumulators, switchboards and panels, and parts thereof, all for generating electricity for agricultural or horticultural purposes.Generating sets for use on the farm for farm purposes only.Grain or hay dryers.Grain roasters.Gravity discharge boxes for farm wagons.Header or swather transporters and parts thereof.Hitches and couplings for use on the farm.Hydraulic hoists for unloading vehicles, for use on the farm.Instruments, appliances and machines designed for measuring the moisture content of agricultural produce.Levellers for use on the farm and pneumatic tires and inner tubes for use therewith.Machinery for bunching or tying cut flowers, vegetables or nursery stock.Machinery for filling bottles, for use in the beverage industry.Machinery for packing fresh fruit or vegetables from the dumper, feed table, bin or hopper stage to the box or bag closing stage.Machinery for power filling, for use in the dairy industry.Milk coolers and furniture therefor.Milking machines.Plucking, scalding, washing, singeing or eviscerating machinery to be employed in the preparation of poultry.Post hole diggers.Pressure testing apparatus for determining the maturity of fruit.Pruning shears or hooks.Spraying lorries (spraying trucks) for spreading dry or liquid fertilizer or sludge for agricultural use, and pneumatic tires and inner tubes for use therewith.Sprinkle or trickle irrigation systems and parts thereof, for use on the farm or in greenhouses.Steel stanchions for confining livestock either in pens or individually.Traction ditching machines (not being ploughs) and buckets, shovels, grabs, gri;;;;;;;ES;Special classification provisions - commercial---Articles and materials that enter into the cost of manufacture or repair of the following, and articles for use in the following:Agricultural or horticultural elevators or conveyors.Agricultural or horticultural machinery for soil preparation or cultivation, including domestic rotary tillers and lawn or sports-ground rollers, and pneumatic tires and inner tubes for use therewith.Agricultural or horticultural machines for cleaning, sorting or grading seed, grain or dried leguminous vegetables.Agricultural or horticultural machines of heading 84.33, not including mowers for lawns, parks or sports-grounds, and pneumatic tires and inner tubes for use therewith.Agricultural or horticultural machines of heading 84.36.Agricultural or horticultural mechanical appliances (whether or not hand-operated) for projecting, dispersing or spraying liquids or powders, parts thereof and pneumatic tires and inner tubes for use therewith.Air heaters and parts thereof, for orchards.Apparatus for sterilizing bulbs.Apparatus for the destruction of predatory animals by the discharge of poisonous cartridges, and poisonous cartridges therefor.Automatic bale stacking wagons, grain carts and silage wagons, and parts thereof.Automatic explosive bird-scaring devices and twin-shot cartridges therefore.Binder or baler twine of polyethylene, polypropylene, sisal or other textile fibres of the genus Agave.Carbon dioxide generators and parts thereof, to be employed in controlling the atmosphere in greenhouses or in storage plants for fresh fruit or fresh vegetables.Centrifuges for testing butterfat, milk or cream.Clippers for animals and for use on the farm.Combination excavating and transporting scrapers for use on the farm, and pneumatic tires and inner tubes for use therewith.Combination machinery for bagging or boxing and weighing, or machinery for filling, for use with fresh fruit or vegetables.Cream separators.Egg cooling cabinets and furniture therefor.Electrical bird-scaring devices which produce sounds simulating natural alarm cries of birds, not including recorders or reproducers using magnetic tape.Fanning mills.Farm or logging wagons or sleds.Forage boxes for self-loading or self-unloading trailers and semi-trailers for agricultural purposes.Front-end loader attachments or snow-blowers for tractors, for use on the farm.Fuel tanks, engines, generators, electric accumulators, switchboards and panels, and parts thereof, all for generating electricity for agricultural or horticultural purposes.Generating sets for use on the farm for farm purposes only.Grain or hay dryers.Grain roasters.Gravity discharge boxes for farm wagons.Header or swather transporters and parts thereof.Hitches and couplings for use on the farm.Hydraulic hoists for unloading vehicles, for use on the farm.Instruments, appliances and machines designed for measuring the moisture content of agricultural produce.Levellers for use on the farm and pneumatic tires and inner tubes for use therewith.Machinery for bunching or tying cut flowers, vegetables or nursery stock.Machinery for filling bottles, for use in the beverage industry.Machinery for packing fresh fruit or vegetables from the dumper, feed table, bin or hopper stage to the box or bag closing stage.Machinery for power filling, for use in the dairy industry.Milk coolers and furniture therefor.Milking machines.Plucking, scalding, washing, singeing or eviscerating machinery to be employed in the preparation of poultry.Post hole diggers.Pressure testing apparatus for determining the maturity of fruit.Pruning shears or hooks.Spraying lorries (spraying trucks) for spreading dry or liquid fertilizer or sludge for agricultural use, and pneumatic tires and inner tubes for use therewith.Sprinkle or trickle irrigation systems and parts thereof, for use on the farm or in greenhouses.Steel stanchions for confining livestock either in pens or individually.Traction ditching machines (not being ploughs) and buckets, shovels, grabs, gri;;;;;;;N/A;;PDR;20240101;99991231;0;0;;;;;;
CA;99040000;20240101;99991231;EN;Special classification provisions - commercial---Kosher goods of heading 22.04 or 22.05 that originate in Israel or another CIFTA beneficiary.;;;;;;;ES;Special classification provisions - commercial---Kosher goods of heading 22.04 or 22.05 that originate in Israel or another CIFTA beneficiary.;;;;;;;N/A;;PDR;20240101;99991231;0;0;;;;;;
CA;99050000;20240101;99991231;EN;Special classification provisions - commercial---The following Passover products for use during the Passover holiday and so marked, imported during the period beginning two months before the eve of the first day of that holiday and ending on the last day of the holiday:Cake mix, pancake mix and baked goods.Canned fish and fish products other than pickled herring.Canned fruits and vegetables.Chocolates, candy and gum (excluding fruit jelly candy and jelly rings, chocolate-covered jellies, chocolate-covered marshmallows, and chocolate-covered orange peels).Dried apples.Grapeseed oil.Jam.Jelly powders and puddings.Juices (except apple juice) and juice blends (not containing apple juice).Matzo and matzo products.Margarine of tariff item No. 1517.10.10, not exceeding 50,000 kg each Passover holiday.Olives.Potato chips.Salad dressings and ketchup.Soups (including borsch) and gravies.Tomato ketchup, paste, purée and sauce.Vegetable shortening. andVinegar.Under this Act, the Governor in Council may amend the above list of products.;;;;;;;ES;Special classification provisions - commercial---The following Passover products for use during the Passover holiday and so marked, imported during the period beginning two months before the eve of the first day of that holiday and ending on the last day of the holiday:Cake mix, pancake mix and baked goods.Canned fish and fish products other than pickled herring.Canned fruits and vegetables.Chocolates, candy and gum (excluding fruit jelly candy and jelly rings, chocolate-covered jellies, chocolate-covered marshmallows, and chocolate-covered orange peels).Dried apples.Grapeseed oil.Jam.Jelly powders and puddings.Juices (except apple juice) and juice blends (not containing apple juice).Matzo and matzo products.Margarine of tariff item No. 1517.10.10, not exceeding 50,000 kg each Passover holiday.Olives.Potato chips.Salad dressings and ketchup.Soups (including borsch) and gravies.Tomato ketchup, paste, purée and sauce.Vegetable shortening. andVinegar.Under this Act, the Governor in Council may amend the above list of products.;;;;;;;N/A;;PDR;20240101;99991231;0;0;;;;;;
CA;99060000;20240101;99991231;EN;Special classification provisions - commercial---Foodstuffs and other consumable goods, other than alcoholic beverages, tobacco products and vaping products, imported for exclusive use in carrying out field studies by an expedition conducted or sponsored by a scientific or cultural organization, an institution of learning or a foreign government, the participants in which are non-residents of Canada and the conductees or sponsors of which have undertaken to make available to the Government of Canada all information obtained in Canada as a result of the expedition's field studies.;;;;;;;ES;Special classification provisions - commercial---Foodstuffs and other consumable goods, other than alcoholic beverages, tobacco products and vaping products, imported for exclusive use in carrying out field studies by an expedition conducted or sponsored by a scientific or cultural organization, an institution of learning or a foreign government, the participants in which are non-residents of Canada and the conductees or sponsors of which have undertaken to make available to the Government of Canada all information obtained in Canada as a result of the expedition's field studies.;;;;;;;N/A;;PDR;20240101;99991231;0;0;;;;;;
CA;99070000;20240101;99991231;EN;Special classification provisions - commercial---Goods of Chapter 20, except tariff item Nos. 2001.10.00, 2001.90.10, 2006.00.10, 2008.60.90, 2008.99.40 and 2008.99.90, to be employed in the processing (other than packaging) of food products or beverages.Goods of tariff item No. 2106.10.00, 2106.90.29 or 2106.90.99 to be employed in the processing (other than packaging) of food products or beverages;;;;;;;ES;Special classification provisions - commercial---Goods of Chapter 20, except tariff item Nos. 2001.10.00, 2001.90.10, 2006.00.10, 2008.60.90, 2008.99.40 and 2008.99.90, to be employed in the processing (other than packaging) of food products or beverages.Goods of tariff item No. 2106.10.00, 2106.90.29 or 2106.90.99 to be employed in the processing (other than packaging) of food products or beverages;;;;;;;N/A;;PDR;20240101;99991231;0;0;;;;;;
CA;99080000;20240101;99991231;EN;Special classification provisions - commercial---Utility vehicles of heading 87.03 and lorries (trucks) or shuttle cars of heading 87.04, for use underground in mining or in developing mineral deposits.Articles (excluding tires and inner tubes) for use in the foregoing equipment, or for use in loading machinery for loading coal or for loading minerals directly from the working face of a mine, or for use in extracting machinery for extracting minerals directly from the working face of a mine.;;;;;;;ES;Special classification provisions - commercial---Utility vehicles of heading 87.03 and lorries (trucks) or shuttle cars of heading 87.04, for use underground in mining or in developing mineral deposits.Articles (excluding tires and inner tubes) for use in the foregoing equipment, or for use in loading machinery for loading coal or for loading minerals directly from the working face of a mine, or for use in extracting machinery for extracting minerals directly from the working face of a mine.;;;;;;;N/A;;PDR;20240101;99991231;0;0;;;;;;
CA;99090000;20240101;99991231;EN;Special classification provisions - commercial---Well logging machinery or apparatus and seismic instruments, and parts thereof, to be employed in the exploration, discovery, development, maintenance, testing, depletion or production of oil or natural gas wells or for use in drilling machinery to be employed in the exploration, discovery, development or operation of potash or rock salt deposits, excluding the motor vehicle chassis portion and parts thereof of special purpose motor vehicles of heading 87.05, all other motor vehicles of Chapter 87 and geophysical instruments of heading 90.15.;;;;;;;ES;Special classification provisions - commercial---Well logging machinery or apparatus and seismic instruments, and parts thereof, to be employed in the exploration, discovery, development, maintenance, testing, depletion or production of oil or natural gas wells or for use in drilling machinery to be employed in the exploration, discovery, development or operation of potash or rock salt deposits, excluding the motor vehicle chassis portion and parts thereof of special purpose motor vehicles of heading 87.05, all other motor vehicles of Chapter 87 and geophysical instruments of heading 90.15.;;;;;;;N/A;;PDR;20240101;99991231;0;0;;;;;;
CA;99100000;20240101;99991231;EN;Special classification provisions - commercial---Materials for use in the manufacture of goods of Section XVI, of Chapter 40, 73 or 90, or of heading 59.10 or 87.05 (excluding the motor vehicle chassis portion and parts thereof), such goods being used in the exploration, discovery, development, maintenance, testing, depletion or production of oil or natural gas wells up to and including the wellhead assembly or surface oil pumping unit.;;;;;;;ES;Special classification provisions - commercial---Materials for use in the manufacture of goods of Section XVI, of Chapter 40, 73 or 90, or of heading 59.10 or 87.05 (excluding the motor vehicle chassis portion and parts thereof), such goods being used in the exploration, discovery, development, maintenance, testing, depletion or production of oil or natural gas wells up to and including the wellhead assembly or surface oil pumping unit.;;;;;;;N/A;;PDR;20240101;99991231;0;0;;;;;;
CA;99130000;20240101;99991231;EN;Special classification provisions - commercial---The following pharmaceutical ingredients. salts, esters or hydrates thereof when of the same subheading as the ingredient from which they are derived and when described by any of the prefixes or suffixes at the end of the following list of ingredients:Abacavir, Abafungin, Abamectin, Abanoquil, Abaperidone, Abarelix, Abatacept, Abciximab, Abecarnil, Abetimus, Abiraterone, Abitesartan, Ablukast, Abrineurin, Abunidazole, Acadesine, Acamprosate, Acaprazine, Acarbose, Acebrochol, Aceburic acid, Acebutolol, Acecainide, Acecarbromal, Aceclidine, Aceclofenac, Acedapsone, Acediasulfone sodium, Acedoben, Acefluranol, Acefurtiamine, Acefylline clofibrol, Acefylline piperazine, Aceglatone, Aceglutamide, Acemannan, Acemetacin, Aceneuramic acid, Acenocoumarol, Aceperone, Acepromazine, Aceprometazine, Acequinoline, Acesulfame, Acetaminosalol, Acetarsol, Acetazolamide, Acetergamine, Acetiamine, Acetiromate, Acetohexamide, Acetohydroxamic acid, Acetophenazine, Acetorphine, Acetryptine, Acetylcholine chloride, Acetylcysteine, Acetyldigitoxin, Acetylleucine, Acetylmethadol, Acevaltrate, Acexamic acid, Aciclovir, Acifran, Acipimox, Acitazanolast, Acitemate, Acitretin, Acivicin, Aclantate, Aclarubicin, Aclatonium napadisilate, Acodazole, Acolbifene, Aconiazide, Acotiamide, Acoxatrine, Acreozast, Acridorex, Acriflavinium chloride, Acrihellin, Acrisorcin, Acrivastine, Acrocinonide, Acronine, Actagardin, Actaplanin, Actarit, Actinoquinol, Actisomide, Actodigin, Adafenoxate, Adalimumab, Adamexine, Adapalene, Adaprolol, Adargileukin alfa, Adatanserin, Adecatumumab, Adefovir, Adekalant, Adelmidrol, Ademetionine, Adenosine phosphate, Adibendan, Adicillin, Adimolol, Adinazolam, Adiphenine, Adipiodone, Aditeren, Aditoprim, Adosopine, Adozelesin, Adrafinil, Adrenalone, Adrogolide, Afalanine, Afeletecan, Afelimomab, Afloqualone, Afovirsen, Afurolol, Agalsidase alfa, Agalsidase beta, Aganodine, Aglepristone, Agomelatine, Aklomide, Alacepril, Alafosfalin, Alagebrium chloride, Alamifovir, Alanine, Alanosine, Alaproclate, Alatrofloxacin, Alazanine triclofenate, Albaconazole, Albendazole, Albendazole oxide, Albifylline, Albutoin, Alclofenac, Alclometasone, Alcloxa, Alcuronium chloride, Aldesulfone sodium, Aldioxa, Aldosterone, Alefacept, Alemcinal, Alemtuzumab, Alendronic acid, Alentemol, Alepride, Alestramustine, Alexidine, Alexitol sodium, Alfacalcidol, Alfadex, Alfadolone, Alfaprostol, Alfatradiol, Alfaxalone, Alfentanil, Alfetamine, Alfimeprase, Alfuzosin, Algeldrate, Algestone, Alglucerase, Alglucosidase alfa, Alibendol, Alicaforsen, Aliconazole, Alifedrine, Aliflurane, Alilusem, Alimadol, Alimemazine, Alinastine, Alinidine, Alipamide, Aliskiren, Alitretinoin, Alizapride, Alletorphine, Allobarbital, Alloclamide, Allocupreide sodium, Allomethadione, Allopurinol, Allylestrenol, Allylprodine, Allylthiourea, Almadrate sulfate, Almagate, Almagodrate, Almasilate, Almecillin, Almestrone, Alminoprofen, Almitrine, Almokalant, Almotriptan, Almoxatone, Almurtide, Alnespirone, Alniditan, Alonacic, Alonimid, Aloracetam, Alosetron, Alovudine, Aloxiprin, Aloxistatin, Alozafone, Alpertine, Alphacetylmethadol, Alphameprodine, Alphamethadol, Alphaprodine, Alpidem, Alpiropride, Alprafenone, Alprazolam, Alprenolol, Alprostadil, Alrestatin, Alsactide, Altanserin, Altapizone, Alteconazole, Alteplase, Altinicline, Altizide, Altoqualine, Altrenogest, Altretamine, Altumomab, Aluminum clofibrate, Alusulf, Alvameline, Alverine, Alvimopan, Alvircept sudotox, Alvocidib, Amadinone, Amafolone, Amanozine, Amantadine, Amantanium bromide, Amantocillin, Ambamustine, Ambasilide, Ambazone, Ambenonium chloride, Ambenoxan, Ambicromil, Ambomycin, Ambrisentan, Ambroxol, Ambruticin, Ambucaine, Ambucetamide, Ambuside, Amcinafal, Amcinafide, Amcinonide, Amdoxovir, Amebucort, Amedalin, Amediplase, Amelometasone, Ameltolide, Amelubant, Amesergide, Ametantrone, Amezepine, Amezinium metilsulfate, Amfebutamone, Amfecloral, Amfenac, Amfepentorex, Amfepramone, Amfetamine, Amfetaminil, Amflutizol;;;;;;;ES;Special classification provisions - commercial---The following pharmaceutical ingredients. salts, esters or hydrates thereof when of the same subheading as the ingredient from which they are derived and when described by any of the prefixes or suffixes at the end of the following list of ingredients:Abacavir, Abafungin, Abamectin, Abanoquil, Abaperidone, Abarelix, Abatacept, Abciximab, Abecarnil, Abetimus, Abiraterone, Abitesartan, Ablukast, Abrineurin, Abunidazole, Acadesine, Acamprosate, Acaprazine, Acarbose, Acebrochol, Aceburic acid, Acebutolol, Acecainide, Acecarbromal, Aceclidine, Aceclofenac, Acedapsone, Acediasulfone sodium, Acedoben, Acefluranol, Acefurtiamine, Acefylline clofibrol, Acefylline piperazine, Aceglatone, Aceglutamide, Acemannan, Acemetacin, Aceneuramic acid, Acenocoumarol, Aceperone, Acepromazine, Aceprometazine, Acequinoline, Acesulfame, Acetaminosalol, Acetarsol, Acetazolamide, Acetergamine, Acetiamine, Acetiromate, Acetohexamide, Acetohydroxamic acid, Acetophenazine, Acetorphine, Acetryptine, Acetylcholine chloride, Acetylcysteine, Acetyldigitoxin, Acetylleucine, Acetylmethadol, Acevaltrate, Acexamic acid, Aciclovir, Acifran, Acipimox, Acitazanolast, Acitemate, Acitretin, Acivicin, Aclantate, Aclarubicin, Aclatonium napadisilate, Acodazole, Acolbifene, Aconiazide, Acotiamide, Acoxatrine, Acreozast, Acridorex, Acriflavinium chloride, Acrihellin, Acrisorcin, Acrivastine, Acrocinonide, Acronine, Actagardin, Actaplanin, Actarit, Actinoquinol, Actisomide, Actodigin, Adafenoxate, Adalimumab, Adamexine, Adapalene, Adaprolol, Adargileukin alfa, Adatanserin, Adecatumumab, Adefovir, Adekalant, Adelmidrol, Ademetionine, Adenosine phosphate, Adibendan, Adicillin, Adimolol, Adinazolam, Adiphenine, Adipiodone, Aditeren, Aditoprim, Adosopine, Adozelesin, Adrafinil, Adrenalone, Adrogolide, Afalanine, Afeletecan, Afelimomab, Afloqualone, Afovirsen, Afurolol, Agalsidase alfa, Agalsidase beta, Aganodine, Aglepristone, Agomelatine, Aklomide, Alacepril, Alafosfalin, Alagebrium chloride, Alamifovir, Alanine, Alanosine, Alaproclate, Alatrofloxacin, Alazanine triclofenate, Albaconazole, Albendazole, Albendazole oxide, Albifylline, Albutoin, Alclofenac, Alclometasone, Alcloxa, Alcuronium chloride, Aldesulfone sodium, Aldioxa, Aldosterone, Alefacept, Alemcinal, Alemtuzumab, Alendronic acid, Alentemol, Alepride, Alestramustine, Alexidine, Alexitol sodium, Alfacalcidol, Alfadex, Alfadolone, Alfaprostol, Alfatradiol, Alfaxalone, Alfentanil, Alfetamine, Alfimeprase, Alfuzosin, Algeldrate, Algestone, Alglucerase, Alglucosidase alfa, Alibendol, Alicaforsen, Aliconazole, Alifedrine, Aliflurane, Alilusem, Alimadol, Alimemazine, Alinastine, Alinidine, Alipamide, Aliskiren, Alitretinoin, Alizapride, Alletorphine, Allobarbital, Alloclamide, Allocupreide sodium, Allomethadione, Allopurinol, Allylestrenol, Allylprodine, Allylthiourea, Almadrate sulfate, Almagate, Almagodrate, Almasilate, Almecillin, Almestrone, Alminoprofen, Almitrine, Almokalant, Almotriptan, Almoxatone, Almurtide, Alnespirone, Alniditan, Alonacic, Alonimid, Aloracetam, Alosetron, Alovudine, Aloxiprin, Aloxistatin, Alozafone, Alpertine, Alphacetylmethadol, Alphameprodine, Alphamethadol, Alphaprodine, Alpidem, Alpiropride, Alprafenone, Alprazolam, Alprenolol, Alprostadil, Alrestatin, Alsactide, Altanserin, Altapizone, Alteconazole, Alteplase, Altinicline, Altizide, Altoqualine, Altrenogest, Altretamine, Altumomab, Aluminum clofibrate, Alusulf, Alvameline, Alverine, Alvimopan, Alvircept sudotox, Alvocidib, Amadinone, Amafolone, Amanozine, Amantadine, Amantanium bromide, Amantocillin, Ambamustine, Ambasilide, Ambazone, Ambenonium chloride, Ambenoxan, Ambicromil, Ambomycin, Ambrisentan, Ambroxol, Ambruticin, Ambucaine, Ambucetamide, Ambuside, Amcinafal, Amcinafide, Amcinonide, Amdoxovir, Amebucort, Amedalin, Amediplase, Amelometasone, Ameltolide, Amelubant, Amesergide, Ametantrone, Amezepine, Amezinium metilsulfate, Amfebutamone, Amfecloral, Amfenac, Amfepentorex, Amfepramone, Amfetamine, Amfetaminil, Amflutizol;;;;;;;N/A;;PDR;20240101;99991231;0;0;;;;;;
CA;99140000;20240101;99991231;EN;Special classification provisions - commercial---(1'R,3R,4R)-4-Acetoxy-3-(1'-tert-butyldimethylsilyloxyethyl)azetidin-2-one.21-Acetoxy-17-alpha-hydroxy-16-beta-methylpregna-1,4-diene-3,20-dione.21-Acetoxy-17-alpha-hydroxy-16-beta-methylpregna-1,4,9-triene-3,20-dione.2-Acetoxymethyl-4-benzyloxybutyl-1-acetate.2-Acetoxymethyl-4-iodobutyl-1-acetate.2-Acetylbenzo[b]thiophene.Acetyldigoxin.1-Acetyl-4-(4-hydroxyphenyl)piperazine.Acetyl-2-phenothiazine.N-Acetylmuramylhydrolase hydrochloride.N-Acetylsulfanilyl chloride.2S-1-(3-Acetylthio-2-methyl-1-oxopropyl)-L-proline.D-(-)-3-Acetylthio-2-methylpropanoic acid.D-(-)-3-Acetylthio-2-methylpropanoyl chloride.L-Alanyl-L-proline.4-Aminobutyric acid.7-Aminocephalosporanic acid.4-Amino-2-chloro-6,7-dimethoxyquinazoline.(+/-)-cis-4-Amino-5-chloro-N-1-[3-(4-fluorophenoxy)propyl]-3-methoxy-4-piperidinyl-2-methoxybenzamide methanol (1:1).4-Amino-5-chloro-2-methoxybenzoic acid.(6R,7R)-7-Amino-3-chloro-8-oxo-5-thia-1-azabicyclo[4.2.0]oct-2-ene-2-carboxylic acid,(4-nitrophenyl)methyl ester.2-[(Aminocarbonyl)oxy]-N,N,N-trimethyl-1-propanaminium chloride.7-Aminodeacetoxycephalosporanic acid.3-(2-Aminoethyl)-N-methyl-1H-indole-5-methanesulphonamide.5-[(2-Aminoethyl)thio]methyl-N,N-dimethyl-2-furan methanamide diamine.4-(2-Aminoethylthiomethyl)-1,3-thiazol-2-ylmethyl dimethylamine, in the form of a solution in toluene.3'-Amino-2'-hydroxyacetophenone hydrochloride.7-Amino-3-methoxymethyl cephalosporanic acid.4-Amino-N-methylbenzenemethanesulphonamide hydrochloride.1-Amino-4-methylpiperazine.D-(-)-threo-2-Amino-3-(4-methylsulfonylphenyl)-1,3-propanediol.D-(-)-threo-2-Amino-3-(4-methylsulfonylphenyl)-1,3-propanediol hydrochloride.7-Amino-3-[(1-methyltetrazol-5-yl)thiomethyl]cephalosporanic acid.(7R)-7-Amino-3-[(5-methyl-1,3,4-thiadiazol-2-yl)thiomethyl]-3-cephem-4-carboxylic acid.(+)-6-Aminopenicillanic acid.2-Aminophenothiazine.(6R,7R)-7-[(R)-2-Aminophenylacetamido]-3-methyl-8-oxa-5-thia-1-azabicyclo [4.2.0]oct-2-ene-2-carboxylic acid disolvate.7-Amino-3-(cis-1-propanyl)ceph-3-emcarboxylic acid.3-Aminopyrrolidine dihydrochloride.N-(2-(4-Aminosulfonyl)phenyl)ethyl-5-chloro-2-methoxy-benzamide.(Z)-2-(2-Aminothiazol-4-yl)-2-methoxyimino acetyl chloride hydrochloride.Ammonium (3R,5R)-7-[(1S,2S 6R,8S,8aR)-8-(2,2-dimethylbutyryloxy)-1,2,6,7,8,8a-hexahydro-2,6-dimethyl-1-naphtyl]-3,5-dihydroxyheptanoate.delta-9,11-Anhydro-16-alpha-methylprednisoloneacetate.L-Asparagine monohydrate.Benzeneacetic acid, alpha-methyl-4-(2 methylpropyl)-(S)-, compound with L-lysine (1:1).2H-1,2-Benzothiazine-3-carboxylic acid,4-hydroxy-2-methyl,ethyl ester,1,1-dioxide.2-(N-Benzyl-N-tert-butylamino)-4'-hydroxy-3'- hydroxymethylacetophenone hydrochloride.N-Benzyl-N-tert-butyl-2-hydroxy-2-(3'-hydroxymethyl-4'-hydroxyphenyl)ethylamine.(1S,2R)-1-Benzyl-3-dimethylamino-2-methyl-1-phenylpropan-1-ol.N-Benzylmethylamine.[(4S,5S)-4-Benzyl-2-oxo-5-oxazolidinyl]methyl p-nitrobenzenesulfonate.N-(Benzyloxycarbonyl)-DL-valine.[1,1'-Biphenyl]-2-carbonitrile, 4'-methyl.1-[alpha,alpha-Bis(4-fluorophenyl)methyl]piperazine.5,5-Bis(4-pyridinylmethyl)-5H-cyclopenta[2,1-b:3,4-b']dipyridine monohydrate.2-Bromo-6-methoxynaphthalene.4-(4-Bromophenyl)-4-piperidinol.2-Butenoic acid,3-amino-,methyl ester.(3S,4aS,8aR)-N-tert-Butyldecahydro-3-isoquinolinecarboxamide.2-Butyl-5-chloro-1H-imidazole-4-carboxaldehyde,.(S)-N-tert-Butyl-1,2,3,4-tetrahydro-3-isoquinolinecarboxamide.tert-Butyl (triphenylphosphoranylidine)acetate.Calcium bromolactobionate.Calcium lactate gluconate.Calcium lactobionate dihydrate.1-Carboethoxymethylpyrrolidin-2-one.(S,S)-N-(1-Carboethoxy-3-phenylpropyl)alanine.N-(N-[(S)-1-Carboxy-3-phenylpropyl]-N'-trifluoroacetyl-L-lysyl)-L-proline ethyl ester.Casanthranol.5-Chloroaniline-2,4-disulfonyl chloride. 4-Chlorobenzenesulphonylurea. 3-[1-(4-Chlorobenzyl)-3-(tert-butylthio)-5-(2-quinolinylmethoxy)indol-2-yl]-2,2-dimethylpropanoic acid sodium salt.m-Chlorobenzyl chloride.1,1'-(4-Chlorobutylidene)bis(4-fluorobenzene).2-Chlorodibenz(b,f)(1,4)oxazepin-11-(10H)-one.2-Chloro-1-(2,4-dichlor;;;;;;;ES;Special classification provisions - commercial---(1'R,3R,4R)-4-Acetoxy-3-(1'-tert-butyldimethylsilyloxyethyl)azetidin-2-one.21-Acetoxy-17-alpha-hydroxy-16-beta-methylpregna-1,4-diene-3,20-dione.21-Acetoxy-17-alpha-hydroxy-16-beta-methylpregna-1,4,9-triene-3,20-dione.2-Acetoxymethyl-4-benzyloxybutyl-1-acetate.2-Acetoxymethyl-4-iodobutyl-1-acetate.2-Acetylbenzo[b]thiophene.Acetyldigoxin.1-Acetyl-4-(4-hydroxyphenyl)piperazine.Acetyl-2-phenothiazine.N-Acetylmuramylhydrolase hydrochloride.N-Acetylsulfanilyl chloride.2S-1-(3-Acetylthio-2-methyl-1-oxopropyl)-L-proline.D-(-)-3-Acetylthio-2-methylpropanoic acid.D-(-)-3-Acetylthio-2-methylpropanoyl chloride.L-Alanyl-L-proline.4-Aminobutyric acid.7-Aminocephalosporanic acid.4-Amino-2-chloro-6,7-dimethoxyquinazoline.(+/-)-cis-4-Amino-5-chloro-N-1-[3-(4-fluorophenoxy)propyl]-3-methoxy-4-piperidinyl-2-methoxybenzamide methanol (1:1).4-Amino-5-chloro-2-methoxybenzoic acid.(6R,7R)-7-Amino-3-chloro-8-oxo-5-thia-1-azabicyclo[4.2.0]oct-2-ene-2-carboxylic acid,(4-nitrophenyl)methyl ester.2-[(Aminocarbonyl)oxy]-N,N,N-trimethyl-1-propanaminium chloride.7-Aminodeacetoxycephalosporanic acid.3-(2-Aminoethyl)-N-methyl-1H-indole-5-methanesulphonamide.5-[(2-Aminoethyl)thio]methyl-N,N-dimethyl-2-furan methanamide diamine.4-(2-Aminoethylthiomethyl)-1,3-thiazol-2-ylmethyl dimethylamine, in the form of a solution in toluene.3'-Amino-2'-hydroxyacetophenone hydrochloride.7-Amino-3-methoxymethyl cephalosporanic acid.4-Amino-N-methylbenzenemethanesulphonamide hydrochloride.1-Amino-4-methylpiperazine.D-(-)-threo-2-Amino-3-(4-methylsulfonylphenyl)-1,3-propanediol.D-(-)-threo-2-Amino-3-(4-methylsulfonylphenyl)-1,3-propanediol hydrochloride.7-Amino-3-[(1-methyltetrazol-5-yl)thiomethyl]cephalosporanic acid.(7R)-7-Amino-3-[(5-methyl-1,3,4-thiadiazol-2-yl)thiomethyl]-3-cephem-4-carboxylic acid.(+)-6-Aminopenicillanic acid.2-Aminophenothiazine.(6R,7R)-7-[(R)-2-Aminophenylacetamido]-3-methyl-8-oxa-5-thia-1-azabicyclo [4.2.0]oct-2-ene-2-carboxylic acid disolvate.7-Amino-3-(cis-1-propanyl)ceph-3-emcarboxylic acid.3-Aminopyrrolidine dihydrochloride.N-(2-(4-Aminosulfonyl)phenyl)ethyl-5-chloro-2-methoxy-benzamide.(Z)-2-(2-Aminothiazol-4-yl)-2-methoxyimino acetyl chloride hydrochloride.Ammonium (3R,5R)-7-[(1S,2S 6R,8S,8aR)-8-(2,2-dimethylbutyryloxy)-1,2,6,7,8,8a-hexahydro-2,6-dimethyl-1-naphtyl]-3,5-dihydroxyheptanoate.delta-9,11-Anhydro-16-alpha-methylprednisoloneacetate.L-Asparagine monohydrate.Benzeneacetic acid, alpha-methyl-4-(2 methylpropyl)-(S)-, compound with L-lysine (1:1).2H-1,2-Benzothiazine-3-carboxylic acid,4-hydroxy-2-methyl,ethyl ester,1,1-dioxide.2-(N-Benzyl-N-tert-butylamino)-4'-hydroxy-3'- hydroxymethylacetophenone hydrochloride.N-Benzyl-N-tert-butyl-2-hydroxy-2-(3'-hydroxymethyl-4'-hydroxyphenyl)ethylamine.(1S,2R)-1-Benzyl-3-dimethylamino-2-methyl-1-phenylpropan-1-ol.N-Benzylmethylamine.[(4S,5S)-4-Benzyl-2-oxo-5-oxazolidinyl]methyl p-nitrobenzenesulfonate.N-(Benzyloxycarbonyl)-DL-valine.[1,1'-Biphenyl]-2-carbonitrile, 4'-methyl.1-[alpha,alpha-Bis(4-fluorophenyl)methyl]piperazine.5,5-Bis(4-pyridinylmethyl)-5H-cyclopenta[2,1-b:3,4-b']dipyridine monohydrate.2-Bromo-6-methoxynaphthalene.4-(4-Bromophenyl)-4-piperidinol.2-Butenoic acid,3-amino-,methyl ester.(3S,4aS,8aR)-N-tert-Butyldecahydro-3-isoquinolinecarboxamide.2-Butyl-5-chloro-1H-imidazole-4-carboxaldehyde,.(S)-N-tert-Butyl-1,2,3,4-tetrahydro-3-isoquinolinecarboxamide.tert-Butyl (triphenylphosphoranylidine)acetate.Calcium bromolactobionate.Calcium lactate gluconate.Calcium lactobionate dihydrate.1-Carboethoxymethylpyrrolidin-2-one.(S,S)-N-(1-Carboethoxy-3-phenylpropyl)alanine.N-(N-[(S)-1-Carboxy-3-phenylpropyl]-N'-trifluoroacetyl-L-lysyl)-L-proline ethyl ester.Casanthranol.5-Chloroaniline-2,4-disulfonyl chloride. 4-Chlorobenzenesulphonylurea. 3-[1-(4-Chlorobenzyl)-3-(tert-butylthio)-5-(2-quinolinylmethoxy)indol-2-yl]-2,2-dimethylpropanoic acid sodium salt.m-Chlorobenzyl chloride.1,1'-(4-Chlorobutylidene)bis(4-fluorobenzene).2-Chlorodibenz(b,f)(1,4)oxazepin-11-(10H)-one.2-Chloro-1-(2,4-dichlor;;;;;;;N/A;;PDR;20240101;99991231;0;0;;;;;;
CA;99170000;20240101;99991231;EN;Special classification provisions - commercial---Goods which enter into the cost of manufacturing fertilizers, and materials for use in the manufacture of such goods.;;;;;;;ES;Special classification provisions - commercial---Goods which enter into the cost of manufacturing fertilizers, and materials for use in the manufacture of such goods.;;;;;;;N/A;;PDR;20240101;99991231;0;0;;;;;;
CA;99180000;20240101;99991231;EN;Special classification provisions - commercial---Volatile oils, of heading 29.09, 29.14, 29.15, 29.18, 29.32, 29.33 or 29.34, or of subheading 2905.19, 2906.29 or 2912.29, to be employed in flavouring or perfuming.;;;;;;;ES;Special classification provisions - commercial---Volatile oils, of heading 29.09, 29.14, 29.15, 29.18, 29.32, 29.33 or 29.34, or of subheading 2905.19, 2906.29 or 2912.29, to be employed in flavouring or perfuming.;;;;;;;N/A;;PDR;20240101;99991231;5;0;;;;;;
CA;99190000;20240101;99991231;EN;Special classification provisions - commercial---Goods of Chapter 28 or 29, in packages of a gross weight exceeding 1.36 kg each, for use as products having the same functions as the goods of heading 38.08.Goods of Chapter 28 or 29 (other than 2,4 dichlorophenoxyacetic acid, 2 methyl-4 chlorophenoxyacetic acid and their esters and amine salts), organic surface-active agents of heading 34.02, and oils of heading 27.10 having a viscosity of 7.44 mm²/sec. or more at 37.8°C, other than white oils, for use in the manufacture of products of heading 38.08 or of goods of Chapter 28 or 29 for use as products having the same functions as the goods of heading 38.08.;;;;;;;ES;Special classification provisions - commercial---Goods of Chapter 28 or 29, in packages of a gross weight exceeding 1.36 kg each, for use as products having the same functions as the goods of heading 38.08.Goods of Chapter 28 or 29 (other than 2,4 dichlorophenoxyacetic acid, 2 methyl-4 chlorophenoxyacetic acid and their esters and amine salts), organic surface-active agents of heading 34.02, and oils of heading 27.10 having a viscosity of 7.44 mm²/sec. or more at 37.8°C, other than white oils, for use in the manufacture of products of heading 38.08 or of goods of Chapter 28 or 29 for use as products having the same functions as the goods of heading 38.08.;;;;;;;N/A;;PDR;20240101;99991231;0;0;;;;;;
CA;99200000;20240101;99991231;EN;Special classification provisions - commercial---Materials for use in the manufacture of adhesive or surgical dressings, plasters, slabs or bandages or of textile fabrics coated with plaster of Paris compound.;;;;;;;ES;Special classification provisions - commercial---Materials for use in the manufacture of adhesive or surgical dressings, plasters, slabs or bandages or of textile fabrics coated with plaster of Paris compound.;;;;;;;N/A;;PDR;20240101;99991231;0;0;;;;;;
CA;99260000;20240101;99991231;EN;Special classification provisions - commercial---Articles and materials for use in the manufacture of lawn mowers powered by reciprocating piston engines.;;;;;;;ES;Special classification provisions - commercial---Articles and materials for use in the manufacture of lawn mowers powered by reciprocating piston engines.;;;;;;;N/A;;PDR;20240101;99991231;0;0;;;;;;
CA;99270000;20240101;99991231;EN;Special classification provisions - commercial---Articles and materials to be employed in the manufacture of the following, for use by printers, lithographers, bookbinders, paper or foil converters, manufacturers of stereotypes, electrotypes or printing plates or rolls, or by manufacturers of articles made from paper, paperboard or foil:Blocks, plates, cylinders and lithographic stones, prepared for printing purposes (for example, planed, grained or polished).Bookbinding machinery, including book-sewing machines.Dryers for paper or paperboard.Machinery, apparatus and equipment (other than machine tools of headings 84.56 to 84.65) for type-founding or type-setting, or for preparing or making printing blocks, plates, cylinders or other printing components.Machinery for making up paper or paperboard, including cutting machines of all kinds but not including machinery for making or finishing paper or paperboard.Machines and mechanical appliances of subheading 8479.89.Offices machines and accessories thereof, other than typewriters and word-processing machines, calculating machines, accounting machines, postage-franking machines, ticket-issuing machines and similar machines incorporating a calculating device, cash registers, automatic data processing machines and units thereof, magnetic or optical readers, machines for transcribing data onto data media in coded form and machines for processing such data, machinery for stitching or stapling of a kind using wire, portable electronic organizers, and accessories thereof.Printing machinery and machines for uses ancillary to printing.Printing type, blocks, plates, cylinders and other printing components.Parts of all the foregoing.;;;;;;;ES;Special classification provisions - commercial---Articles and materials to be employed in the manufacture of the following, for use by printers, lithographers, bookbinders, paper or foil converters, manufacturers of stereotypes, electrotypes or printing plates or rolls, or by manufacturers of articles made from paper, paperboard or foil:Blocks, plates, cylinders and lithographic stones, prepared for printing purposes (for example, planed, grained or polished).Bookbinding machinery, including book-sewing machines.Dryers for paper or paperboard.Machinery, apparatus and equipment (other than machine tools of headings 84.56 to 84.65) for type-founding or type-setting, or for preparing or making printing blocks, plates, cylinders or other printing components.Machinery for making up paper or paperboard, including cutting machines of all kinds but not including machinery for making or finishing paper or paperboard.Machines and mechanical appliances of subheading 8479.89.Offices machines and accessories thereof, other than typewriters and word-processing machines, calculating machines, accounting machines, postage-franking machines, ticket-issuing machines and similar machines incorporating a calculating device, cash registers, automatic data processing machines and units thereof, magnetic or optical readers, machines for transcribing data onto data media in coded form and machines for processing such data, machinery for stitching or stapling of a kind using wire, portable electronic organizers, and accessories thereof.Printing machinery and machines for uses ancillary to printing.Printing type, blocks, plates, cylinders and other printing components.Parts of all the foregoing.;;;;;;;N/A;;PDR;20240101;99991231;0;0;;;;;;
CA;99320000;20240101;99991231;EN;Special classification provisions - commercial---Articles of heading 40.16 (other than cellular rubber, seals or inflatable articles) or goods of heading 48.23, of Section XVI or of Chapter 90, for preparing, manufacturing, testing or finishing yarns, cordage or fabrics made from textile fibres or from paper, to be employed in such processes by manufacturers or by scholastic or charitable institutions.Materials for use in the manufacture of the foregoing articles and goods.;;;;;;;ES;Special classification provisions - commercial---Articles of heading 40.16 (other than cellular rubber, seals or inflatable articles) or goods of heading 48.23, of Section XVI or of Chapter 90, for preparing, manufacturing, testing or finishing yarns, cordage or fabrics made from textile fibres or from paper, to be employed in such processes by manufacturers or by scholastic or charitable institutions.Materials for use in the manufacture of the foregoing articles and goods.;;;;;;;N/A;;PDR;20240101;99991231;0;0;;;;;;
CA;99340000;20240101;99991231;EN;Special classification provisions - commercial---Scarves of textile materials, in rolls, merely needing separation by cutting dividing threads.                                                                                                                                                                                                               .;;;;;;;ES;Special classification provisions - commercial---Scarves of textile materials, in rolls, merely needing separation by cutting dividing threads.                                                                                                                                                                                                               .;;;;;;;N/A;;PDR;20240101;99991231;0;0;;;;;;
CA;99360000;20240101;99991231;EN;Special classification provisions - commercial---Apparel samples (excluding samples of footwear, headwear, handwear, belts, ties, scarves, hosiery or other accessories, unless committed by design to form an integral part of the sample) imported for use in the development of sketches or patterns, or in determining the technical elements of manufacturing apparel, by a person in Canada in the business of designing apparel or fabrics and selling apparel, apparel designs, fabrics or fabric designs, on condition that  (a) the importer specifies the use of the apparel sample at the time of reporting the goods under the Customs Act.  (b) the importer develops the sketches or patterns, or determines the technical elements of manufacturing apparel. and  (c) the apparel sample shall not be exchanged, sold or traded in either the wholesale or retail markets in Canada.;;;;;;;ES;Special classification provisions - commercial---Apparel samples (excluding samples of footwear, headwear, handwear, belts, ties, scarves, hosiery or other accessories, unless committed by design to form an integral part of the sample) imported for use in the development of sketches or patterns, or in determining the technical elements of manufacturing apparel, by a person in Canada in the business of designing apparel or fabrics and selling apparel, apparel designs, fabrics or fabric designs, on condition that  (a) the importer specifies the use of the apparel sample at the time of reporting the goods under the Customs Act.  (b) the importer develops the sketches or patterns, or determines the technical elements of manufacturing apparel. and  (c) the apparel sample shall not be exchanged, sold or traded in either the wholesale or retail markets in Canada.;;;;;;;N/A;;PDR;20240101;99991231;0;0;;;;;;
CA;99370000;20240101;99991231;EN;"Special classification provisions - commercial---Costumes, and parts and accessories thereof, designed or decorated in a manner reflecting a specific ethno-cultural heritage when for the use of an ethno-cultural group that requires the costumes for the public manifestation of its heritage.""Goods"" does not include goods that are sold or otherwise disposed of within 12 months after importation.For the purpose of this tariff item, upon receipt of an application pursuant to section 88 of this Act, the Minister of Public Safety and Emergency Preparedness shall have regard for the following criteria in deciding whether to recognize a group as an ethno-cultural group:  (a) whether the group consists of at least five persons each of whom is at least 18 years of age and is a Canadian citizen or a permanent resident within the meaning of the Immigration Act, 1976. (b) whether the group is a voluntary, non-profit group constituted for the purpose of preserving its ethno-cultural heritage and sharing that heritage with Canadians. and (c) whether the group is supported by, and is a representative of, the ethnic community to which it belongs.";;;;;;;ES;"Special classification provisions - commercial---Costumes, and parts and accessories thereof, designed or decorated in a manner reflecting a specific ethno-cultural heritage when for the use of an ethno-cultural group that requires the costumes for the public manifestation of its heritage.""Goods"" does not include goods that are sold or otherwise disposed of within 12 months after importation.For the purpose of this tariff item, upon receipt of an application pursuant to section 88 of this Act, the Minister of Public Safety and Emergency Preparedness shall have regard for the following criteria in deciding whether to recognize a group as an ethno-cultural group:  (a) whether the group consists of at least five persons each of whom is at least 18 years of age and is a Canadian citizen or a permanent resident within the meaning of the Immigration Act, 1976. (b) whether the group is a voluntary, non-profit group constituted for the purpose of preserving its ethno-cultural heritage and sharing that heritage with Canadians. and (c) whether the group is supported by, and is a representative of, the ethnic community to which it belongs.";;;;;;;N/A;;PDR;20240101;99991231;0;0;;;;;;
CA;99380000;20240101;99991231;EN;Special classification provisions - commercial---Hand-loomed, hand-made or handicraft textile or apparel goods designated by the Minister, when certified by the Government of Mexico, the United States, Chile or Costa Rica or by any authority in Mexico, the United States, Chile or Costa Rica recognized by the Minister of Public Safety and Emergency Preparedness as competent for that purpose, to be:   (a) hand-loomed fabrics of a cottage industry,   (b) hand-made cottage industry goods made of such hand-loomed fabrics,(c) traditional folklore handicraft goods, or (d) indigenous handicraft goods.;;;;;;;ES;Special classification provisions - commercial---Hand-loomed, hand-made or handicraft textile or apparel goods designated by the Minister, when certified by the Government of Mexico, the United States, Chile or Costa Rica or by any authority in Mexico, the United States, Chile or Costa Rica recognized by the Minister of Public Safety and Emergency Preparedness as competent for that purpose, to be:   (a) hand-loomed fabrics of a cottage industry,   (b) hand-made cottage industry goods made of such hand-loomed fabrics,(c) traditional folklore handicraft goods, or (d) indigenous handicraft goods.;;;;;;;N/A;;PDR;20240101;99991231;0;0;;;;;;
CA;99390000;20240101;99991231;EN;Special classification provisions - commercial---Items of official uniform dress or accoutrement, for use by personnel of militia regiments, purchased with regimental funds, that remain the property of the regiments.;;;;;;;ES;Special classification provisions - commercial---Items of official uniform dress or accoutrement, for use by personnel of militia regiments, purchased with regimental funds, that remain the property of the regiments.;;;;;;;N/A;;PDR;20240101;99991231;0;0;;;;;;
CA;99450000;20240101;99991231;EN;Special classification provisions - commercial---Articles and materials, wholly or in chief part of metal, for use in the manufacture of the following:Ball or roller bearings or parts thereof.Boilers or parts thereof.Captive balloons or parts thereof to be employed in logging.Cylinder stave saws or parts thereof to be employed in sawmills.Engines of heading 84.12 or parts thereof.Freight cars, log skidders or motor vehicles for the transport of goods, or parts thereof, to be employed in logging.Internal combustion piston engines or parts thereof, not including outboard motors or engines of a kind used for the propulsion of vehicles of Chapter 87 and parts thereof.Machinery or parts thereof of Chapter 84 to be employed in logging.Nuclear reactors or parts thereof.Sand cast rolls or chilled cast rolls.Saw blades to be employed in logging or in sawmills.Steam turbines or parts thereof.Trailers or parts thereof for self-propelled logging trucks.Wheel type stave jointers, crozing machines or champhering machines, and parts thereof.;;;;;;;ES;Special classification provisions - commercial---Articles and materials, wholly or in chief part of metal, for use in the manufacture of the following:Ball or roller bearings or parts thereof.Boilers or parts thereof.Captive balloons or parts thereof to be employed in logging.Cylinder stave saws or parts thereof to be employed in sawmills.Engines of heading 84.12 or parts thereof.Freight cars, log skidders or motor vehicles for the transport of goods, or parts thereof, to be employed in logging.Internal combustion piston engines or parts thereof, not including outboard motors or engines of a kind used for the propulsion of vehicles of Chapter 87 and parts thereof.Machinery or parts thereof of Chapter 84 to be employed in logging.Nuclear reactors or parts thereof.Sand cast rolls or chilled cast rolls.Saw blades to be employed in logging or in sawmills.Steam turbines or parts thereof.Trailers or parts thereof for self-propelled logging trucks.Wheel type stave jointers, crozing machines or champhering machines, and parts thereof.;;;;;;;N/A;;PDR;20240101;99991231;0;0;;;;;;
CA;99470000;20240101;99991231;EN;Special classification provisions - commercial---Articles and materials for use in the manufacture of diodes, transistors and similar semiconductor devices, photosensitive semiconductor devices (including photovoltaic cells whether or not assembled in modules or made up into panels), light emitting diodes, mounted piezo-electric crystals or electronic integrated circuits and microassemblies.Machinery, apparatus and parts thereof to be employed in designing, developing, testing or manufacturing semiconductor devices, excluding water or waste treatment equipment, reverse osmosis equipment for demineralization or deionization of water, laminar flow clean air work stations, fume hoods, clean rooms, high efficiency particulate air filter modules, laminar flow modules, electronic work tables, room pressurization or air flow monitors, acrylic storage boxes, and parts of the foregoing.;;;;;;;ES;Special classification provisions - commercial---Articles and materials for use in the manufacture of diodes, transistors and similar semiconductor devices, photosensitive semiconductor devices (including photovoltaic cells whether or not assembled in modules or made up into panels), light emitting diodes, mounted piezo-electric crystals or electronic integrated circuits and microassemblies.Machinery, apparatus and parts thereof to be employed in designing, developing, testing or manufacturing semiconductor devices, excluding water or waste treatment equipment, reverse osmosis equipment for demineralization or deionization of water, laminar flow clean air work stations, fume hoods, clean rooms, high efficiency particulate air filter modules, laminar flow modules, electronic work tables, room pressurization or air flow monitors, acrylic storage boxes, and parts of the foregoing.;;;;;;;N/A;;PDR;20240101;99991231;0;0;;;;;;
CA;99480000;20240101;99991231;EN;Special classification provisions - commercial---Articles for use in the following:Automatic banknote dispensers.Goods of heading 84.71.Automatic word-processing machines.Chart recorders and other instruments for measuring or checking electrical quantities, designed for use with automatic data processing machines.Electronic calculating machines.Magnetic discs.Numerical control panels with built-in automatic data processing machines.Power supplies of automatic data processing machines, and units thereof, of heading 84.71.Process control apparatus, excluding sensors, which converts analog signals from or to digital signals.Video games used with a television receiver, and other electronic games.Parts and accessories of the foregoing.                                                                                                                                                          .;;;;;;;ES;Special classification provisions - commercial---Articles for use in the following:Automatic banknote dispensers.Goods of heading 84.71.Automatic word-processing machines.Chart recorders and other instruments for measuring or checking electrical quantities, designed for use with automatic data processing machines.Electronic calculating machines.Magnetic discs.Numerical control panels with built-in automatic data processing machines.Power supplies of automatic data processing machines, and units thereof, of heading 84.71.Process control apparatus, excluding sensors, which converts analog signals from or to digital signals.Video games used with a television receiver, and other electronic games.Parts and accessories of the foregoing.                                                                                                                                                          .;;;;;;;N/A;;PDR;20240101;99991231;0;0;;;;;;
CA;99490000;20240101;99991231;EN;Special classification provisions - commercial---Articles and materials of Section XV or Chapter 85 and optical fibres, optical fibre bundles and cables, for use in the manufacture of carrier-current communications apparatus for the transmission of audio, supervisory control, telemetry or protection signals over power transmission lines.;;;;;;;ES;Special classification provisions - commercial---Articles and materials of Section XV or Chapter 85 and optical fibres, optical fibre bundles and cables, for use in the manufacture of carrier-current communications apparatus for the transmission of audio, supervisory control, telemetry or protection signals over power transmission lines.;;;;;;;N/A;;PDR;20240101;99991231;0;0;;;;;;
CA;99500000;20240101;99991231;EN;Special classification provisions - commercial---Satellites and satellite subsystems imported for the purpose of being tested.Articles and materials employed in the development, design, manufacture, testing, repair, modification or maintenance of satellites, satellite subsystems, space stations, space vehicles or other equipment to be employed in the upper atmosphere or in space.Ground support and monitoring equipment for use with the foregoing.;;;;;;;ES;Special classification provisions - commercial---Satellites and satellite subsystems imported for the purpose of being tested.Articles and materials employed in the development, design, manufacture, testing, repair, modification or maintenance of satellites, satellite subsystems, space stations, space vehicles or other equipment to be employed in the upper atmosphere or in space.Ground support and monitoring equipment for use with the foregoing.;;;;;;;N/A;;PDR;20240101;99991231;0;0;;;;;;
CA;99520000;20240101;99991231;EN;Special classification provisions - commercial---Articles and materials, excluding anti-freezing preparations of heading 38.20 and goods of Chapter 40, for use in the manufacture of original equipment parts for all-terrain vehicles not exceeding a gross vehicle weight of 680 kg, of subheading 8703.21, and off-highway vehicles not exceeding a gross vehicle weight of 1,150 kg, of subheading 8704.21, 8704.31 or 8704.90, or for use as original equipment in the manufacture of such vehicles or chassis therefor.;;;;;;;ES;Special classification provisions - commercial---Articles and materials, excluding anti-freezing preparations of heading 38.20 and goods of Chapter 40, for use in the manufacture of original equipment parts for all-terrain vehicles not exceeding a gross vehicle weight of 680 kg, of subheading 8703.21, and off-highway vehicles not exceeding a gross vehicle weight of 1,150 kg, of subheading 8704.21, 8704.31 or 8704.90, or for use as original equipment in the manufacture of such vehicles or chassis therefor.;;;;;;;N/A;;PDR;20240101;99991231;0;0;;;;;;
CA;99530000;20240101;99991231;EN;Special classification provisions - commercial---Hydraulic equipment and articles for use therein.Articles for use in compression-ignition internal combustion piston engines (diesel or semi-diesel engines).All the foregoing for use in the manufacture of road graders or road scrapers.;;;;;;;ES;Special classification provisions - commercial---Hydraulic equipment and articles for use therein.Articles for use in compression-ignition internal combustion piston engines (diesel or semi-diesel engines).All the foregoing for use in the manufacture of road graders or road scrapers.;;;;;;;N/A;;PDR;20240101;99991231;0;0;;;;;;
CA;99580000;20240101;99991231;EN;Special classification provisions - commercial---Parts, accessories and articles, excluding tires and tubes, for use in the manufacture of original equipment parts for passenger automobiles, trucks or buses, or for use as original equipment in the manufacture of such vehicles or chassis therefor.;;;;;;;ES;Special classification provisions - commercial---Parts, accessories and articles, excluding tires and tubes, for use in the manufacture of original equipment parts for passenger automobiles, trucks or buses, or for use as original equipment in the manufacture of such vehicles or chassis therefor.;;;;;;;N/A;;PDR;20240101;99991231;0;0;;;;;;
CA;99590000;20240101;99991231;EN;Special classification provisions - commercial---Materials of Section III, VI, VII, XI, XIII, XIV or XV or of Chapter 45 or 48, or electric conductors for a voltage exceeding 1,000 V (excluding winding wire and co-axial conductors), for use in the manufacture of passenger automobiles, buses, trucks, ambulances or hearses, or chassis therefor, or parts, accessories or parts thereof, other than rubber tires and inner tubes.;;;;;;;ES;Special classification provisions - commercial---Materials of Section III, VI, VII, XI, XIII, XIV or XV or of Chapter 45 or 48, or electric conductors for a voltage exceeding 1,000 V (excluding winding wire and co-axial conductors), for use in the manufacture of passenger automobiles, buses, trucks, ambulances or hearses, or chassis therefor, or parts, accessories or parts thereof, other than rubber tires and inner tubes.;;;;;;;N/A;;PDR;20240101;99991231;0;0;;;;;;
CA;99600000;20240101;99991231;EN;Special classification provisions - commercial---Machinery, precision instruments and apparatus, including control panels, accessories and attachments for use therewith, and parts of all the foregoing, excluding consumable tools:(a)  for the manufacture of motor vehicles, motor vehicle parts or motor vehicle accessories or parts thereof, or(b) for the manufacture ofi)  dies, jigs, fixtures, moulds or patterns therefor, orii) cutting tools or parts thereof, for use with machines,used in the manufacture of motor vehicles, motor vehicle parts or motor vehicle accessories or parts thereof.Production parts, attachments, accessories, tools, assemblies and subassemblies, and parts of the foregoing, for use in the manufacture of machinery used in motor vehicle production.;;;;;;;ES;Special classification provisions - commercial---Machinery, precision instruments and apparatus, including control panels, accessories and attachments for use therewith, and parts of all the foregoing, excluding consumable tools:(a)  for the manufacture of motor vehicles, motor vehicle parts or motor vehicle accessories or parts thereof, or(b) for the manufacture ofi)  dies, jigs, fixtures, moulds or patterns therefor, orii) cutting tools or parts thereof, for use with machines,used in the manufacture of motor vehicles, motor vehicle parts or motor vehicle accessories or parts thereof.Production parts, attachments, accessories, tools, assemblies and subassemblies, and parts of the foregoing, for use in the manufacture of machinery used in motor vehicle production.;;;;;;;N/A;;PDR;20240101;99991231;0;0;;;;;;
CA;99610000;20240101;99991231;EN;Special classification provisions - commercial---The following for use in the repair of road tractors for semi-trailers, motor vehicles principally designed for the transport of persons or goods, or fire fighting vehicles, and parts thereof:Air compressors.Bushings or sleeve bearings of bronze or powdered metal.Commutator segments of copper.Commutator insulating end rings.Crankshaft thrust collars.Diaphragms for fuel or vacuum pumps.Door bumper shoes.Electric shift control for two speed rear axles.Gasket materials, other than materials of compressed asbestos and combinations of asbestos and synthetic rubber.Graphited or oil impregnated bushings.Helical spring lock washers of steel, of an internal diameter exceeding 38 mm, steel lock washers with internal or external teeth and other metal lock washers, other than of steel.Ignition contact points.Keys for shafting.Lenses of glass for motor vehicle lamps or for light reflectors.Magnetic plugs.Metal frames for convertible soft tops.Permanent mould pistons for brake master cylinders.Propeller shaft tubes of steel bonded by rubber.Rails of lock seam section, corners, locks and catches, and unplated ventilators, of metal other than aluminum, for use in the manufacture of window sashes for bus bodies.Steel formed bottoms, metal grommets (flanges) or rings of steel, copper or brass, and blank layers of steel, for cylinder heads or manifold gaskets.Spring locators, bulkheads, spring retainers and diaphragms for spring brakes.Switches, relays, circuit breakers and solenoids and combinations thereof, including starter switch assemblies, other than automotive turn signal flasher units.Synchronizing cones or blocking rings for transmissions.Tapered discs of hot-rolled steel, with or without centre hole, for disc wheels.Timing gear blanks of laminated composition plastics.Vacuum, hydraulic or air control assemblies, other than assemblies for spring brakes.Parts of the foregoing, other than:Electric weld tubing and double wall copper brazed tubing, of an external diameter not exceeding 9.525 mm and wall thickness not exceeding 0.711 mm, for vacuum, hydraulic or air control assemblies.Hydraulic brake hoses and hydraulic brake locks.Hydraulic gear pumps to operate hoists and other accessories.Manual slack adjusters for air brake systems.Polyamide air brake tubing.;;;;;;;ES;Special classification provisions - commercial---The following for use in the repair of road tractors for semi-trailers, motor vehicles principally designed for the transport of persons or goods, or fire fighting vehicles, and parts thereof:Air compressors.Bushings or sleeve bearings of bronze or powdered metal.Commutator segments of copper.Commutator insulating end rings.Crankshaft thrust collars.Diaphragms for fuel or vacuum pumps.Door bumper shoes.Electric shift control for two speed rear axles.Gasket materials, other than materials of compressed asbestos and combinations of asbestos and synthetic rubber.Graphited or oil impregnated bushings.Helical spring lock washers of steel, of an internal diameter exceeding 38 mm, steel lock washers with internal or external teeth and other metal lock washers, other than of steel.Ignition contact points.Keys for shafting.Lenses of glass for motor vehicle lamps or for light reflectors.Magnetic plugs.Metal frames for convertible soft tops.Permanent mould pistons for brake master cylinders.Propeller shaft tubes of steel bonded by rubber.Rails of lock seam section, corners, locks and catches, and unplated ventilators, of metal other than aluminum, for use in the manufacture of window sashes for bus bodies.Steel formed bottoms, metal grommets (flanges) or rings of steel, copper or brass, and blank layers of steel, for cylinder heads or manifold gaskets.Spring locators, bulkheads, spring retainers and diaphragms for spring brakes.Switches, relays, circuit breakers and solenoids and combinations thereof, including starter switch assemblies, other than automotive turn signal flasher units.Synchronizing cones or blocking rings for transmissions.Tapered discs of hot-rolled steel, with or without centre hole, for disc wheels.Timing gear blanks of laminated composition plastics.Vacuum, hydraulic or air control assemblies, other than assemblies for spring brakes.Parts of the foregoing, other than:Electric weld tubing and double wall copper brazed tubing, of an external diameter not exceeding 9.525 mm and wall thickness not exceeding 0.711 mm, for vacuum, hydraulic or air control assemblies.Hydraulic brake hoses and hydraulic brake locks.Hydraulic gear pumps to operate hoists and other accessories.Manual slack adjusters for air brake systems.Polyamide air brake tubing.;;;;;;;N/A;;PDR;20240101;99991231;0;0;;;;;;
CA;99620000;20240101;99991231;EN;Special classification provisions - commercial---The following for use in the repair of road tractors for semi-trailers, motor vehicles principally designed for the transport of persons or goods, or fire fighting vehicles, and chassis therefor: Ammeters. Arm rests or wheel housing lining of indurated fibre, pressed to  shape, other than for motor vehicles principally designed for the  transport of less than ten persons or of goods. Automatic radiator shutter assemblies. Auxiliary transmission overdrive units and controls therefor. Axle housings, one piece welded. Bearing spring shackles. Carburators. Chassis frames and steel shapes, for the manufacture therefor. Cigar and cigarette lighters, whether or not in combination with a  cigarette holder, including base. Composite frame and floor structure of metal, in the rough. Control ventilator gear box. Cylinder lock barrels, with or without sleeves and keys therefor. Dash heat indicators. Fluid couplings with or without drive plate assemblies. Gasoline, oil or air gauges. Grilles not plated, polished or not before assembly, and parts  thereof not plated or polished after final forming, casting or  piercing, not including finish or decorative mouldings. Hinges for bodies. Horns. Instrument bezel assemblies. Instrument board lamps. Instrument panel, glove compartment, luggage compartment, hood  compartment or door step lamps and wire assemblies. Locks, electric ignition, steering gear, transmission, or  combinations of such locks. Mouldings of metal, with nails or prongs set in position, lead filled  or not. Ornaments or identification plates of metal, unplated, not including  finish or decorative mouldings, other than for past models of motor  vehicles principally designed for the transport of less than ten  persons or of goods. Pipe lines of tubing, rigid, covered or not, with or without fittings,  other than for the motor vehicles principally designed for the  transport of less than ten persons or of goods. Radiator water gauges. Reclining seat mechanisms. Refill end discs for oil filters. Speedometers. Spring covers of metal and closing strips or shapes therefor. Stampings for bodies, cowls, door pillars, fenders, front ends,  hoods, instrument boards, shields or baffles, of plain or coated  metal, in the rough, trimmed or not, whether or not welded in any  manner before final forming or piercing but not metal finished in  any degree, including such stampings incorporating pierce or  clinch nuts, but excluding such stampings for door pillars, shields  and baffles for current models of motor vehicles principally  designed for the transport of less than ten persons or of goods. Steering wheels, rims and spiders therefor, other than for current  models of motor vehicles principally designed for the transport of  less than ten persons or of goods. Sun visor blanks of gypsum weatherboard. Swivel seat mechanisms. Tachometers, with or without tachographs, electric or gear driven. Throttle, spark, choke or hood lock release assemblies. Torque converters. Universal joint ball assemblies, other than cross type. Windshield or window wipers. Parts of the foregoing, other than: Blades and refills for windshield or window wipers of motor  vehicles principally designed for the transport of less than ten  persons or of goods. Sintered powdered metal parts of auxiliary transmission  overdrive units and controls therefor. Speedometer cables and speedometer cable and housing  assemblies. Parts of thermostatic controls, other than power element cups,  guides, pistons, pellets, valves, flanges, top frames, bottom  frames and springs.;;;;;;;ES;Special classification provisions - commercial---The following for use in the repair of road tractors for semi-trailers, motor vehicles principally designed for the transport of persons or goods, or fire fighting vehicles, and chassis therefor: Ammeters. Arm rests or wheel housing lining of indurated fibre, pressed to  shape, other than for motor vehicles principally designed for the  transport of less than ten persons or of goods. Automatic radiator shutter assemblies. Auxiliary transmission overdrive units and controls therefor. Axle housings, one piece welded. Bearing spring shackles. Carburators. Chassis frames and steel shapes, for the manufacture therefor. Cigar and cigarette lighters, whether or not in combination with a  cigarette holder, including base. Composite frame and floor structure of metal, in the rough. Control ventilator gear box. Cylinder lock barrels, with or without sleeves and keys therefor. Dash heat indicators. Fluid couplings with or without drive plate assemblies. Gasoline, oil or air gauges. Grilles not plated, polished or not before assembly, and parts  thereof not plated or polished after final forming, casting or  piercing, not including finish or decorative mouldings. Hinges for bodies. Horns. Instrument bezel assemblies. Instrument board lamps. Instrument panel, glove compartment, luggage compartment, hood  compartment or door step lamps and wire assemblies. Locks, electric ignition, steering gear, transmission, or  combinations of such locks. Mouldings of metal, with nails or prongs set in position, lead filled  or not. Ornaments or identification plates of metal, unplated, not including  finish or decorative mouldings, other than for past models of motor  vehicles principally designed for the transport of less than ten  persons or of goods. Pipe lines of tubing, rigid, covered or not, with or without fittings,  other than for the motor vehicles principally designed for the  transport of less than ten persons or of goods. Radiator water gauges. Reclining seat mechanisms. Refill end discs for oil filters. Speedometers. Spring covers of metal and closing strips or shapes therefor. Stampings for bodies, cowls, door pillars, fenders, front ends,  hoods, instrument boards, shields or baffles, of plain or coated  metal, in the rough, trimmed or not, whether or not welded in any  manner before final forming or piercing but not metal finished in  any degree, including such stampings incorporating pierce or  clinch nuts, but excluding such stampings for door pillars, shields  and baffles for current models of motor vehicles principally  designed for the transport of less than ten persons or of goods. Steering wheels, rims and spiders therefor, other than for current  models of motor vehicles principally designed for the transport of  less than ten persons or of goods. Sun visor blanks of gypsum weatherboard. Swivel seat mechanisms. Tachometers, with or without tachographs, electric or gear driven. Throttle, spark, choke or hood lock release assemblies. Torque converters. Universal joint ball assemblies, other than cross type. Windshield or window wipers. Parts of the foregoing, other than: Blades and refills for windshield or window wipers of motor  vehicles principally designed for the transport of less than ten  persons or of goods. Sintered powdered metal parts of auxiliary transmission  overdrive units and controls therefor. Speedometer cables and speedometer cable and housing  assemblies. Parts of thermostatic controls, other than power element cups,  guides, pistons, pellets, valves, flanges, top frames, bottom  frames and springs.;;;;;;;N/A;;PDR;20240101;99991231;0;0;;;;;;
CA;99630000;20240101;99991231;EN;Special classification provisions - commercial---The following for use in the repair of road tractors for semi-trailers, motor vehicles for the transport of ten or more persons (including the driver), ambulances and hearses, motor vehicles for the transport of goods, or fire fighting vehicles, and chassis therefor, or for use in the manufacture of repair parts thereof:Axles, front and rear.Bell or clutch housings for vehicles having a g.v.w. exceeding 8.845 tonnes.Brakes, other than brakes ranging in size from 381 mm by 76.2 mm to 419.1 mm by 177.8 mm, and air and hydraulic brakes for current model service of vehicles having a capacity not exceeding 1.82 tonnes.Brake drums or linings.Cast aluminum road wheels for tube type tires using rim sizes exceeding 508 mm by 203.2 mm or for tubeless type tires using rim sizes exceeding 571.5 mm by 209.55 mm.Clutches, other than single plated clutches of a diameter not exceeding 330.2 mm.Continuous control or constant velocity half-shaft drive shafts.Hubs.Hydraulic or fluid couplings, other than for motor vehicles for the transport of goods.Internal combustion engines with a piston displacement exceeding 5,703.7 cm³.Linkages and controls for use with clutches, transmission assemblies, power dividers or transfer cases.Magnetos.Power dividers or transfer cases.Rims for pneumatic tires exceeding 508 mm by 190.5 mm for tube type tires, or exceeding 571.5 mm by 171.45 mm for tubeless tires.Steel road wheels of a diameter exceeding 622.3 mm.Steering drag links for vehicles having a g.v.w. of 9.072 tonnes or more.Steering gears.Tandem axle suspensions, excluding springs, other than for current models of motor vehicles for the transport of goods.Transmission assemblies.Parts of the foregoing, other than:Axle housings and sintered powdered metal parts, for transmission  assemblies.Axle shafts for vehicles having a g.v.w. not exceeding 8.845 tonnes.Brake shoe assembly kits.Idler arms, tie rod assemblies and tie rod ends, for steering drag links of vehicles having a g.v.w. exceeding 9.072 tonnes.Timing chains for internal combustion engines with a piston displacement exceeding 5,703.7 cm³.;;;;;;;ES;Special classification provisions - commercial---The following for use in the repair of road tractors for semi-trailers, motor vehicles for the transport of ten or more persons (including the driver), ambulances and hearses, motor vehicles for the transport of goods, or fire fighting vehicles, and chassis therefor, or for use in the manufacture of repair parts thereof:Axles, front and rear.Bell or clutch housings for vehicles having a g.v.w. exceeding 8.845 tonnes.Brakes, other than brakes ranging in size from 381 mm by 76.2 mm to 419.1 mm by 177.8 mm, and air and hydraulic brakes for current model service of vehicles having a capacity not exceeding 1.82 tonnes.Brake drums or linings.Cast aluminum road wheels for tube type tires using rim sizes exceeding 508 mm by 203.2 mm or for tubeless type tires using rim sizes exceeding 571.5 mm by 209.55 mm.Clutches, other than single plated clutches of a diameter not exceeding 330.2 mm.Continuous control or constant velocity half-shaft drive shafts.Hubs.Hydraulic or fluid couplings, other than for motor vehicles for the transport of goods.Internal combustion engines with a piston displacement exceeding 5,703.7 cm³.Linkages and controls for use with clutches, transmission assemblies, power dividers or transfer cases.Magnetos.Power dividers or transfer cases.Rims for pneumatic tires exceeding 508 mm by 190.5 mm for tube type tires, or exceeding 571.5 mm by 171.45 mm for tubeless tires.Steel road wheels of a diameter exceeding 622.3 mm.Steering drag links for vehicles having a g.v.w. of 9.072 tonnes or more.Steering gears.Tandem axle suspensions, excluding springs, other than for current models of motor vehicles for the transport of goods.Transmission assemblies.Parts of the foregoing, other than:Axle housings and sintered powdered metal parts, for transmission  assemblies.Axle shafts for vehicles having a g.v.w. not exceeding 8.845 tonnes.Brake shoe assembly kits.Idler arms, tie rod assemblies and tie rod ends, for steering drag links of vehicles having a g.v.w. exceeding 9.072 tonnes.Timing chains for internal combustion engines with a piston displacement exceeding 5,703.7 cm³.;;;;;;;N/A;;PDR;20240101;99991231;0;0;;;;;;
CA;99640000;20240101;99991231;EN;Special classification provisions - commercial---Articles for use in the manufacture of snowmobiles (other than snowmobiles equipped for special services or functions).;;;;;;;ES;Special classification provisions - commercial---Articles for use in the manufacture of snowmobiles (other than snowmobiles equipped for special services or functions).;;;;;;;N/A;;PDR;20240101;99991231;0;0;;;;;;
CA;99650000;20240101;99991231;EN;Special classification provisions - commercial---Unserviceable vehicle parts for remanufacturing. Articles for use in such remanufacturing.;;;;;;;ES;Special classification provisions - commercial---Unserviceable vehicle parts for remanufacturing. Articles for use in such remanufacturing.;;;;;;;N/A;;PDR;20240101;99991231;0;0;;;;;;
CA;99660000;20240101;99991231;EN;Special classification provisions - commercial---The following vehicles, manufactured more than 25 years prior to the date of importation, and articles for use solely or principally with those vehicles:Road tractors for semi-trailers.Motor vehicles principally designed for the transport of persons or goods (other than vehicles specially designed for travelling on snow, golf cars and similar vehicles, and dumpers designed for off-highway use).Fire fighting vehicles.Motorcycles (including mopeds), cycles fitted with an auxiliary motor, and side cars.;;;;;;;ES;Special classification provisions - commercial---The following vehicles, manufactured more than 25 years prior to the date of importation, and articles for use solely or principally with those vehicles:Road tractors for semi-trailers.Motor vehicles principally designed for the transport of persons or goods (other than vehicles specially designed for travelling on snow, golf cars and similar vehicles, and dumpers designed for off-highway use).Fire fighting vehicles.Motorcycles (including mopeds), cycles fitted with an auxiliary motor, and side cars.;;;;;;;N/A;;PDR;20240101;99991231;0;0;;;;;;
CA;99670000;20240101;99991231;EN;Special classification provisions - commercial---Goods, other than seat covers of textile fabric, for use in aircraft, ground flying trainers, aircraft engines or airborne aircraft equipment, and parts thereof.;;;;;;;ES;Special classification provisions - commercial---Goods, other than seat covers of textile fabric, for use in aircraft, ground flying trainers, aircraft engines or airborne aircraft equipment, and parts thereof.;;;;;;;N/A;;PDR;20240101;99991231;0;0;;;;;;
CA;99680000;20240101;99991231;EN;Special classification provisions - commercial---Goods of Section XV or XVI or of Chapter 15, 25, 28, 32, 34, 37, 38, 39, 40, 48, 68, 69, 90 or 94, for the manufacture, repair, maintenance, rebuilding, modification or conversion of aircraft, ground flying trainers or aircraft engines, and parts thereof.;;;;;;;ES;Special classification provisions - commercial---Goods of Section XV or XVI or of Chapter 15, 25, 28, 32, 34, 37, 38, 39, 40, 48, 68, 69, 90 or 94, for the manufacture, repair, maintenance, rebuilding, modification or conversion of aircraft, ground flying trainers or aircraft engines, and parts thereof.;;;;;;;N/A;;PDR;20240101;99991231;0;0;;;;;;
CA;99690000;20240101;99991231;EN;Special classification provisions - commercial---Goods of base metal, of Section XV, XVI, XVII, XVIII, XIX or XX for use in the construction or equipment of ships, boats or floating structures.;;;;;;;ES;Special classification provisions - commercial---Goods of base metal, of Section XV, XVI, XVII, XVIII, XIX or XX for use in the construction or equipment of ships, boats or floating structures.;;;;;;;N/A;;PDR;20240101;99991231;0;0;;;;;;
CA;99700000;20240101;99991231;EN;Special classification provisions - commercial---Dredges, barges, tugs, scows, motor vessels, materials and supplies, other than items of a personal nature, for use in the maintenance of the navigational channels in the international section of the St. Lawrence Seaway.;;;;;;;ES;Special classification provisions - commercial---Dredges, barges, tugs, scows, motor vessels, materials and supplies, other than items of a personal nature, for use in the maintenance of the navigational channels in the international section of the St. Lawrence Seaway.;;;;;;;N/A;;PDR;20240101;99991231;0;0;;;;;;
CA;99710000;20240101;99991231;EN;Special classification provisions - commercial---Cruise ships, excursion boats, ferry-boats, cargo ships, barges and similar vessels for the transport of persons or goods, of heading 89.01.  Fishing vessels, factory ships and other vessels for processing or preserving fishery products, of a registered length not exceeding 30.5 m, of heading 89.02.  Tugs and pusher craft of heading 89.04.  Light-vessels, fire-floats, dredgers, floating cranes and other vessels the navigability of which is subsidiary to their main function, floating docks or floating or submersible drilling or production platforms of heading 89.05. All the foregoing, regardless of the country of origin or tariff treatment, returned to Canada after having been exported to one of the countries listed below for repair or alteration in that country.  Countries:  Chile Colombia Costa Rica CPTPP CountryCUKTCA beneficiary an EU country or other CETA beneficiary Honduras Iceland Israel or another CIFTA beneficiary Jordan Korea Liechtenstein Mexico Norway Panama Peru Switzerland United States  Note 1: The Canada-European Union Tariff, Iceland Tariff, Korea Tariff, Norway Tariff and Switzerland-Liechtenstein Tariff, United Kingdom Tariff and the CPTPP tariff rate of customs duty applicable to goods classified under this tariff item shall be, in respect of the value of the repair or alteration to the goods carried out only in an EU country or other CETA beneficiary, Iceland, Korea, Norway, Switzerland or Liechtenstein, a CUKTCA beneficiary, or a CPTPP country, respectively, determined under section 87 of this Act, in accordance with their classification in Chapters 1 to 97.;;;;;;;ES;Special classification provisions - commercial---Cruise ships, excursion boats, ferry-boats, cargo ships, barges and similar vessels for the transport of persons or goods, of heading 89.01.  Fishing vessels, factory ships and other vessels for processing or preserving fishery products, of a registered length not exceeding 30.5 m, of heading 89.02.  Tugs and pusher craft of heading 89.04.  Light-vessels, fire-floats, dredgers, floating cranes and other vessels the navigability of which is subsidiary to their main function, floating docks or floating or submersible drilling or production platforms of heading 89.05. All the foregoing, regardless of the country of origin or tariff treatment, returned to Canada after having been exported to one of the countries listed below for repair or alteration in that country.  Countries:  Chile Colombia Costa Rica CPTPP CountryCUKTCA beneficiary an EU country or other CETA beneficiary Honduras Iceland Israel or another CIFTA beneficiary Jordan Korea Liechtenstein Mexico Norway Panama Peru Switzerland United States  Note 1: The Canada-European Union Tariff, Iceland Tariff, Korea Tariff, Norway Tariff and Switzerland-Liechtenstein Tariff, United Kingdom Tariff and the CPTPP tariff rate of customs duty applicable to goods classified under this tariff item shall be, in respect of the value of the repair or alteration to the goods carried out only in an EU country or other CETA beneficiary, Iceland, Korea, Norway, Switzerland or Liechtenstein, a CUKTCA beneficiary, or a CPTPP country, respectively, determined under section 87 of this Act, in accordance with their classification in Chapters 1 to 97.;;;;;;;N/A;;PDR;20240101;99991231;0;0;;;;;;
CA;99720000;20240101;99991231;EN;Special classification provisions - commercial---Articles for use in the manufacture of personal watercraft, of an overall length not exceeding 5 m, inboard, water-jet driven, designed to be operated in a sitting on, standing or kneeling position, rather than sitting in as in conventional vessels.;;;;;;;ES;Special classification provisions - commercial---Articles for use in the manufacture of personal watercraft, of an overall length not exceeding 5 m, inboard, water-jet driven, designed to be operated in a sitting on, standing or kneeling position, rather than sitting in as in conventional vessels.;;;;;;;N/A;;PDR;20240101;99991231;0;0;;;;;;
CA;99730000;20240101;99991231;EN;Special classification provisions - commercial---Articles and materials, excluding anti-freezing preparations of heading 38.20, for use in the manufacture of three-wheeled motorcycles and their trailers.;;;;;;;ES;Special classification provisions - commercial---Articles and materials, excluding anti-freezing preparations of heading 38.20, for use in the manufacture of three-wheeled motorcycles and their trailers.;;;;;;;N/A;;PDR;20240101;99991231;0;0;;;;;;
CA;99740000;20240101;99991231;EN;Special classification provisions - commercial---The following for use in the manufacture of subway cars:Battery boxes.Battery intercells and sensors.Breakers.Cab interiors.Ceiling panels.Connectors.Copper bus bars.Ducting and tubing hoses.End cap assemblies.Floor panels.Gangways.Interior trim.Relays.Stanchions and handholds.Train Information Monitoring System (TIMS);;;;;;;ES;Special classification provisions - commercial---The following for use in the manufacture of subway cars:Battery boxes.Battery intercells and sensors.Breakers.Cab interiors.Ceiling panels.Connectors.Copper bus bars.Ducting and tubing hoses.End cap assemblies.Floor panels.Gangways.Interior trim.Relays.Stanchions and handholds.Train Information Monitoring System (TIMS);;;;;;;N/A;;PDR;20240101;99991231;0;0;;;;;;
CA;99750000;20240101;99991231;EN;Special classification provisions - commercial---The following for use in the manufacture or repair, overhaul or restoration of light rail vehicles, streetcars and subway cars for use by urban transit authorities:Air couplings.Anti vibration mountings.Battery chargers.Draft grease gear.Electrical connectors.Faston connectors.Fuse 170A, 1kV.Mount chevron springs.Nipples.Pantograph containers.Plastic silicon elbow hoses.Plastic trough for laying cables.Positive switching regulators.Rotating hook plate and coupling devices.Screws (M5X20).Steel wheels.Switchgear assemblies.Vehicle batteries.Woven upholstery fabric of subheading 5801.10;;;;;;;ES;Special classification provisions - commercial---The following for use in the manufacture or repair, overhaul or restoration of light rail vehicles, streetcars and subway cars for use by urban transit authorities:Air couplings.Anti vibration mountings.Battery chargers.Draft grease gear.Electrical connectors.Faston connectors.Fuse 170A, 1kV.Mount chevron springs.Nipples.Pantograph containers.Plastic silicon elbow hoses.Plastic trough for laying cables.Positive switching regulators.Rotating hook plate and coupling devices.Screws (M5X20).Steel wheels.Switchgear assemblies.Vehicle batteries.Woven upholstery fabric of subheading 5801.10;;;;;;;N/A;;PDR;20240101;99991231;0;0;;;;;;
CA;99760000;20240101;99991231;EN;Special classification provisions - commercial---Articles and materials, wholly or in chief part of metal, for use in the manufacture of gas turbines or parts thereof.Articles for use in the repair or overhaul of gas turbines or parts thereof;;;;;;;ES;Special classification provisions - commercial---Articles and materials, wholly or in chief part of metal, for use in the manufacture of gas turbines or parts thereof.Articles for use in the repair or overhaul of gas turbines or parts thereof;;;;;;;N/A;;PDR;20240101;99991231;0;0;;;;;;
CA;99770000;20240101;99991231;EN;Special classification provisions - commercial---Articles for use in the following:Apparatus based on the use of X-rays or of alpha, beta or gamma radiations, whether or not for medical, surgical, dental or veterinary uses, including radiography or radiotherapy apparatus, X-ray tubes and other X-ray generators, high tension generators, control panels and desks, screens, examination or treatment tables, chairs and the like.Dentists' or chiropodists' chairs and parts thereof.Electro-mechanical chiropractic tables and parts thereof.Instruments and appliances used in medical, surgical, dental or veterinary sciences, including scintigraphic apparatus, other electro-medical apparatus and sight-testing instruments.Medical or surgical sterilizers.Ozone therapy, aerosol therapy, artificial respiration or other therapeutic respiration apparatus.Pacemakers for stimulating heart muscles.;;;;;;;ES;Special classification provisions - commercial---Articles for use in the following:Apparatus based on the use of X-rays or of alpha, beta or gamma radiations, whether or not for medical, surgical, dental or veterinary uses, including radiography or radiotherapy apparatus, X-ray tubes and other X-ray generators, high tension generators, control panels and desks, screens, examination or treatment tables, chairs and the like.Dentists' or chiropodists' chairs and parts thereof.Electro-mechanical chiropractic tables and parts thereof.Instruments and appliances used in medical, surgical, dental or veterinary sciences, including scintigraphic apparatus, other electro-medical apparatus and sight-testing instruments.Medical or surgical sterilizers.Ozone therapy, aerosol therapy, artificial respiration or other therapeutic respiration apparatus.Pacemakers for stimulating heart muscles.;;;;;;;N/A;;PDR;20240101;99991231;0;0;;;;;;
CA;99780000;20240101;99991231;EN;Special classification provisions - commercial---Articles and materials for use in the manufacture of the following: Apparatus and parts thereof of heading 90.22.Clinical thermometers and parts thereof.Incontinent briefs, underpants, panties, napkins (diapers), napkin (diaper) liners and similar sanitary articles, designed to be worn by persons, excluding those of a kind for babies.Instruments, appliances and parts thereof of heading 90.18.Microscopes and parts thereof.Microtomes, including parts or accessories thereof.Operating tables or oscillating beds, and parts thereof.Orthopaedic appliances.Oxygen therapy apparatus.Prepared surgical sutures.Pressure-gradient elastic supports (made to order for an individual in accordance with the written prescription of a registered health professional), canes, and patient lifters and parts thereof, for the use of a person with disabilities or of a public hospital.Sterilizers and parts thereof.X-ray film.;;;;;;;ES;Special classification provisions - commercial---Articles and materials for use in the manufacture of the following: Apparatus and parts thereof of heading 90.22.Clinical thermometers and parts thereof.Incontinent briefs, underpants, panties, napkins (diapers), napkin (diaper) liners and similar sanitary articles, designed to be worn by persons, excluding those of a kind for babies.Instruments, appliances and parts thereof of heading 90.18.Microscopes and parts thereof.Microtomes, including parts or accessories thereof.Operating tables or oscillating beds, and parts thereof.Orthopaedic appliances.Oxygen therapy apparatus.Prepared surgical sutures.Pressure-gradient elastic supports (made to order for an individual in accordance with the written prescription of a registered health professional), canes, and patient lifters and parts thereof, for the use of a person with disabilities or of a public hospital.Sterilizers and parts thereof.X-ray film.;;;;;;;N/A;;PDR;20240101;99991231;0;0;;;;;;
CA;99790000;20240101;99991231;EN;Special classification provisions - commercial---Goods specifically designed to alleviate the specific effects of a disability, and articles and materials for use in such goods.                                                 .;;;;;;;ES;Special classification provisions - commercial---Goods specifically designed to alleviate the specific effects of a disability, and articles and materials for use in such goods.                                                 .;;;;;;;N/A;;PDR;20240101;99991231;0;0;;;;;;
CA;99820000;20240101;99991231;EN;Special classification provisions - commercial---Defence supplies, as defined in the Defence Production Act, covered by a contract, the total value of which is $250,000 or more, certified by the Minister of Public Works and Government Services that the goods supplied under the contract are defence supplies.Articles and materials, imported by persons carrying on business in Canada whom the Canadian Commercial Corporation verifies as having been awarded contracts or sub-contracts under defence production and development sharing arrangements between the Governments of Canada and the United States, for use in the development or production of goods, or for incorporation into goods, all for agencies of the Government of the United States in connection with such contracts or sub-contracts.;;;;;;;ES;Special classification provisions - commercial---Defence supplies, as defined in the Defence Production Act, covered by a contract, the total value of which is $250,000 or more, certified by the Minister of Public Works and Government Services that the goods supplied under the contract are defence supplies.Articles and materials, imported by persons carrying on business in Canada whom the Canadian Commercial Corporation verifies as having been awarded contracts or sub-contracts under defence production and development sharing arrangements between the Governments of Canada and the United States, for use in the development or production of goods, or for incorporation into goods, all for agencies of the Government of the United States in connection with such contracts or sub-contracts.;;;;;;;N/A;;PDR;20240101;99991231;0;0;;;;;;
CA;99840000;20240101;99991231;EN;Special classification provisions - commercial---Goods certified by the Canadian Olympic Committee as complying with the international competition standards applicable to the sport for which the goods are designed and as being required by an athlete exclusively for the purpose of training for or competing in an amateur competition of international calibre, including goods for testing athletes for doping control purposes, on condition that the goods are not sold or otherwise disposed of within two years of importation, unless sold or otherwise disposed of to persons who are entitled to import goods under this tariff item.;;;;;;;ES;Special classification provisions - commercial---Goods certified by the Canadian Olympic Committee as complying with the international competition standards applicable to the sport for which the goods are designed and as being required by an athlete exclusively for the purpose of training for or competing in an amateur competition of international calibre, including goods for testing athletes for doping control purposes, on condition that the goods are not sold or otherwise disposed of within two years of importation, unless sold or otherwise disposed of to persons who are entitled to import goods under this tariff item.;;;;;;;N/A;;PDR;20240101;99991231;0;0;;;;;;
CA;99850000;20240101;99991231;EN;Special classification provisions - commercial---Clerical or ecclesiastical garments, vestments or accessories (including footwear and headgear) and parts thereof of Chapter 61, 62, 64 or 65. furnishing articles of Chapter 63 for decorating religious buildings.;;;;;;;ES;Special classification provisions - commercial---Clerical or ecclesiastical garments, vestments or accessories (including footwear and headgear) and parts thereof of Chapter 61, 62, 64 or 65. furnishing articles of Chapter 63 for decorating religious buildings.;;;;;;;N/A;;PDR;20240101;99991231;7.5;0;;;;;;
CA;99860000;20240101;99991231;EN;Special classification provisions - commercial---Religious statues, statuettes, medals, crosses, figures, plaques or ancestral shrines, and communion sets, oil stocks, crosiers, benitiers, sprinklers, incensers, incense boats, baptismal shells or fonts, scapulars, chapelets, rosaries, Scroll sets, Chanuka candlesticks, Kiddush sets, Mezuzah boxes, Havdalah sets or Seder plates. Parts of all the foregoing.;;;;;;;ES;Special classification provisions - commercial---Religious statues, statuettes, medals, crosses, figures, plaques or ancestral shrines, and communion sets, oil stocks, crosiers, benitiers, sprinklers, incensers, incense boats, baptismal shells or fonts, scapulars, chapelets, rosaries, Scroll sets, Chanuka candlesticks, Kiddush sets, Mezuzah boxes, Havdalah sets or Seder plates. Parts of all the foregoing.;;;;;;;N/A;;PDR;20240101;99991231;0;0;;;;;;
CA;99870000;20240101;99991231;EN;Special classification provisions - commercial---The following handicraft goods, originating in a country entitled to the benefits of the General Preferential Tariff, having forms or representing any national, territorial or religious symbols of the geographical region where produced, having acquired their essential characteristics by the handiwork of individual craftspeople using tools held by hand or tools not powered by machines other than those powered by hand or foot, being non-utilitarian and not copies or imitations of handicraft goods of any country other than the country in which they originate, and not produced in large quantities by sophisticated tools or by moulding:Puppets, musical instruments (other than guitars, viols, harpsichords or copies of antique instruments), gourds and calabashes, incense burners, retablos, fans, screens, lacquer ware, hand-carved picture frames, hand-carved figurines of animals, and religious symbols and statuettes, composed wholly or in chief part by value of wood, if not more than their primary shape is attained by mechanically powered tools or machines.Ornaments, mirrors and figurines, composed wholly or in chief part by value of bread dough.Hookahs, nargiles, candelabra and incense burners, composed wholly or in chief part by value of clay.Figurines, fans, hats, musical instruments, toys, sitkas, greeting cards and wall hangings, composed wholly or in chief part by weight of vegetable fibres or vegetable materials other than linen, cotton or corn husks.Figurines, masks, baskets and artistic cut-outs, composed wholly or in chief part by value of paper or papier maché.Puppets, bellows, pouffes, bottle cases, and wine or water bottles and jugs, composed wholly or in chief part by value of hide or of leather that has not been finished beyond tanning other than by individual craftspeople.Figurines, costume jewellery, beads, belts, hair pins, buttons, lamp bases and key holders, composed wholly or in chief part by value of coconut shell.Musical instruments, chimes, combs, fans, costume jewellery, beads, belts, hair pins, wall and table decorations, buttons, lamp bases and key holders, composed wholly or in chief part by value of mother of pearl, horn, shell including tortoiseshell, or coral.Hookahs, nargiles, musical instruments, bells, gongs, incense burners, masks, adzes, mattocks, finger and keyhole plates, door handles and locks, hinges and latches, samovars, kukris and machetes, composed wholly or in chief part by value of base metals, if not more than their primary shape is attained by mechanically powered tools or machines.Bracelets, nargiles and hookahs, composed wholly or in chief part by value of glass.Fabrics decorated with crewel embroidery, hand-woven semi-finished wall hangings on back strap looms, reverse hand-sewn appliqué wall hangings, and dhurries, composed wholly or in chief part by weight of wool or cotton.Lanterns, composed wholly or in chief part by value of stone.Under this Act, the Governor in Council may amend the list of goods in this tariff item.Goods may be classified under this tariff item on production of a certificate in duplicate in the prescribed form with the information required to be provided with the form, and signed by a representative of the government of the country of origin or any other authorized person in the country of origin recognized by the Minister of National Revenue as competent for that purpose.                                                                                       .;;;;;;;ES;Special classification provisions - commercial---The following handicraft goods, originating in a country entitled to the benefits of the General Preferential Tariff, having forms or representing any national, territorial or religious symbols of the geographical region where produced, having acquired their essential characteristics by the handiwork of individual craftspeople using tools held by hand or tools not powered by machines other than those powered by hand or foot, being non-utilitarian and not copies or imitations of handicraft goods of any country other than the country in which they originate, and not produced in large quantities by sophisticated tools or by moulding:Puppets, musical instruments (other than guitars, viols, harpsichords or copies of antique instruments), gourds and calabashes, incense burners, retablos, fans, screens, lacquer ware, hand-carved picture frames, hand-carved figurines of animals, and religious symbols and statuettes, composed wholly or in chief part by value of wood, if not more than their primary shape is attained by mechanically powered tools or machines.Ornaments, mirrors and figurines, composed wholly or in chief part by value of bread dough.Hookahs, nargiles, candelabra and incense burners, composed wholly or in chief part by value of clay.Figurines, fans, hats, musical instruments, toys, sitkas, greeting cards and wall hangings, composed wholly or in chief part by weight of vegetable fibres or vegetable materials other than linen, cotton or corn husks.Figurines, masks, baskets and artistic cut-outs, composed wholly or in chief part by value of paper or papier maché.Puppets, bellows, pouffes, bottle cases, and wine or water bottles and jugs, composed wholly or in chief part by value of hide or of leather that has not been finished beyond tanning other than by individual craftspeople.Figurines, costume jewellery, beads, belts, hair pins, buttons, lamp bases and key holders, composed wholly or in chief part by value of coconut shell.Musical instruments, chimes, combs, fans, costume jewellery, beads, belts, hair pins, wall and table decorations, buttons, lamp bases and key holders, composed wholly or in chief part by value of mother of pearl, horn, shell including tortoiseshell, or coral.Hookahs, nargiles, musical instruments, bells, gongs, incense burners, masks, adzes, mattocks, finger and keyhole plates, door handles and locks, hinges and latches, samovars, kukris and machetes, composed wholly or in chief part by value of base metals, if not more than their primary shape is attained by mechanically powered tools or machines.Bracelets, nargiles and hookahs, composed wholly or in chief part by value of glass.Fabrics decorated with crewel embroidery, hand-woven semi-finished wall hangings on back strap looms, reverse hand-sewn appliqué wall hangings, and dhurries, composed wholly or in chief part by weight of wool or cotton.Lanterns, composed wholly or in chief part by value of stone.Under this Act, the Governor in Council may amend the list of goods in this tariff item.Goods may be classified under this tariff item on production of a certificate in duplicate in the prescribed form with the information required to be provided with the form, and signed by a representative of the government of the country of origin or any other authorized person in the country of origin recognized by the Minister of National Revenue as competent for that purpose.                                                                                       .;;;;;;;N/A;;PDR;20240101;99991231;0;0;;;;;;
CA;99880000;20240101;99991231;EN;Special classification provisions - commercial---Apparatus, utensils, instruments and parts thereof, other than goods of Chapter 70, when to be employed: (a) directly in teaching or research by(i) any elementary or secondary school, school for disabled persons, university, community college or seminary of learning in Canada,(ii) any educational or research organization named in Schedule II to the Financial Administration Act or any similar educational or research organization established by or under the authority of a provincial government,(iii) any non-governmental organization incorporated or established in Canada solely for educational purposes or solely for the purpose of carrying out research designed to benefit the public at large, if carrying out its objectives without pecuniary return to its members or shareholders other than as salaries or fees for duties performed or as reimbursement of expenses incurred, or (iv) any school, either separately incorporated in Canada or, if not incorporated, not related in any manner to non-qualifying organizations, solely established to offer instruction intended to provide individuals with the skills required for a trade or other gainful occupation or to increase skills or proficiency therein. or(b) in the conservation, restoration, exhibition, circulation or study of artifacts, specimens, records, works of art or library collections by libraries, art galleries, archives, historical houses or sites, zoological gardens, planetaria, botanical gardens, aquaria, nature centres or other museums, if offering their services to the public generally and if carrying out their objectives without pecuniary return to their members or shareholders other than as salaries or fees for duties performed or as reimbursement of expenses incurred. and Microfilms, filmstrips, slides, cinematographic films, maps, charts, pictures, designs, photographs, video tape recordings and sound recordings, when for use by the above described organizations or by organizations incorporated or established in Canada solely for religious purposes.;;;;;;;ES;Special classification provisions - commercial---Apparatus, utensils, instruments and parts thereof, other than goods of Chapter 70, when to be employed: (a) directly in teaching or research by(i) any elementary or secondary school, school for disabled persons, university, community college or seminary of learning in Canada,(ii) any educational or research organization named in Schedule II to the Financial Administration Act or any similar educational or research organization established by or under the authority of a provincial government,(iii) any non-governmental organization incorporated or established in Canada solely for educational purposes or solely for the purpose of carrying out research designed to benefit the public at large, if carrying out its objectives without pecuniary return to its members or shareholders other than as salaries or fees for duties performed or as reimbursement of expenses incurred, or (iv) any school, either separately incorporated in Canada or, if not incorporated, not related in any manner to non-qualifying organizations, solely established to offer instruction intended to provide individuals with the skills required for a trade or other gainful occupation or to increase skills or proficiency therein. or(b) in the conservation, restoration, exhibition, circulation or study of artifacts, specimens, records, works of art or library collections by libraries, art galleries, archives, historical houses or sites, zoological gardens, planetaria, botanical gardens, aquaria, nature centres or other museums, if offering their services to the public generally and if carrying out their objectives without pecuniary return to their members or shareholders other than as salaries or fees for duties performed or as reimbursement of expenses incurred. and Microfilms, filmstrips, slides, cinematographic films, maps, charts, pictures, designs, photographs, video tape recordings and sound recordings, when for use by the above described organizations or by organizations incorporated or established in Canada solely for religious purposes.;;;;;;;N/A;;PDR;20240101;99991231;0;0;;;;;;
CA;99890000;20240101;99991231;EN;Special classification provisions - commercial---Articles (other than antiques of an age exceeding 100 years, spirits or wines) produced more than 50 years prior to the date of accounting.;;;;;;;ES;Special classification provisions - commercial---Articles (other than antiques of an age exceeding 100 years, spirits or wines) produced more than 50 years prior to the date of accounting.;;;;;;;N/A;;PDR;20240101;99991231;0;0;;;;;;
CA;99900000;20240101;99991231;EN;Special classification provisions - commercial---Commercial samples imported from one of the countries listed below, regardless of the country of origin or tariff treatment, solely for the solicitation of orders for goods or services provided from a country other than Canada, and (i) having a value, individually or in the aggregate as shipped, of not more than one United States dollar or the equivalent amount in Canadian currency or the currency of the country from which it was imported, or(ii) that are so marked, torn, perforated or otherwise treated that they are unsuitable for sale or for use except as commercial samples,on condition that any person authorized to account for the commercial samples in accordance with the Customs Act shall submit: (a) an invoice, bill of lading or written statement from the foreign supplier of the samples indicating their value. and (b) any documentation establishing that the importer is a representative of the foreign supplier, or is acting on behalf of such a representative.Countries:ChileColombiaCosta RicaCPTPP CountryHondurasKoreaMexicoPeruPanamaUnited States                                                                                                                                                                                                                                                                                                                                                                                                                                                   .;;;;;;;ES;Special classification provisions - commercial---Commercial samples imported from one of the countries listed below, regardless of the country of origin or tariff treatment, solely for the solicitation of orders for goods or services provided from a country other than Canada, and (i) having a value, individually or in the aggregate as shipped, of not more than one United States dollar or the equivalent amount in Canadian currency or the currency of the country from which it was imported, or(ii) that are so marked, torn, perforated or otherwise treated that they are unsuitable for sale or for use except as commercial samples,on condition that any person authorized to account for the commercial samples in accordance with the Customs Act shall submit: (a) an invoice, bill of lading or written statement from the foreign supplier of the samples indicating their value. and (b) any documentation establishing that the importer is a representative of the foreign supplier, or is acting on behalf of such a representative.Countries:ChileColombiaCosta RicaCPTPP CountryHondurasKoreaMexicoPeruPanamaUnited States                                                                                                                                                                                                                                                                                                                                                                                                                                                   .;;;;;;;N/A;;PDR;20240101;99991231;0;0;;;;;;
CA;99910000;20240101;99991231;EN;Special classification provisions - commercial---Samples representative of a particular category of goods that have been produced or an article for which production is contemplated, including any package, case, binder or other article attached to or imported as an integral part of the samples, on condition that(a) the aggregate of duties and all taxes otherwise payable on the samples does not exceed two dollars.(b) the samples will be used only in soliciting orders for goods of the kind represented by the samples and these goods will be supplied direct from abroad.and(c) there is not more than one sample of each kind or quality in a shipment except that in the case of foodstuffs, non-alcoholic beverages, perfumes and chemical products that will be consumed or destroyed during demonstration, a shipment may consist of more than one sample of each kind or quality when the quantity and the manner in which they are packaged preclude their being used otherwise than as samples.If it is necessary, according to a customs officer, the samples may be made useless as merchandise by marking, tearing, perforating, gluing or other alteration, but not in such a manner as to destroy their usefulness as samples.;;;;;;;ES;Special classification provisions - commercial---Samples representative of a particular category of goods that have been produced or an article for which production is contemplated, including any package, case, binder or other article attached to or imported as an integral part of the samples, on condition that(a) the aggregate of duties and all taxes otherwise payable on the samples does not exceed two dollars.(b) the samples will be used only in soliciting orders for goods of the kind represented by the samples and these goods will be supplied direct from abroad.and(c) there is not more than one sample of each kind or quality in a shipment except that in the case of foodstuffs, non-alcoholic beverages, perfumes and chemical products that will be consumed or destroyed during demonstration, a shipment may consist of more than one sample of each kind or quality when the quantity and the manner in which they are packaged preclude their being used otherwise than as samples.If it is necessary, according to a customs officer, the samples may be made useless as merchandise by marking, tearing, perforating, gluing or other alteration, but not in such a manner as to destroy their usefulness as samples.;;;;;;;N/A;;PDR;20240101;99991231;0;0;;;;;;
CA;99920000;20240101;99991231;EN;Special classification provisions - commercial---Goods, regardless of the country of origin or tariff treatment, other than the goods of tariff item No. 9971.00.00, returned to Canada after having been exported to one of the countries listed below for repair or alteration in that country.  Countries:  Chile Colombia Costa Rica CPTPP CountryCUKTCA beneficiary Honduras an EU Country or other CETA beneficiary Israel or another CIFTA beneficiary Jordan Korea Mexico Panama United States                                                                                                                                                                                                                                                                      .;;;;;;;ES;Special classification provisions - commercial---Goods, regardless of the country of origin or tariff treatment, other than the goods of tariff item No. 9971.00.00, returned to Canada after having been exported to one of the countries listed below for repair or alteration in that country.  Countries:  Chile Colombia Costa Rica CPTPP CountryCUKTCA beneficiary Honduras an EU Country or other CETA beneficiary Israel or another CIFTA beneficiary Jordan Korea Mexico Panama United States                                                                                                                                                                                                                                                                      .;;;;;;;N/A;;PDR;20240101;99991231;0;0;;;;;;
CA;99930000;20240101;99991231;EN;"Special classification provisions - commercial---Goods, not including conveyances, containers or baggage of tariff item No. 9801.10.10, 9801.10.20, 9801.10.30 or 9801.20.00, or of Chapter 89 (except when imported for the purpose of repair, overhaul, alteration, adjustment, storage, display at an exhibition of similar manufacturers, racing, testing, certification by an accredited organization, or to be employed in the production of films or commercials, or in response to an emergency or emergency response training exercise, or for in-transit movement through Canada, or as a commercial sample, or when imported by non-resident teams or athletes, or their support personnel, for their use in professional or organized amateur sports activities, or when imported by non-residents for their use in providing live entertainment such as aquatic displays), when imported on a temporary basis, on condition that (a) the goods are not sold or further manufactured or processed in Canada.(a.1) the goods are not leased except where imported for use(i) in an emergency or emergency response training exercise,(ii) on loan pending delivery of new machinery or equipment on order, or(iii) as temporary replacements for machines or other equipment previously accounted for and undergoing repairs.(b) the use of the goods is specified by the importer at the time of reporting of the goods under the Customs Act, that use is not limited or restricted by regulation, and the goods are released for that specified use.(c) the goods are imported in no greater quantity than is reasonable, in the view of the Minister of Public Safety and Emergency Preparedness ora designated customs officer, for the use specified under paragraph (b).(d) the goods are accompanied, in prescribed circumstances, by prescribed documents and by security of a nature and in an amount satisfactory to the Minister of Public Safety and Emergency Preparedness or a designated customs officer, unless otherwise provided by regulation.(e) the goods are not diverted to a use that is limited or restricted by regulation, or to a use that would preclude the goods from being classified under this tariff item. and,(f) within eighteen months of the date of the reporting of the goods under the Customs Act or within any other period prescribed for those goods, the goods are:  (i) exported from Canada and evidence, satisfactory to the Minister of Public Safety and Emergency Preparedness or a designated customs officer, of the exportation is provided to the Minister of Public Safety and Emergency Preparedness or the designated customs officer,(ii) destroyed and the destruction is certified by a customs officer or by another person designated by the Minister of Public Safety and Emergency Preparedness, or (iii) consumed or expended under prescribed circumstances.The following definitions apply to this tariff item.""accredited organization"" means an organization accredited by the Standards Council of Canada to certify that goods tested or examined by that organization meet the standards set by the Council in respect of those goods.""emergency"" means an urgent and critical situation of a temporary nature that(a) is of such proportions or nature as to exceed the capacity or authority of a province or municipality to deal with it.(b) is caused by an actual or imminent(i) fire, flood, drought, storm, earthquake, or other natural phenomenon,(ii) disease in human beings, animals or plants,(iii) accident or pollution, or(iv) act of sabotage or terrorism. and(c) results or may result in(i) danger to the lives, health or safety of individuals,(ii) danger to property,(iii) social disruption, or(iv) a breakdown in the flow of essential goods, services or resources.""emergency response training exercise"" means an activity intended to educate or provide training related to emergency preparedness.""exhibition"" means a display of goods open to the general public.";;;;;;;ES;"Special classification provisions - commercial---Goods, not including conveyances, containers or baggage of tariff item No. 9801.10.10, 9801.10.20, 9801.10.30 or 9801.20.00, or of Chapter 89 (except when imported for the purpose of repair, overhaul, alteration, adjustment, storage, display at an exhibition of similar manufacturers, racing, testing, certification by an accredited organization, or to be employed in the production of films or commercials, or in response to an emergency or emergency response training exercise, or for in-transit movement through Canada, or as a commercial sample, or when imported by non-resident teams or athletes, or their support personnel, for their use in professional or organized amateur sports activities, or when imported by non-residents for their use in providing live entertainment such as aquatic displays), when imported on a temporary basis, on condition that (a) the goods are not sold or further manufactured or processed in Canada.(a.1) the goods are not leased except where imported for use(i) in an emergency or emergency response training exercise,(ii) on loan pending delivery of new machinery or equipment on order, or(iii) as temporary replacements for machines or other equipment previously accounted for and undergoing repairs.(b) the use of the goods is specified by the importer at the time of reporting of the goods under the Customs Act, that use is not limited or restricted by regulation, and the goods are released for that specified use.(c) the goods are imported in no greater quantity than is reasonable, in the view of the Minister of Public Safety and Emergency Preparedness ora designated customs officer, for the use specified under paragraph (b).(d) the goods are accompanied, in prescribed circumstances, by prescribed documents and by security of a nature and in an amount satisfactory to the Minister of Public Safety and Emergency Preparedness or a designated customs officer, unless otherwise provided by regulation.(e) the goods are not diverted to a use that is limited or restricted by regulation, or to a use that would preclude the goods from being classified under this tariff item. and,(f) within eighteen months of the date of the reporting of the goods under the Customs Act or within any other period prescribed for those goods, the goods are:  (i) exported from Canada and evidence, satisfactory to the Minister of Public Safety and Emergency Preparedness or a designated customs officer, of the exportation is provided to the Minister of Public Safety and Emergency Preparedness or the designated customs officer,(ii) destroyed and the destruction is certified by a customs officer or by another person designated by the Minister of Public Safety and Emergency Preparedness, or (iii) consumed or expended under prescribed circumstances.The following definitions apply to this tariff item.""accredited organization"" means an organization accredited by the Standards Council of Canada to certify that goods tested or examined by that organization meet the standards set by the Council in respect of those goods.""emergency"" means an urgent and critical situation of a temporary nature that(a) is of such proportions or nature as to exceed the capacity or authority of a province or municipality to deal with it.(b) is caused by an actual or imminent(i) fire, flood, drought, storm, earthquake, or other natural phenomenon,(ii) disease in human beings, animals or plants,(iii) accident or pollution, or(iv) act of sabotage or terrorism. and(c) results or may result in(i) danger to the lives, health or safety of individuals,(ii) danger to property,(iii) social disruption, or(iv) a breakdown in the flow of essential goods, services or resources.""emergency response training exercise"" means an activity intended to educate or provide training related to emergency preparedness.""exhibition"" means a display of goods open to the general public.";;;;;;;N/A;;PDR;20240101;99991231;0;0;;;;;;
CA;99940000;20240101;99991231;EN;Special classification provisions - commercial---Articles of heading 39.18, 39.20, 39.21, 39.25, 39.26, 40.08, 40.16, 44.21, 46.01, 48.14, 48.21, 51.11, 51.12, 52.08, 52.09, 52.10, 52.11, 52.12, 53.09, 53.10, 53.11, 54.01, 54.07, 54.08, 55.12, 55.13, 55.14, 55.15, 55.16, 56.03, 56.07, 57.02, 57.03, 57.05, 58.01, 58.02, 58.03, 58.04, 58.05, 58.06, 58.08, 58.09, 58.10, 58.11, 59.03, 59.04, 59.05, 59.06, 60.01, 60.02, 60.03, 60.04, 60.05, 60.06, 63.02, 63.07, 70.19, 73.15, 73.26 or 76.16, to be marked, torn, perforated or otherwise treated so as to be unsuitable for sale or for use except as commercial samples, specified or provided by a customer at arm's length, for use in the manufacture of sample books, sample cards, sample chain sets, sample boards, sample boxes, sample displays and sample stack sets.;;;;;;;ES;Special classification provisions - commercial---Articles of heading 39.18, 39.20, 39.21, 39.25, 39.26, 40.08, 40.16, 44.21, 46.01, 48.14, 48.21, 51.11, 51.12, 52.08, 52.09, 52.10, 52.11, 52.12, 53.09, 53.10, 53.11, 54.01, 54.07, 54.08, 55.12, 55.13, 55.14, 55.15, 55.16, 56.03, 56.07, 57.02, 57.03, 57.05, 58.01, 58.02, 58.03, 58.04, 58.05, 58.06, 58.08, 58.09, 58.10, 58.11, 59.03, 59.04, 59.05, 59.06, 60.01, 60.02, 60.03, 60.04, 60.05, 60.06, 63.02, 63.07, 70.19, 73.15, 73.26 or 76.16, to be marked, torn, perforated or otherwise treated so as to be unsuitable for sale or for use except as commercial samples, specified or provided by a customer at arm's length, for use in the manufacture of sample books, sample cards, sample chain sets, sample boards, sample boxes, sample displays and sample stack sets.;;;;;;;N/A;;PDR;20240101;99991231;0;0;;;;;;
CA;99950000;20240101;99991231;EN;"Special classification provisions - commercial---Woven fabrics, whether or not embroidered, solely of single cotton yarns, measuring 70 decitex or more but not exceeding 150 decitex, having a sum of yarns per 10 cm in the warp and the weft of 790 or more, with an air permeability not exceeding 5.0 cm³/cm²-s-1 as determined by CAN/CGSB-4.2 No. 36-M89, for use in the manufacture of shells for duvets, featherbeds and pillows filled solely with ""commercial landfowl feather"", ""commercial waterfowl feather"", or ""commercial down"" or any combination thereof, as defined in the Textile Labelling and Advertising Regulations, or synthetic staple fibres of Chapter 55.Shells, made of fabrics of Chapter 52,54, 55, 58 or 60, for use in the manufacture of duvets, featherbeds and pillows filled solely as described above.";;;;;;;ES;"Special classification provisions - commercial---Woven fabrics, whether or not embroidered, solely of single cotton yarns, measuring 70 decitex or more but not exceeding 150 decitex, having a sum of yarns per 10 cm in the warp and the weft of 790 or more, with an air permeability not exceeding 5.0 cm³/cm²-s-1 as determined by CAN/CGSB-4.2 No. 36-M89, for use in the manufacture of shells for duvets, featherbeds and pillows filled solely with ""commercial landfowl feather"", ""commercial waterfowl feather"", or ""commercial down"" or any combination thereof, as defined in the Textile Labelling and Advertising Regulations, or synthetic staple fibres of Chapter 55.Shells, made of fabrics of Chapter 52,54, 55, 58 or 60, for use in the manufacture of duvets, featherbeds and pillows filled solely as described above.";;;;;;;N/A;;PDR;20240101;99991231;0;0;;;;;;
CA;99960000;20240101;99991231;EN;"Special classification provisions - commercial---Woven fabrics, unbleached or bleached, solely of single cotton yarns, measuring 151 decitex or more but not exceeding 300 decitex, having a sum of yarns per 10 cm in the warp and the weft of 790 or more, with an air permeability not exceeding 5.0 cm³/cm²-s-1 as determined by CAN/CGSB-4.2 No. 36-M89, for use in the manufacture of shells for featherbeds and pillows filled solely with one of the following:(a) ""commercial landfowl feather"" or ""commercial waterfowl feather"", or any combination of the two, as defined in the Textile Labelling and Advertising Regulations.(b) 85% or more by weight of ""commercial waterfowl feather"" mixed solely with ""commercial down"", as defined in the Regulations.(c) 85% or more by weight of ""commercial landfowl feather"" mixed solely with ""commercial down"", as defined in the Regulations. (d) 85% of more by weight of a combination of ""commercial waterfowl feather"" and ""commercial landfowl feather"" mixed solely with ""commercial down"", as defined in the Regulations. or(e) synthetic staple fibres of Chapter 55.Shells, made of fabrics of Chapter 52, 54, 55, 58 or 60, for use in the manufacture of featherbeds and pillows filled solely as described above.";;;;;;;ES;"Special classification provisions - commercial---Woven fabrics, unbleached or bleached, solely of single cotton yarns, measuring 151 decitex or more but not exceeding 300 decitex, having a sum of yarns per 10 cm in the warp and the weft of 790 or more, with an air permeability not exceeding 5.0 cm³/cm²-s-1 as determined by CAN/CGSB-4.2 No. 36-M89, for use in the manufacture of shells for featherbeds and pillows filled solely with one of the following:(a) ""commercial landfowl feather"" or ""commercial waterfowl feather"", or any combination of the two, as defined in the Textile Labelling and Advertising Regulations.(b) 85% or more by weight of ""commercial waterfowl feather"" mixed solely with ""commercial down"", as defined in the Regulations.(c) 85% or more by weight of ""commercial landfowl feather"" mixed solely with ""commercial down"", as defined in the Regulations. (d) 85% of more by weight of a combination of ""commercial waterfowl feather"" and ""commercial landfowl feather"" mixed solely with ""commercial down"", as defined in the Regulations. or(e) synthetic staple fibres of Chapter 55.Shells, made of fabrics of Chapter 52, 54, 55, 58 or 60, for use in the manufacture of featherbeds and pillows filled solely as described above.";;;;;;;N/A;;PDR;20240101;99991231;0;0;;;;;;
