Country;HS Number;Date from;Date to;Lang 1;Desc 1;Desc 2;Desc 3;Desc 4;Desc 5;Desc 6;Desc 7;Lang 2;Desc 21;Desc 22;Desc 23;Desc 24;Desc 25;Desc 26;Desc 27;Unit of measure;Restriction code;Rate type;Champ24;Champ25;Base rate %;Rate amount;Rate curr;Rate qty;Rate qty uom;Spec App;Cert Ori;Cty Grp
CA;99860000;20240101;99991231;EN;Special classification provisions - commercial---Religious statues, statuettes, medals, crosses, figures, plaques or ancestral shrines, and communion sets, oil stocks, crosiers, benitiers, sprinklers, incensers, incense boats, baptismal shells or fonts, scapulars, chapelets, rosaries, Scroll sets, Chanuka candlesticks, Kiddush sets, Mezuzah boxes, Havdalah sets or Seder plates. Parts of all the foregoing.;;;;;;;ES;Special classification provisions - commercial---Religious statues, statuettes, medals, crosses, figures, plaques or ancestral shrines, and communion sets, oil stocks, crosiers, benitiers, sprinklers, incensers, incense boats, baptismal shells or fonts, scapulars, chapelets, rosaries, Scroll sets, Chanuka candlesticks, Kiddush sets, Mezuzah boxes, Havdalah sets or Seder plates. Parts of all the foregoing.;;;;;;;N/A;;_DCA20;20240101;99991231;0;0;;;;;;
CA;99860000;20240101;99991231;EN;Special classification provisions - commercial---Religious statues, statuettes, medals, crosses, figures, plaques or ancestral shrines, and communion sets, oil stocks, crosiers, benitiers, sprinklers, incensers, incense boats, baptismal shells or fonts, scapulars, chapelets, rosaries, Scroll sets, Chanuka candlesticks, Kiddush sets, Mezuzah boxes, Havdalah sets or Seder plates. Parts of all the foregoing.;;;;;;;ES;Special classification provisions - commercial---Religious statues, statuettes, medals, crosses, figures, plaques or ancestral shrines, and communion sets, oil stocks, crosiers, benitiers, sprinklers, incensers, incense boats, baptismal shells or fonts, scapulars, chapelets, rosaries, Scroll sets, Chanuka candlesticks, Kiddush sets, Mezuzah boxes, Havdalah sets or Seder plates. Parts of all the foregoing.;;;;;;;N/A;;_DCA21;20240101;99991231;0;0;;;;;;
CA;99860000;20240101;99991231;EN;Special classification provisions - commercial---Religious statues, statuettes, medals, crosses, figures, plaques or ancestral shrines, and communion sets, oil stocks, crosiers, benitiers, sprinklers, incensers, incense boats, baptismal shells or fonts, scapulars, chapelets, rosaries, Scroll sets, Chanuka candlesticks, Kiddush sets, Mezuzah boxes, Havdalah sets or Seder plates. Parts of all the foregoing.;;;;;;;ES;Special classification provisions - commercial---Religious statues, statuettes, medals, crosses, figures, plaques or ancestral shrines, and communion sets, oil stocks, crosiers, benitiers, sprinklers, incensers, incense boats, baptismal shells or fonts, scapulars, chapelets, rosaries, Scroll sets, Chanuka candlesticks, Kiddush sets, Mezuzah boxes, Havdalah sets or Seder plates. Parts of all the foregoing.;;;;;;;N/A;;_DCA22;20240101;99991231;0;0;;;;;;
CA;99860000;20240101;99991231;EN;Special classification provisions - commercial---Religious statues, statuettes, medals, crosses, figures, plaques or ancestral shrines, and communion sets, oil stocks, crosiers, benitiers, sprinklers, incensers, incense boats, baptismal shells or fonts, scapulars, chapelets, rosaries, Scroll sets, Chanuka candlesticks, Kiddush sets, Mezuzah boxes, Havdalah sets or Seder plates. Parts of all the foregoing.;;;;;;;ES;Special classification provisions - commercial---Religious statues, statuettes, medals, crosses, figures, plaques or ancestral shrines, and communion sets, oil stocks, crosiers, benitiers, sprinklers, incensers, incense boats, baptismal shells or fonts, scapulars, chapelets, rosaries, Scroll sets, Chanuka candlesticks, Kiddush sets, Mezuzah boxes, Havdalah sets or Seder plates. Parts of all the foregoing.;;;;;;;N/A;;_DCA23;20240101;99991231;0;0;;;;;;
CA;99860000;20240101;99991231;EN;Special classification provisions - commercial---Religious statues, statuettes, medals, crosses, figures, plaques or ancestral shrines, and communion sets, oil stocks, crosiers, benitiers, sprinklers, incensers, incense boats, baptismal shells or fonts, scapulars, chapelets, rosaries, Scroll sets, Chanuka candlesticks, Kiddush sets, Mezuzah boxes, Havdalah sets or Seder plates. Parts of all the foregoing.;;;;;;;ES;Special classification provisions - commercial---Religious statues, statuettes, medals, crosses, figures, plaques or ancestral shrines, and communion sets, oil stocks, crosiers, benitiers, sprinklers, incensers, incense boats, baptismal shells or fonts, scapulars, chapelets, rosaries, Scroll sets, Chanuka candlesticks, Kiddush sets, Mezuzah boxes, Havdalah sets or Seder plates. Parts of all the foregoing.;;;;;;;N/A;;_DCA25;20240101;99991231;0;0;;;;;;
CA;99860000;20240101;99991231;EN;Special classification provisions - commercial---Religious statues, statuettes, medals, crosses, figures, plaques or ancestral shrines, and communion sets, oil stocks, crosiers, benitiers, sprinklers, incensers, incense boats, baptismal shells or fonts, scapulars, chapelets, rosaries, Scroll sets, Chanuka candlesticks, Kiddush sets, Mezuzah boxes, Havdalah sets or Seder plates. Parts of all the foregoing.;;;;;;;ES;Special classification provisions - commercial---Religious statues, statuettes, medals, crosses, figures, plaques or ancestral shrines, and communion sets, oil stocks, crosiers, benitiers, sprinklers, incensers, incense boats, baptismal shells or fonts, scapulars, chapelets, rosaries, Scroll sets, Chanuka candlesticks, Kiddush sets, Mezuzah boxes, Havdalah sets or Seder plates. Parts of all the foregoing.;;;;;;;N/A;;_DCA26;20240101;99991231;0;0;;;;;;
CA;99860000;20240101;99991231;EN;Special classification provisions - commercial---Religious statues, statuettes, medals, crosses, figures, plaques or ancestral shrines, and communion sets, oil stocks, crosiers, benitiers, sprinklers, incensers, incense boats, baptismal shells or fonts, scapulars, chapelets, rosaries, Scroll sets, Chanuka candlesticks, Kiddush sets, Mezuzah boxes, Havdalah sets or Seder plates. Parts of all the foregoing.;;;;;;;ES;Special classification provisions - commercial---Religious statues, statuettes, medals, crosses, figures, plaques or ancestral shrines, and communion sets, oil stocks, crosiers, benitiers, sprinklers, incensers, incense boats, baptismal shells or fonts, scapulars, chapelets, rosaries, Scroll sets, Chanuka candlesticks, Kiddush sets, Mezuzah boxes, Havdalah sets or Seder plates. Parts of all the foregoing.;;;;;;;N/A;;_DCA27;20240101;99991231;0;0;;;;;;
CA;99860000;20240101;99991231;EN;Special classification provisions - commercial---Religious statues, statuettes, medals, crosses, figures, plaques or ancestral shrines, and communion sets, oil stocks, crosiers, benitiers, sprinklers, incensers, incense boats, baptismal shells or fonts, scapulars, chapelets, rosaries, Scroll sets, Chanuka candlesticks, Kiddush sets, Mezuzah boxes, Havdalah sets or Seder plates. Parts of all the foregoing.;;;;;;;ES;Special classification provisions - commercial---Religious statues, statuettes, medals, crosses, figures, plaques or ancestral shrines, and communion sets, oil stocks, crosiers, benitiers, sprinklers, incensers, incense boats, baptismal shells or fonts, scapulars, chapelets, rosaries, Scroll sets, Chanuka candlesticks, Kiddush sets, Mezuzah boxes, Havdalah sets or Seder plates. Parts of all the foregoing.;;;;;;;N/A;;_DCA28;20240101;99991231;0;0;;;;;;
CA;99860000;20240101;99991231;EN;Special classification provisions - commercial---Religious statues, statuettes, medals, crosses, figures, plaques or ancestral shrines, and communion sets, oil stocks, crosiers, benitiers, sprinklers, incensers, incense boats, baptismal shells or fonts, scapulars, chapelets, rosaries, Scroll sets, Chanuka candlesticks, Kiddush sets, Mezuzah boxes, Havdalah sets or Seder plates. Parts of all the foregoing.;;;;;;;ES;Special classification provisions - commercial---Religious statues, statuettes, medals, crosses, figures, plaques or ancestral shrines, and communion sets, oil stocks, crosiers, benitiers, sprinklers, incensers, incense boats, baptismal shells or fonts, scapulars, chapelets, rosaries, Scroll sets, Chanuka candlesticks, Kiddush sets, Mezuzah boxes, Havdalah sets or Seder plates. Parts of all the foregoing.;;;;;;;N/A;;_DCA3;20240101;99991231;0;0;;;;;;
CA;99860000;20240101;99991231;EN;Special classification provisions - commercial---Religious statues, statuettes, medals, crosses, figures, plaques or ancestral shrines, and communion sets, oil stocks, crosiers, benitiers, sprinklers, incensers, incense boats, baptismal shells or fonts, scapulars, chapelets, rosaries, Scroll sets, Chanuka candlesticks, Kiddush sets, Mezuzah boxes, Havdalah sets or Seder plates. Parts of all the foregoing.;;;;;;;ES;Special classification provisions - commercial---Religious statues, statuettes, medals, crosses, figures, plaques or ancestral shrines, and communion sets, oil stocks, crosiers, benitiers, sprinklers, incensers, incense boats, baptismal shells or fonts, scapulars, chapelets, rosaries, Scroll sets, Chanuka candlesticks, Kiddush sets, Mezuzah boxes, Havdalah sets or Seder plates. Parts of all the foregoing.;;;;;;;N/A;;_DCA33;20240101;99991231;0;0;;;;;;
CA;99860000;20240101;99991231;EN;Special classification provisions - commercial---Religious statues, statuettes, medals, crosses, figures, plaques or ancestral shrines, and communion sets, oil stocks, crosiers, benitiers, sprinklers, incensers, incense boats, baptismal shells or fonts, scapulars, chapelets, rosaries, Scroll sets, Chanuka candlesticks, Kiddush sets, Mezuzah boxes, Havdalah sets or Seder plates. Parts of all the foregoing.;;;;;;;ES;Special classification provisions - commercial---Religious statues, statuettes, medals, crosses, figures, plaques or ancestral shrines, and communion sets, oil stocks, crosiers, benitiers, sprinklers, incensers, incense boats, baptismal shells or fonts, scapulars, chapelets, rosaries, Scroll sets, Chanuka candlesticks, Kiddush sets, Mezuzah boxes, Havdalah sets or Seder plates. Parts of all the foregoing.;;;;;;;N/A;;_DCA34;20240101;99991231;0;0;;;;;;
CA;99860000;20240101;99991231;EN;Special classification provisions - commercial---Religious statues, statuettes, medals, crosses, figures, plaques or ancestral shrines, and communion sets, oil stocks, crosiers, benitiers, sprinklers, incensers, incense boats, baptismal shells or fonts, scapulars, chapelets, rosaries, Scroll sets, Chanuka candlesticks, Kiddush sets, Mezuzah boxes, Havdalah sets or Seder plates. Parts of all the foregoing.;;;;;;;ES;Special classification provisions - commercial---Religious statues, statuettes, medals, crosses, figures, plaques or ancestral shrines, and communion sets, oil stocks, crosiers, benitiers, sprinklers, incensers, incense boats, baptismal shells or fonts, scapulars, chapelets, rosaries, Scroll sets, Chanuka candlesticks, Kiddush sets, Mezuzah boxes, Havdalah sets or Seder plates. Parts of all the foregoing.;;;;;;;N/A;;_DCA35;20240101;99991231;0;0;;;;;;
CA;99860000;20240101;99991231;EN;Special classification provisions - commercial---Religious statues, statuettes, medals, crosses, figures, plaques or ancestral shrines, and communion sets, oil stocks, crosiers, benitiers, sprinklers, incensers, incense boats, baptismal shells or fonts, scapulars, chapelets, rosaries, Scroll sets, Chanuka candlesticks, Kiddush sets, Mezuzah boxes, Havdalah sets or Seder plates. Parts of all the foregoing.;;;;;;;ES;Special classification provisions - commercial---Religious statues, statuettes, medals, crosses, figures, plaques or ancestral shrines, and communion sets, oil stocks, crosiers, benitiers, sprinklers, incensers, incense boats, baptismal shells or fonts, scapulars, chapelets, rosaries, Scroll sets, Chanuka candlesticks, Kiddush sets, Mezuzah boxes, Havdalah sets or Seder plates. Parts of all the foregoing.;;;;;;;N/A;;_DCA36;20240101;99991231;0;0;;;;;;
CA;99860000;20240101;99991231;EN;Special classification provisions - commercial---Religious statues, statuettes, medals, crosses, figures, plaques or ancestral shrines, and communion sets, oil stocks, crosiers, benitiers, sprinklers, incensers, incense boats, baptismal shells or fonts, scapulars, chapelets, rosaries, Scroll sets, Chanuka candlesticks, Kiddush sets, Mezuzah boxes, Havdalah sets or Seder plates. Parts of all the foregoing.;;;;;;;ES;Special classification provisions - commercial---Religious statues, statuettes, medals, crosses, figures, plaques or ancestral shrines, and communion sets, oil stocks, crosiers, benitiers, sprinklers, incensers, incense boats, baptismal shells or fonts, scapulars, chapelets, rosaries, Scroll sets, Chanuka candlesticks, Kiddush sets, Mezuzah boxes, Havdalah sets or Seder plates. Parts of all the foregoing.;;;;;;;N/A;;_DCA8;20240101;99991231;0;0;;;;;;
CA;99860000;20240101;99991231;EN;Special classification provisions - commercial---Religious statues, statuettes, medals, crosses, figures, plaques or ancestral shrines, and communion sets, oil stocks, crosiers, benitiers, sprinklers, incensers, incense boats, baptismal shells or fonts, scapulars, chapelets, rosaries, Scroll sets, Chanuka candlesticks, Kiddush sets, Mezuzah boxes, Havdalah sets or Seder plates. Parts of all the foregoing.;;;;;;;ES;Special classification provisions - commercial---Religious statues, statuettes, medals, crosses, figures, plaques or ancestral shrines, and communion sets, oil stocks, crosiers, benitiers, sprinklers, incensers, incense boats, baptismal shells or fonts, scapulars, chapelets, rosaries, Scroll sets, Chanuka candlesticks, Kiddush sets, Mezuzah boxes, Havdalah sets or Seder plates. Parts of all the foregoing.;;;;;;;N/A;;_DCA9;20240101;99991231;0;0;;;;;;
CA;99870000;20240101;99991231;EN;Special classification provisions - commercial---The following handicraft goods, originating in a country entitled to the benefits of the General Preferential Tariff, having forms or representing any national, territorial or religious symbols of the geographical region where produced, having acquired their essential characteristics by the handiwork of individual craftspeople using tools held by hand or tools not powered by machines other than those powered by hand or foot, being non-utilitarian and not copies or imitations of handicraft goods of any country other than the country in which they originate, and not produced in large quantities by sophisticated tools or by moulding:Puppets, musical instruments (other than guitars, viols, harpsichords or copies of antique instruments), gourds and calabashes, incense burners, retablos, fans, screens, lacquer ware, hand-carved picture frames, hand-carved figurines of animals, and religious symbols and statuettes, composed wholly or in chief part by value of wood, if not more than their primary shape is attained by mechanically powered tools or machines.Ornaments, mirrors and figurines, composed wholly or in chief part by value of bread dough.Hookahs, nargiles, candelabra and incense burners, composed wholly or in chief part by value of clay.Figurines, fans, hats, musical instruments, toys, sitkas, greeting cards and wall hangings, composed wholly or in chief part by weight of vegetable fibres or vegetable materials other than linen, cotton or corn husks.Figurines, masks, baskets and artistic cut-outs, composed wholly or in chief part by value of paper or papier maché.Puppets, bellows, pouffes, bottle cases, and wine or water bottles and jugs, composed wholly or in chief part by value of hide or of leather that has not been finished beyond tanning other than by individual craftspeople.Figurines, costume jewellery, beads, belts, hair pins, buttons, lamp bases and key holders, composed wholly or in chief part by value of coconut shell.Musical instruments, chimes, combs, fans, costume jewellery, beads, belts, hair pins, wall and table decorations, buttons, lamp bases and key holders, composed wholly or in chief part by value of mother of pearl, horn, shell including tortoiseshell, or coral.Hookahs, nargiles, musical instruments, bells, gongs, incense burners, masks, adzes, mattocks, finger and keyhole plates, door handles and locks, hinges and latches, samovars, kukris and machetes, composed wholly or in chief part by value of base metals, if not more than their primary shape is attained by mechanically powered tools or machines.Bracelets, nargiles and hookahs, composed wholly or in chief part by value of glass.Fabrics decorated with crewel embroidery, hand-woven semi-finished wall hangings on back strap looms, reverse hand-sewn appliqué wall hangings, and dhurries, composed wholly or in chief part by weight of wool or cotton.Lanterns, composed wholly or in chief part by value of stone.Under this Act, the Governor in Council may amend the list of goods in this tariff item.Goods may be classified under this tariff item on production of a certificate in duplicate in the prescribed form with the information required to be provided with the form, and signed by a representative of the government of the country of origin or any other authorized person in the country of origin recognized by the Minister of National Revenue as competent for that purpose.                                                                                       .;;;;;;;ES;Special classification provisions - commercial---The following handicraft goods, originating in a country entitled to the benefits of the General Preferential Tariff, having forms or representing any national, territorial or religious symbols of the geographical region where produced, having acquired their essential characteristics by the handiwork of individual craftspeople using tools held by hand or tools not powered by machines other than those powered by hand or foot, being non-utilitarian and not copies or imitations of handicraft goods of any country other than the country in which they originate, and not produced in large quantities by sophisticated tools or by moulding:Puppets, musical instruments (other than guitars, viols, harpsichords or copies of antique instruments), gourds and calabashes, incense burners, retablos, fans, screens, lacquer ware, hand-carved picture frames, hand-carved figurines of animals, and religious symbols and statuettes, composed wholly or in chief part by value of wood, if not more than their primary shape is attained by mechanically powered tools or machines.Ornaments, mirrors and figurines, composed wholly or in chief part by value of bread dough.Hookahs, nargiles, candelabra and incense burners, composed wholly or in chief part by value of clay.Figurines, fans, hats, musical instruments, toys, sitkas, greeting cards and wall hangings, composed wholly or in chief part by weight of vegetable fibres or vegetable materials other than linen, cotton or corn husks.Figurines, masks, baskets and artistic cut-outs, composed wholly or in chief part by value of paper or papier maché.Puppets, bellows, pouffes, bottle cases, and wine or water bottles and jugs, composed wholly or in chief part by value of hide or of leather that has not been finished beyond tanning other than by individual craftspeople.Figurines, costume jewellery, beads, belts, hair pins, buttons, lamp bases and key holders, composed wholly or in chief part by value of coconut shell.Musical instruments, chimes, combs, fans, costume jewellery, beads, belts, hair pins, wall and table decorations, buttons, lamp bases and key holders, composed wholly or in chief part by value of mother of pearl, horn, shell including tortoiseshell, or coral.Hookahs, nargiles, musical instruments, bells, gongs, incense burners, masks, adzes, mattocks, finger and keyhole plates, door handles and locks, hinges and latches, samovars, kukris and machetes, composed wholly or in chief part by value of base metals, if not more than their primary shape is attained by mechanically powered tools or machines.Bracelets, nargiles and hookahs, composed wholly or in chief part by value of glass.Fabrics decorated with crewel embroidery, hand-woven semi-finished wall hangings on back strap looms, reverse hand-sewn appliqué wall hangings, and dhurries, composed wholly or in chief part by weight of wool or cotton.Lanterns, composed wholly or in chief part by value of stone.Under this Act, the Governor in Council may amend the list of goods in this tariff item.Goods may be classified under this tariff item on production of a certificate in duplicate in the prescribed form with the information required to be provided with the form, and signed by a representative of the government of the country of origin or any other authorized person in the country of origin recognized by the Minister of National Revenue as competent for that purpose.                                                                                       .;;;;;;;N/A;;_DCA1;20240101;99991231;0;0;;;;;;
CA;99870000;20240101;99991231;EN;Special classification provisions - commercial---The following handicraft goods, originating in a country entitled to the benefits of the General Preferential Tariff, having forms or representing any national, territorial or religious symbols of the geographical region where produced, having acquired their essential characteristics by the handiwork of individual craftspeople using tools held by hand or tools not powered by machines other than those powered by hand or foot, being non-utilitarian and not copies or imitations of handicraft goods of any country other than the country in which they originate, and not produced in large quantities by sophisticated tools or by moulding:Puppets, musical instruments (other than guitars, viols, harpsichords or copies of antique instruments), gourds and calabashes, incense burners, retablos, fans, screens, lacquer ware, hand-carved picture frames, hand-carved figurines of animals, and religious symbols and statuettes, composed wholly or in chief part by value of wood, if not more than their primary shape is attained by mechanically powered tools or machines.Ornaments, mirrors and figurines, composed wholly or in chief part by value of bread dough.Hookahs, nargiles, candelabra and incense burners, composed wholly or in chief part by value of clay.Figurines, fans, hats, musical instruments, toys, sitkas, greeting cards and wall hangings, composed wholly or in chief part by weight of vegetable fibres or vegetable materials other than linen, cotton or corn husks.Figurines, masks, baskets and artistic cut-outs, composed wholly or in chief part by value of paper or papier maché.Puppets, bellows, pouffes, bottle cases, and wine or water bottles and jugs, composed wholly or in chief part by value of hide or of leather that has not been finished beyond tanning other than by individual craftspeople.Figurines, costume jewellery, beads, belts, hair pins, buttons, lamp bases and key holders, composed wholly or in chief part by value of coconut shell.Musical instruments, chimes, combs, fans, costume jewellery, beads, belts, hair pins, wall and table decorations, buttons, lamp bases and key holders, composed wholly or in chief part by value of mother of pearl, horn, shell including tortoiseshell, or coral.Hookahs, nargiles, musical instruments, bells, gongs, incense burners, masks, adzes, mattocks, finger and keyhole plates, door handles and locks, hinges and latches, samovars, kukris and machetes, composed wholly or in chief part by value of base metals, if not more than their primary shape is attained by mechanically powered tools or machines.Bracelets, nargiles and hookahs, composed wholly or in chief part by value of glass.Fabrics decorated with crewel embroidery, hand-woven semi-finished wall hangings on back strap looms, reverse hand-sewn appliqué wall hangings, and dhurries, composed wholly or in chief part by weight of wool or cotton.Lanterns, composed wholly or in chief part by value of stone.Under this Act, the Governor in Council may amend the list of goods in this tariff item.Goods may be classified under this tariff item on production of a certificate in duplicate in the prescribed form with the information required to be provided with the form, and signed by a representative of the government of the country of origin or any other authorized person in the country of origin recognized by the Minister of National Revenue as competent for that purpose.                                                                                       .;;;;;;;ES;Special classification provisions - commercial---The following handicraft goods, originating in a country entitled to the benefits of the General Preferential Tariff, having forms or representing any national, territorial or religious symbols of the geographical region where produced, having acquired their essential characteristics by the handiwork of individual craftspeople using tools held by hand or tools not powered by machines other than those powered by hand or foot, being non-utilitarian and not copies or imitations of handicraft goods of any country other than the country in which they originate, and not produced in large quantities by sophisticated tools or by moulding:Puppets, musical instruments (other than guitars, viols, harpsichords or copies of antique instruments), gourds and calabashes, incense burners, retablos, fans, screens, lacquer ware, hand-carved picture frames, hand-carved figurines of animals, and religious symbols and statuettes, composed wholly or in chief part by value of wood, if not more than their primary shape is attained by mechanically powered tools or machines.Ornaments, mirrors and figurines, composed wholly or in chief part by value of bread dough.Hookahs, nargiles, candelabra and incense burners, composed wholly or in chief part by value of clay.Figurines, fans, hats, musical instruments, toys, sitkas, greeting cards and wall hangings, composed wholly or in chief part by weight of vegetable fibres or vegetable materials other than linen, cotton or corn husks.Figurines, masks, baskets and artistic cut-outs, composed wholly or in chief part by value of paper or papier maché.Puppets, bellows, pouffes, bottle cases, and wine or water bottles and jugs, composed wholly or in chief part by value of hide or of leather that has not been finished beyond tanning other than by individual craftspeople.Figurines, costume jewellery, beads, belts, hair pins, buttons, lamp bases and key holders, composed wholly or in chief part by value of coconut shell.Musical instruments, chimes, combs, fans, costume jewellery, beads, belts, hair pins, wall and table decorations, buttons, lamp bases and key holders, composed wholly or in chief part by value of mother of pearl, horn, shell including tortoiseshell, or coral.Hookahs, nargiles, musical instruments, bells, gongs, incense burners, masks, adzes, mattocks, finger and keyhole plates, door handles and locks, hinges and latches, samovars, kukris and machetes, composed wholly or in chief part by value of base metals, if not more than their primary shape is attained by mechanically powered tools or machines.Bracelets, nargiles and hookahs, composed wholly or in chief part by value of glass.Fabrics decorated with crewel embroidery, hand-woven semi-finished wall hangings on back strap looms, reverse hand-sewn appliqué wall hangings, and dhurries, composed wholly or in chief part by weight of wool or cotton.Lanterns, composed wholly or in chief part by value of stone.Under this Act, the Governor in Council may amend the list of goods in this tariff item.Goods may be classified under this tariff item on production of a certificate in duplicate in the prescribed form with the information required to be provided with the form, and signed by a representative of the government of the country of origin or any other authorized person in the country of origin recognized by the Minister of National Revenue as competent for that purpose.                                                                                       .;;;;;;;N/A;;_DCA12;20240101;99991231;35;0;;;;;;
CA;99870000;20240101;99991231;EN;Special classification provisions - commercial---The following handicraft goods, originating in a country entitled to the benefits of the General Preferential Tariff, having forms or representing any national, territorial or religious symbols of the geographical region where produced, having acquired their essential characteristics by the handiwork of individual craftspeople using tools held by hand or tools not powered by machines other than those powered by hand or foot, being non-utilitarian and not copies or imitations of handicraft goods of any country other than the country in which they originate, and not produced in large quantities by sophisticated tools or by moulding:Puppets, musical instruments (other than guitars, viols, harpsichords or copies of antique instruments), gourds and calabashes, incense burners, retablos, fans, screens, lacquer ware, hand-carved picture frames, hand-carved figurines of animals, and religious symbols and statuettes, composed wholly or in chief part by value of wood, if not more than their primary shape is attained by mechanically powered tools or machines.Ornaments, mirrors and figurines, composed wholly or in chief part by value of bread dough.Hookahs, nargiles, candelabra and incense burners, composed wholly or in chief part by value of clay.Figurines, fans, hats, musical instruments, toys, sitkas, greeting cards and wall hangings, composed wholly or in chief part by weight of vegetable fibres or vegetable materials other than linen, cotton or corn husks.Figurines, masks, baskets and artistic cut-outs, composed wholly or in chief part by value of paper or papier maché.Puppets, bellows, pouffes, bottle cases, and wine or water bottles and jugs, composed wholly or in chief part by value of hide or of leather that has not been finished beyond tanning other than by individual craftspeople.Figurines, costume jewellery, beads, belts, hair pins, buttons, lamp bases and key holders, composed wholly or in chief part by value of coconut shell.Musical instruments, chimes, combs, fans, costume jewellery, beads, belts, hair pins, wall and table decorations, buttons, lamp bases and key holders, composed wholly or in chief part by value of mother of pearl, horn, shell including tortoiseshell, or coral.Hookahs, nargiles, musical instruments, bells, gongs, incense burners, masks, adzes, mattocks, finger and keyhole plates, door handles and locks, hinges and latches, samovars, kukris and machetes, composed wholly or in chief part by value of base metals, if not more than their primary shape is attained by mechanically powered tools or machines.Bracelets, nargiles and hookahs, composed wholly or in chief part by value of glass.Fabrics decorated with crewel embroidery, hand-woven semi-finished wall hangings on back strap looms, reverse hand-sewn appliqué wall hangings, and dhurries, composed wholly or in chief part by weight of wool or cotton.Lanterns, composed wholly or in chief part by value of stone.Under this Act, the Governor in Council may amend the list of goods in this tariff item.Goods may be classified under this tariff item on production of a certificate in duplicate in the prescribed form with the information required to be provided with the form, and signed by a representative of the government of the country of origin or any other authorized person in the country of origin recognized by the Minister of National Revenue as competent for that purpose.                                                                                       .;;;;;;;ES;Special classification provisions - commercial---The following handicraft goods, originating in a country entitled to the benefits of the General Preferential Tariff, having forms or representing any national, territorial or religious symbols of the geographical region where produced, having acquired their essential characteristics by the handiwork of individual craftspeople using tools held by hand or tools not powered by machines other than those powered by hand or foot, being non-utilitarian and not copies or imitations of handicraft goods of any country other than the country in which they originate, and not produced in large quantities by sophisticated tools or by moulding:Puppets, musical instruments (other than guitars, viols, harpsichords or copies of antique instruments), gourds and calabashes, incense burners, retablos, fans, screens, lacquer ware, hand-carved picture frames, hand-carved figurines of animals, and religious symbols and statuettes, composed wholly or in chief part by value of wood, if not more than their primary shape is attained by mechanically powered tools or machines.Ornaments, mirrors and figurines, composed wholly or in chief part by value of bread dough.Hookahs, nargiles, candelabra and incense burners, composed wholly or in chief part by value of clay.Figurines, fans, hats, musical instruments, toys, sitkas, greeting cards and wall hangings, composed wholly or in chief part by weight of vegetable fibres or vegetable materials other than linen, cotton or corn husks.Figurines, masks, baskets and artistic cut-outs, composed wholly or in chief part by value of paper or papier maché.Puppets, bellows, pouffes, bottle cases, and wine or water bottles and jugs, composed wholly or in chief part by value of hide or of leather that has not been finished beyond tanning other than by individual craftspeople.Figurines, costume jewellery, beads, belts, hair pins, buttons, lamp bases and key holders, composed wholly or in chief part by value of coconut shell.Musical instruments, chimes, combs, fans, costume jewellery, beads, belts, hair pins, wall and table decorations, buttons, lamp bases and key holders, composed wholly or in chief part by value of mother of pearl, horn, shell including tortoiseshell, or coral.Hookahs, nargiles, musical instruments, bells, gongs, incense burners, masks, adzes, mattocks, finger and keyhole plates, door handles and locks, hinges and latches, samovars, kukris and machetes, composed wholly or in chief part by value of base metals, if not more than their primary shape is attained by mechanically powered tools or machines.Bracelets, nargiles and hookahs, composed wholly or in chief part by value of glass.Fabrics decorated with crewel embroidery, hand-woven semi-finished wall hangings on back strap looms, reverse hand-sewn appliqué wall hangings, and dhurries, composed wholly or in chief part by weight of wool or cotton.Lanterns, composed wholly or in chief part by value of stone.Under this Act, the Governor in Council may amend the list of goods in this tariff item.Goods may be classified under this tariff item on production of a certificate in duplicate in the prescribed form with the information required to be provided with the form, and signed by a representative of the government of the country of origin or any other authorized person in the country of origin recognized by the Minister of National Revenue as competent for that purpose.                                                                                       .;;;;;;;N/A;;_DCA2;20240101;99991231;0;0;;;;;;
CA;99870000;20240101;99991231;EN;Special classification provisions - commercial---The following handicraft goods, originating in a country entitled to the benefits of the General Preferential Tariff, having forms or representing any national, territorial or religious symbols of the geographical region where produced, having acquired their essential characteristics by the handiwork of individual craftspeople using tools held by hand or tools not powered by machines other than those powered by hand or foot, being non-utilitarian and not copies or imitations of handicraft goods of any country other than the country in which they originate, and not produced in large quantities by sophisticated tools or by moulding:Puppets, musical instruments (other than guitars, viols, harpsichords or copies of antique instruments), gourds and calabashes, incense burners, retablos, fans, screens, lacquer ware, hand-carved picture frames, hand-carved figurines of animals, and religious symbols and statuettes, composed wholly or in chief part by value of wood, if not more than their primary shape is attained by mechanically powered tools or machines.Ornaments, mirrors and figurines, composed wholly or in chief part by value of bread dough.Hookahs, nargiles, candelabra and incense burners, composed wholly or in chief part by value of clay.Figurines, fans, hats, musical instruments, toys, sitkas, greeting cards and wall hangings, composed wholly or in chief part by weight of vegetable fibres or vegetable materials other than linen, cotton or corn husks.Figurines, masks, baskets and artistic cut-outs, composed wholly or in chief part by value of paper or papier maché.Puppets, bellows, pouffes, bottle cases, and wine or water bottles and jugs, composed wholly or in chief part by value of hide or of leather that has not been finished beyond tanning other than by individual craftspeople.Figurines, costume jewellery, beads, belts, hair pins, buttons, lamp bases and key holders, composed wholly or in chief part by value of coconut shell.Musical instruments, chimes, combs, fans, costume jewellery, beads, belts, hair pins, wall and table decorations, buttons, lamp bases and key holders, composed wholly or in chief part by value of mother of pearl, horn, shell including tortoiseshell, or coral.Hookahs, nargiles, musical instruments, bells, gongs, incense burners, masks, adzes, mattocks, finger and keyhole plates, door handles and locks, hinges and latches, samovars, kukris and machetes, composed wholly or in chief part by value of base metals, if not more than their primary shape is attained by mechanically powered tools or machines.Bracelets, nargiles and hookahs, composed wholly or in chief part by value of glass.Fabrics decorated with crewel embroidery, hand-woven semi-finished wall hangings on back strap looms, reverse hand-sewn appliqué wall hangings, and dhurries, composed wholly or in chief part by weight of wool or cotton.Lanterns, composed wholly or in chief part by value of stone.Under this Act, the Governor in Council may amend the list of goods in this tariff item.Goods may be classified under this tariff item on production of a certificate in duplicate in the prescribed form with the information required to be provided with the form, and signed by a representative of the government of the country of origin or any other authorized person in the country of origin recognized by the Minister of National Revenue as competent for that purpose.                                                                                       .;;;;;;;ES;Special classification provisions - commercial---The following handicraft goods, originating in a country entitled to the benefits of the General Preferential Tariff, having forms or representing any national, territorial or religious symbols of the geographical region where produced, having acquired their essential characteristics by the handiwork of individual craftspeople using tools held by hand or tools not powered by machines other than those powered by hand or foot, being non-utilitarian and not copies or imitations of handicraft goods of any country other than the country in which they originate, and not produced in large quantities by sophisticated tools or by moulding:Puppets, musical instruments (other than guitars, viols, harpsichords or copies of antique instruments), gourds and calabashes, incense burners, retablos, fans, screens, lacquer ware, hand-carved picture frames, hand-carved figurines of animals, and religious symbols and statuettes, composed wholly or in chief part by value of wood, if not more than their primary shape is attained by mechanically powered tools or machines.Ornaments, mirrors and figurines, composed wholly or in chief part by value of bread dough.Hookahs, nargiles, candelabra and incense burners, composed wholly or in chief part by value of clay.Figurines, fans, hats, musical instruments, toys, sitkas, greeting cards and wall hangings, composed wholly or in chief part by weight of vegetable fibres or vegetable materials other than linen, cotton or corn husks.Figurines, masks, baskets and artistic cut-outs, composed wholly or in chief part by value of paper or papier maché.Puppets, bellows, pouffes, bottle cases, and wine or water bottles and jugs, composed wholly or in chief part by value of hide or of leather that has not been finished beyond tanning other than by individual craftspeople.Figurines, costume jewellery, beads, belts, hair pins, buttons, lamp bases and key holders, composed wholly or in chief part by value of coconut shell.Musical instruments, chimes, combs, fans, costume jewellery, beads, belts, hair pins, wall and table decorations, buttons, lamp bases and key holders, composed wholly or in chief part by value of mother of pearl, horn, shell including tortoiseshell, or coral.Hookahs, nargiles, musical instruments, bells, gongs, incense burners, masks, adzes, mattocks, finger and keyhole plates, door handles and locks, hinges and latches, samovars, kukris and machetes, composed wholly or in chief part by value of base metals, if not more than their primary shape is attained by mechanically powered tools or machines.Bracelets, nargiles and hookahs, composed wholly or in chief part by value of glass.Fabrics decorated with crewel embroidery, hand-woven semi-finished wall hangings on back strap looms, reverse hand-sewn appliqué wall hangings, and dhurries, composed wholly or in chief part by weight of wool or cotton.Lanterns, composed wholly or in chief part by value of stone.Under this Act, the Governor in Council may amend the list of goods in this tariff item.Goods may be classified under this tariff item on production of a certificate in duplicate in the prescribed form with the information required to be provided with the form, and signed by a representative of the government of the country of origin or any other authorized person in the country of origin recognized by the Minister of National Revenue as competent for that purpose.                                                                                       .;;;;;;;N/A;;_DCA3;20240101;99991231;0;0;;;;;;
CA;99880000;20240101;99991231;EN;Special classification provisions - commercial---Apparatus, utensils, instruments and parts thereof, other than goods of Chapter 70, when to be employed: (a) directly in teaching or research by(i) any elementary or secondary school, school for disabled persons, university, community college or seminary of learning in Canada,(ii) any educational or research organization named in Schedule II to the Financial Administration Act or any similar educational or research organization established by or under the authority of a provincial government,(iii) any non-governmental organization incorporated or established in Canada solely for educational purposes or solely for the purpose of carrying out research designed to benefit the public at large, if carrying out its objectives without pecuniary return to its members or shareholders other than as salaries or fees for duties performed or as reimbursement of expenses incurred, or (iv) any school, either separately incorporated in Canada or, if not incorporated, not related in any manner to non-qualifying organizations, solely established to offer instruction intended to provide individuals with the skills required for a trade or other gainful occupation or to increase skills or proficiency therein. or(b) in the conservation, restoration, exhibition, circulation or study of artifacts, specimens, records, works of art or library collections by libraries, art galleries, archives, historical houses or sites, zoological gardens, planetaria, botanical gardens, aquaria, nature centres or other museums, if offering their services to the public generally and if carrying out their objectives without pecuniary return to their members or shareholders other than as salaries or fees for duties performed or as reimbursement of expenses incurred. and Microfilms, filmstrips, slides, cinematographic films, maps, charts, pictures, designs, photographs, video tape recordings and sound recordings, when for use by the above described organizations or by organizations incorporated or established in Canada solely for religious purposes.;;;;;;;ES;Special classification provisions - commercial---Apparatus, utensils, instruments and parts thereof, other than goods of Chapter 70, when to be employed: (a) directly in teaching or research by(i) any elementary or secondary school, school for disabled persons, university, community college or seminary of learning in Canada,(ii) any educational or research organization named in Schedule II to the Financial Administration Act or any similar educational or research organization established by or under the authority of a provincial government,(iii) any non-governmental organization incorporated or established in Canada solely for educational purposes or solely for the purpose of carrying out research designed to benefit the public at large, if carrying out its objectives without pecuniary return to its members or shareholders other than as salaries or fees for duties performed or as reimbursement of expenses incurred, or (iv) any school, either separately incorporated in Canada or, if not incorporated, not related in any manner to non-qualifying organizations, solely established to offer instruction intended to provide individuals with the skills required for a trade or other gainful occupation or to increase skills or proficiency therein. or(b) in the conservation, restoration, exhibition, circulation or study of artifacts, specimens, records, works of art or library collections by libraries, art galleries, archives, historical houses or sites, zoological gardens, planetaria, botanical gardens, aquaria, nature centres or other museums, if offering their services to the public generally and if carrying out their objectives without pecuniary return to their members or shareholders other than as salaries or fees for duties performed or as reimbursement of expenses incurred. and Microfilms, filmstrips, slides, cinematographic films, maps, charts, pictures, designs, photographs, video tape recordings and sound recordings, when for use by the above described organizations or by organizations incorporated or established in Canada solely for religious purposes.;;;;;;;N/A;;_DCA1;20240101;99991231;0;0;;;;;;
CA;99880000;20240101;99991231;EN;Special classification provisions - commercial---Apparatus, utensils, instruments and parts thereof, other than goods of Chapter 70, when to be employed: (a) directly in teaching or research by(i) any elementary or secondary school, school for disabled persons, university, community college or seminary of learning in Canada,(ii) any educational or research organization named in Schedule II to the Financial Administration Act or any similar educational or research organization established by or under the authority of a provincial government,(iii) any non-governmental organization incorporated or established in Canada solely for educational purposes or solely for the purpose of carrying out research designed to benefit the public at large, if carrying out its objectives without pecuniary return to its members or shareholders other than as salaries or fees for duties performed or as reimbursement of expenses incurred, or (iv) any school, either separately incorporated in Canada or, if not incorporated, not related in any manner to non-qualifying organizations, solely established to offer instruction intended to provide individuals with the skills required for a trade or other gainful occupation or to increase skills or proficiency therein. or(b) in the conservation, restoration, exhibition, circulation or study of artifacts, specimens, records, works of art or library collections by libraries, art galleries, archives, historical houses or sites, zoological gardens, planetaria, botanical gardens, aquaria, nature centres or other museums, if offering their services to the public generally and if carrying out their objectives without pecuniary return to their members or shareholders other than as salaries or fees for duties performed or as reimbursement of expenses incurred. and Microfilms, filmstrips, slides, cinematographic films, maps, charts, pictures, designs, photographs, video tape recordings and sound recordings, when for use by the above described organizations or by organizations incorporated or established in Canada solely for religious purposes.;;;;;;;ES;Special classification provisions - commercial---Apparatus, utensils, instruments and parts thereof, other than goods of Chapter 70, when to be employed: (a) directly in teaching or research by(i) any elementary or secondary school, school for disabled persons, university, community college or seminary of learning in Canada,(ii) any educational or research organization named in Schedule II to the Financial Administration Act or any similar educational or research organization established by or under the authority of a provincial government,(iii) any non-governmental organization incorporated or established in Canada solely for educational purposes or solely for the purpose of carrying out research designed to benefit the public at large, if carrying out its objectives without pecuniary return to its members or shareholders other than as salaries or fees for duties performed or as reimbursement of expenses incurred, or (iv) any school, either separately incorporated in Canada or, if not incorporated, not related in any manner to non-qualifying organizations, solely established to offer instruction intended to provide individuals with the skills required for a trade or other gainful occupation or to increase skills or proficiency therein. or(b) in the conservation, restoration, exhibition, circulation or study of artifacts, specimens, records, works of art or library collections by libraries, art galleries, archives, historical houses or sites, zoological gardens, planetaria, botanical gardens, aquaria, nature centres or other museums, if offering their services to the public generally and if carrying out their objectives without pecuniary return to their members or shareholders other than as salaries or fees for duties performed or as reimbursement of expenses incurred. and Microfilms, filmstrips, slides, cinematographic films, maps, charts, pictures, designs, photographs, video tape recordings and sound recordings, when for use by the above described organizations or by organizations incorporated or established in Canada solely for religious purposes.;;;;;;;N/A;;_DCA10;20240101;99991231;0;0;;;;;;
CA;99880000;20240101;99991231;EN;Special classification provisions - commercial---Apparatus, utensils, instruments and parts thereof, other than goods of Chapter 70, when to be employed: (a) directly in teaching or research by(i) any elementary or secondary school, school for disabled persons, university, community college or seminary of learning in Canada,(ii) any educational or research organization named in Schedule II to the Financial Administration Act or any similar educational or research organization established by or under the authority of a provincial government,(iii) any non-governmental organization incorporated or established in Canada solely for educational purposes or solely for the purpose of carrying out research designed to benefit the public at large, if carrying out its objectives without pecuniary return to its members or shareholders other than as salaries or fees for duties performed or as reimbursement of expenses incurred, or (iv) any school, either separately incorporated in Canada or, if not incorporated, not related in any manner to non-qualifying organizations, solely established to offer instruction intended to provide individuals with the skills required for a trade or other gainful occupation or to increase skills or proficiency therein. or(b) in the conservation, restoration, exhibition, circulation or study of artifacts, specimens, records, works of art or library collections by libraries, art galleries, archives, historical houses or sites, zoological gardens, planetaria, botanical gardens, aquaria, nature centres or other museums, if offering their services to the public generally and if carrying out their objectives without pecuniary return to their members or shareholders other than as salaries or fees for duties performed or as reimbursement of expenses incurred. and Microfilms, filmstrips, slides, cinematographic films, maps, charts, pictures, designs, photographs, video tape recordings and sound recordings, when for use by the above described organizations or by organizations incorporated or established in Canada solely for religious purposes.;;;;;;;ES;Special classification provisions - commercial---Apparatus, utensils, instruments and parts thereof, other than goods of Chapter 70, when to be employed: (a) directly in teaching or research by(i) any elementary or secondary school, school for disabled persons, university, community college or seminary of learning in Canada,(ii) any educational or research organization named in Schedule II to the Financial Administration Act or any similar educational or research organization established by or under the authority of a provincial government,(iii) any non-governmental organization incorporated or established in Canada solely for educational purposes or solely for the purpose of carrying out research designed to benefit the public at large, if carrying out its objectives without pecuniary return to its members or shareholders other than as salaries or fees for duties performed or as reimbursement of expenses incurred, or (iv) any school, either separately incorporated in Canada or, if not incorporated, not related in any manner to non-qualifying organizations, solely established to offer instruction intended to provide individuals with the skills required for a trade or other gainful occupation or to increase skills or proficiency therein. or(b) in the conservation, restoration, exhibition, circulation or study of artifacts, specimens, records, works of art or library collections by libraries, art galleries, archives, historical houses or sites, zoological gardens, planetaria, botanical gardens, aquaria, nature centres or other museums, if offering their services to the public generally and if carrying out their objectives without pecuniary return to their members or shareholders other than as salaries or fees for duties performed or as reimbursement of expenses incurred. and Microfilms, filmstrips, slides, cinematographic films, maps, charts, pictures, designs, photographs, video tape recordings and sound recordings, when for use by the above described organizations or by organizations incorporated or established in Canada solely for religious purposes.;;;;;;;N/A;;_DCA12;20240101;99991231;35;0;;;;;;
CA;99880000;20240101;99991231;EN;Special classification provisions - commercial---Apparatus, utensils, instruments and parts thereof, other than goods of Chapter 70, when to be employed: (a) directly in teaching or research by(i) any elementary or secondary school, school for disabled persons, university, community college or seminary of learning in Canada,(ii) any educational or research organization named in Schedule II to the Financial Administration Act or any similar educational or research organization established by or under the authority of a provincial government,(iii) any non-governmental organization incorporated or established in Canada solely for educational purposes or solely for the purpose of carrying out research designed to benefit the public at large, if carrying out its objectives without pecuniary return to its members or shareholders other than as salaries or fees for duties performed or as reimbursement of expenses incurred, or (iv) any school, either separately incorporated in Canada or, if not incorporated, not related in any manner to non-qualifying organizations, solely established to offer instruction intended to provide individuals with the skills required for a trade or other gainful occupation or to increase skills or proficiency therein. or(b) in the conservation, restoration, exhibition, circulation or study of artifacts, specimens, records, works of art or library collections by libraries, art galleries, archives, historical houses or sites, zoological gardens, planetaria, botanical gardens, aquaria, nature centres or other museums, if offering their services to the public generally and if carrying out their objectives without pecuniary return to their members or shareholders other than as salaries or fees for duties performed or as reimbursement of expenses incurred. and Microfilms, filmstrips, slides, cinematographic films, maps, charts, pictures, designs, photographs, video tape recordings and sound recordings, when for use by the above described organizations or by organizations incorporated or established in Canada solely for religious purposes.;;;;;;;ES;Special classification provisions - commercial---Apparatus, utensils, instruments and parts thereof, other than goods of Chapter 70, when to be employed: (a) directly in teaching or research by(i) any elementary or secondary school, school for disabled persons, university, community college or seminary of learning in Canada,(ii) any educational or research organization named in Schedule II to the Financial Administration Act or any similar educational or research organization established by or under the authority of a provincial government,(iii) any non-governmental organization incorporated or established in Canada solely for educational purposes or solely for the purpose of carrying out research designed to benefit the public at large, if carrying out its objectives without pecuniary return to its members or shareholders other than as salaries or fees for duties performed or as reimbursement of expenses incurred, or (iv) any school, either separately incorporated in Canada or, if not incorporated, not related in any manner to non-qualifying organizations, solely established to offer instruction intended to provide individuals with the skills required for a trade or other gainful occupation or to increase skills or proficiency therein. or(b) in the conservation, restoration, exhibition, circulation or study of artifacts, specimens, records, works of art or library collections by libraries, art galleries, archives, historical houses or sites, zoological gardens, planetaria, botanical gardens, aquaria, nature centres or other museums, if offering their services to the public generally and if carrying out their objectives without pecuniary return to their members or shareholders other than as salaries or fees for duties performed or as reimbursement of expenses incurred. and Microfilms, filmstrips, slides, cinematographic films, maps, charts, pictures, designs, photographs, video tape recordings and sound recordings, when for use by the above described organizations or by organizations incorporated or established in Canada solely for religious purposes.;;;;;;;N/A;;_DCA14;20240101;99991231;0;0;;;;;;
CA;99880000;20240101;99991231;EN;Special classification provisions - commercial---Apparatus, utensils, instruments and parts thereof, other than goods of Chapter 70, when to be employed: (a) directly in teaching or research by(i) any elementary or secondary school, school for disabled persons, university, community college or seminary of learning in Canada,(ii) any educational or research organization named in Schedule II to the Financial Administration Act or any similar educational or research organization established by or under the authority of a provincial government,(iii) any non-governmental organization incorporated or established in Canada solely for educational purposes or solely for the purpose of carrying out research designed to benefit the public at large, if carrying out its objectives without pecuniary return to its members or shareholders other than as salaries or fees for duties performed or as reimbursement of expenses incurred, or (iv) any school, either separately incorporated in Canada or, if not incorporated, not related in any manner to non-qualifying organizations, solely established to offer instruction intended to provide individuals with the skills required for a trade or other gainful occupation or to increase skills or proficiency therein. or(b) in the conservation, restoration, exhibition, circulation or study of artifacts, specimens, records, works of art or library collections by libraries, art galleries, archives, historical houses or sites, zoological gardens, planetaria, botanical gardens, aquaria, nature centres or other museums, if offering their services to the public generally and if carrying out their objectives without pecuniary return to their members or shareholders other than as salaries or fees for duties performed or as reimbursement of expenses incurred. and Microfilms, filmstrips, slides, cinematographic films, maps, charts, pictures, designs, photographs, video tape recordings and sound recordings, when for use by the above described organizations or by organizations incorporated or established in Canada solely for religious purposes.;;;;;;;ES;Special classification provisions - commercial---Apparatus, utensils, instruments and parts thereof, other than goods of Chapter 70, when to be employed: (a) directly in teaching or research by(i) any elementary or secondary school, school for disabled persons, university, community college or seminary of learning in Canada,(ii) any educational or research organization named in Schedule II to the Financial Administration Act or any similar educational or research organization established by or under the authority of a provincial government,(iii) any non-governmental organization incorporated or established in Canada solely for educational purposes or solely for the purpose of carrying out research designed to benefit the public at large, if carrying out its objectives without pecuniary return to its members or shareholders other than as salaries or fees for duties performed or as reimbursement of expenses incurred, or (iv) any school, either separately incorporated in Canada or, if not incorporated, not related in any manner to non-qualifying organizations, solely established to offer instruction intended to provide individuals with the skills required for a trade or other gainful occupation or to increase skills or proficiency therein. or(b) in the conservation, restoration, exhibition, circulation or study of artifacts, specimens, records, works of art or library collections by libraries, art galleries, archives, historical houses or sites, zoological gardens, planetaria, botanical gardens, aquaria, nature centres or other museums, if offering their services to the public generally and if carrying out their objectives without pecuniary return to their members or shareholders other than as salaries or fees for duties performed or as reimbursement of expenses incurred. and Microfilms, filmstrips, slides, cinematographic films, maps, charts, pictures, designs, photographs, video tape recordings and sound recordings, when for use by the above described organizations or by organizations incorporated or established in Canada solely for religious purposes.;;;;;;;N/A;;_DCA17;20240101;99991231;0;0;;;;;;
CA;99880000;20240101;99991231;EN;Special classification provisions - commercial---Apparatus, utensils, instruments and parts thereof, other than goods of Chapter 70, when to be employed: (a) directly in teaching or research by(i) any elementary or secondary school, school for disabled persons, university, community college or seminary of learning in Canada,(ii) any educational or research organization named in Schedule II to the Financial Administration Act or any similar educational or research organization established by or under the authority of a provincial government,(iii) any non-governmental organization incorporated or established in Canada solely for educational purposes or solely for the purpose of carrying out research designed to benefit the public at large, if carrying out its objectives without pecuniary return to its members or shareholders other than as salaries or fees for duties performed or as reimbursement of expenses incurred, or (iv) any school, either separately incorporated in Canada or, if not incorporated, not related in any manner to non-qualifying organizations, solely established to offer instruction intended to provide individuals with the skills required for a trade or other gainful occupation or to increase skills or proficiency therein. or(b) in the conservation, restoration, exhibition, circulation or study of artifacts, specimens, records, works of art or library collections by libraries, art galleries, archives, historical houses or sites, zoological gardens, planetaria, botanical gardens, aquaria, nature centres or other museums, if offering their services to the public generally and if carrying out their objectives without pecuniary return to their members or shareholders other than as salaries or fees for duties performed or as reimbursement of expenses incurred. and Microfilms, filmstrips, slides, cinematographic films, maps, charts, pictures, designs, photographs, video tape recordings and sound recordings, when for use by the above described organizations or by organizations incorporated or established in Canada solely for religious purposes.;;;;;;;ES;Special classification provisions - commercial---Apparatus, utensils, instruments and parts thereof, other than goods of Chapter 70, when to be employed: (a) directly in teaching or research by(i) any elementary or secondary school, school for disabled persons, university, community college or seminary of learning in Canada,(ii) any educational or research organization named in Schedule II to the Financial Administration Act or any similar educational or research organization established by or under the authority of a provincial government,(iii) any non-governmental organization incorporated or established in Canada solely for educational purposes or solely for the purpose of carrying out research designed to benefit the public at large, if carrying out its objectives without pecuniary return to its members or shareholders other than as salaries or fees for duties performed or as reimbursement of expenses incurred, or (iv) any school, either separately incorporated in Canada or, if not incorporated, not related in any manner to non-qualifying organizations, solely established to offer instruction intended to provide individuals with the skills required for a trade or other gainful occupation or to increase skills or proficiency therein. or(b) in the conservation, restoration, exhibition, circulation or study of artifacts, specimens, records, works of art or library collections by libraries, art galleries, archives, historical houses or sites, zoological gardens, planetaria, botanical gardens, aquaria, nature centres or other museums, if offering their services to the public generally and if carrying out their objectives without pecuniary return to their members or shareholders other than as salaries or fees for duties performed or as reimbursement of expenses incurred. and Microfilms, filmstrips, slides, cinematographic films, maps, charts, pictures, designs, photographs, video tape recordings and sound recordings, when for use by the above described organizations or by organizations incorporated or established in Canada solely for religious purposes.;;;;;;;N/A;;_DCA18;20240101;99991231;0;0;;;;;;
CA;99880000;20240101;99991231;EN;Special classification provisions - commercial---Apparatus, utensils, instruments and parts thereof, other than goods of Chapter 70, when to be employed: (a) directly in teaching or research by(i) any elementary or secondary school, school for disabled persons, university, community college or seminary of learning in Canada,(ii) any educational or research organization named in Schedule II to the Financial Administration Act or any similar educational or research organization established by or under the authority of a provincial government,(iii) any non-governmental organization incorporated or established in Canada solely for educational purposes or solely for the purpose of carrying out research designed to benefit the public at large, if carrying out its objectives without pecuniary return to its members or shareholders other than as salaries or fees for duties performed or as reimbursement of expenses incurred, or (iv) any school, either separately incorporated in Canada or, if not incorporated, not related in any manner to non-qualifying organizations, solely established to offer instruction intended to provide individuals with the skills required for a trade or other gainful occupation or to increase skills or proficiency therein. or(b) in the conservation, restoration, exhibition, circulation or study of artifacts, specimens, records, works of art or library collections by libraries, art galleries, archives, historical houses or sites, zoological gardens, planetaria, botanical gardens, aquaria, nature centres or other museums, if offering their services to the public generally and if carrying out their objectives without pecuniary return to their members or shareholders other than as salaries or fees for duties performed or as reimbursement of expenses incurred. and Microfilms, filmstrips, slides, cinematographic films, maps, charts, pictures, designs, photographs, video tape recordings and sound recordings, when for use by the above described organizations or by organizations incorporated or established in Canada solely for religious purposes.;;;;;;;ES;Special classification provisions - commercial---Apparatus, utensils, instruments and parts thereof, other than goods of Chapter 70, when to be employed: (a) directly in teaching or research by(i) any elementary or secondary school, school for disabled persons, university, community college or seminary of learning in Canada,(ii) any educational or research organization named in Schedule II to the Financial Administration Act or any similar educational or research organization established by or under the authority of a provincial government,(iii) any non-governmental organization incorporated or established in Canada solely for educational purposes or solely for the purpose of carrying out research designed to benefit the public at large, if carrying out its objectives without pecuniary return to its members or shareholders other than as salaries or fees for duties performed or as reimbursement of expenses incurred, or (iv) any school, either separately incorporated in Canada or, if not incorporated, not related in any manner to non-qualifying organizations, solely established to offer instruction intended to provide individuals with the skills required for a trade or other gainful occupation or to increase skills or proficiency therein. or(b) in the conservation, restoration, exhibition, circulation or study of artifacts, specimens, records, works of art or library collections by libraries, art galleries, archives, historical houses or sites, zoological gardens, planetaria, botanical gardens, aquaria, nature centres or other museums, if offering their services to the public generally and if carrying out their objectives without pecuniary return to their members or shareholders other than as salaries or fees for duties performed or as reimbursement of expenses incurred. and Microfilms, filmstrips, slides, cinematographic films, maps, charts, pictures, designs, photographs, video tape recordings and sound recordings, when for use by the above described organizations or by organizations incorporated or established in Canada solely for religious purposes.;;;;;;;N/A;;_DCA19;20240101;99991231;0;0;;;;;;
CA;99880000;20240101;99991231;EN;Special classification provisions - commercial---Apparatus, utensils, instruments and parts thereof, other than goods of Chapter 70, when to be employed: (a) directly in teaching or research by(i) any elementary or secondary school, school for disabled persons, university, community college or seminary of learning in Canada,(ii) any educational or research organization named in Schedule II to the Financial Administration Act or any similar educational or research organization established by or under the authority of a provincial government,(iii) any non-governmental organization incorporated or established in Canada solely for educational purposes or solely for the purpose of carrying out research designed to benefit the public at large, if carrying out its objectives without pecuniary return to its members or shareholders other than as salaries or fees for duties performed or as reimbursement of expenses incurred, or (iv) any school, either separately incorporated in Canada or, if not incorporated, not related in any manner to non-qualifying organizations, solely established to offer instruction intended to provide individuals with the skills required for a trade or other gainful occupation or to increase skills or proficiency therein. or(b) in the conservation, restoration, exhibition, circulation or study of artifacts, specimens, records, works of art or library collections by libraries, art galleries, archives, historical houses or sites, zoological gardens, planetaria, botanical gardens, aquaria, nature centres or other museums, if offering their services to the public generally and if carrying out their objectives without pecuniary return to their members or shareholders other than as salaries or fees for duties performed or as reimbursement of expenses incurred. and Microfilms, filmstrips, slides, cinematographic films, maps, charts, pictures, designs, photographs, video tape recordings and sound recordings, when for use by the above described organizations or by organizations incorporated or established in Canada solely for religious purposes.;;;;;;;ES;Special classification provisions - commercial---Apparatus, utensils, instruments and parts thereof, other than goods of Chapter 70, when to be employed: (a) directly in teaching or research by(i) any elementary or secondary school, school for disabled persons, university, community college or seminary of learning in Canada,(ii) any educational or research organization named in Schedule II to the Financial Administration Act or any similar educational or research organization established by or under the authority of a provincial government,(iii) any non-governmental organization incorporated or established in Canada solely for educational purposes or solely for the purpose of carrying out research designed to benefit the public at large, if carrying out its objectives without pecuniary return to its members or shareholders other than as salaries or fees for duties performed or as reimbursement of expenses incurred, or (iv) any school, either separately incorporated in Canada or, if not incorporated, not related in any manner to non-qualifying organizations, solely established to offer instruction intended to provide individuals with the skills required for a trade or other gainful occupation or to increase skills or proficiency therein. or(b) in the conservation, restoration, exhibition, circulation or study of artifacts, specimens, records, works of art or library collections by libraries, art galleries, archives, historical houses or sites, zoological gardens, planetaria, botanical gardens, aquaria, nature centres or other museums, if offering their services to the public generally and if carrying out their objectives without pecuniary return to their members or shareholders other than as salaries or fees for duties performed or as reimbursement of expenses incurred. and Microfilms, filmstrips, slides, cinematographic films, maps, charts, pictures, designs, photographs, video tape recordings and sound recordings, when for use by the above described organizations or by organizations incorporated or established in Canada solely for religious purposes.;;;;;;;N/A;;_DCA2;20240101;99991231;0;0;;;;;;
CA;99880000;20240101;99991231;EN;Special classification provisions - commercial---Apparatus, utensils, instruments and parts thereof, other than goods of Chapter 70, when to be employed: (a) directly in teaching or research by(i) any elementary or secondary school, school for disabled persons, university, community college or seminary of learning in Canada,(ii) any educational or research organization named in Schedule II to the Financial Administration Act or any similar educational or research organization established by or under the authority of a provincial government,(iii) any non-governmental organization incorporated or established in Canada solely for educational purposes or solely for the purpose of carrying out research designed to benefit the public at large, if carrying out its objectives without pecuniary return to its members or shareholders other than as salaries or fees for duties performed or as reimbursement of expenses incurred, or (iv) any school, either separately incorporated in Canada or, if not incorporated, not related in any manner to non-qualifying organizations, solely established to offer instruction intended to provide individuals with the skills required for a trade or other gainful occupation or to increase skills or proficiency therein. or(b) in the conservation, restoration, exhibition, circulation or study of artifacts, specimens, records, works of art or library collections by libraries, art galleries, archives, historical houses or sites, zoological gardens, planetaria, botanical gardens, aquaria, nature centres or other museums, if offering their services to the public generally and if carrying out their objectives without pecuniary return to their members or shareholders other than as salaries or fees for duties performed or as reimbursement of expenses incurred. and Microfilms, filmstrips, slides, cinematographic films, maps, charts, pictures, designs, photographs, video tape recordings and sound recordings, when for use by the above described organizations or by organizations incorporated or established in Canada solely for religious purposes.;;;;;;;ES;Special classification provisions - commercial---Apparatus, utensils, instruments and parts thereof, other than goods of Chapter 70, when to be employed: (a) directly in teaching or research by(i) any elementary or secondary school, school for disabled persons, university, community college or seminary of learning in Canada,(ii) any educational or research organization named in Schedule II to the Financial Administration Act or any similar educational or research organization established by or under the authority of a provincial government,(iii) any non-governmental organization incorporated or established in Canada solely for educational purposes or solely for the purpose of carrying out research designed to benefit the public at large, if carrying out its objectives without pecuniary return to its members or shareholders other than as salaries or fees for duties performed or as reimbursement of expenses incurred, or (iv) any school, either separately incorporated in Canada or, if not incorporated, not related in any manner to non-qualifying organizations, solely established to offer instruction intended to provide individuals with the skills required for a trade or other gainful occupation or to increase skills or proficiency therein. or(b) in the conservation, restoration, exhibition, circulation or study of artifacts, specimens, records, works of art or library collections by libraries, art galleries, archives, historical houses or sites, zoological gardens, planetaria, botanical gardens, aquaria, nature centres or other museums, if offering their services to the public generally and if carrying out their objectives without pecuniary return to their members or shareholders other than as salaries or fees for duties performed or as reimbursement of expenses incurred. and Microfilms, filmstrips, slides, cinematographic films, maps, charts, pictures, designs, photographs, video tape recordings and sound recordings, when for use by the above described organizations or by organizations incorporated or established in Canada solely for religious purposes.;;;;;;;N/A;;_DCA20;20240101;99991231;0;0;;;;;;
CA;99880000;20240101;99991231;EN;Special classification provisions - commercial---Apparatus, utensils, instruments and parts thereof, other than goods of Chapter 70, when to be employed: (a) directly in teaching or research by(i) any elementary or secondary school, school for disabled persons, university, community college or seminary of learning in Canada,(ii) any educational or research organization named in Schedule II to the Financial Administration Act or any similar educational or research organization established by or under the authority of a provincial government,(iii) any non-governmental organization incorporated or established in Canada solely for educational purposes or solely for the purpose of carrying out research designed to benefit the public at large, if carrying out its objectives without pecuniary return to its members or shareholders other than as salaries or fees for duties performed or as reimbursement of expenses incurred, or (iv) any school, either separately incorporated in Canada or, if not incorporated, not related in any manner to non-qualifying organizations, solely established to offer instruction intended to provide individuals with the skills required for a trade or other gainful occupation or to increase skills or proficiency therein. or(b) in the conservation, restoration, exhibition, circulation or study of artifacts, specimens, records, works of art or library collections by libraries, art galleries, archives, historical houses or sites, zoological gardens, planetaria, botanical gardens, aquaria, nature centres or other museums, if offering their services to the public generally and if carrying out their objectives without pecuniary return to their members or shareholders other than as salaries or fees for duties performed or as reimbursement of expenses incurred. and Microfilms, filmstrips, slides, cinematographic films, maps, charts, pictures, designs, photographs, video tape recordings and sound recordings, when for use by the above described organizations or by organizations incorporated or established in Canada solely for religious purposes.;;;;;;;ES;Special classification provisions - commercial---Apparatus, utensils, instruments and parts thereof, other than goods of Chapter 70, when to be employed: (a) directly in teaching or research by(i) any elementary or secondary school, school for disabled persons, university, community college or seminary of learning in Canada,(ii) any educational or research organization named in Schedule II to the Financial Administration Act or any similar educational or research organization established by or under the authority of a provincial government,(iii) any non-governmental organization incorporated or established in Canada solely for educational purposes or solely for the purpose of carrying out research designed to benefit the public at large, if carrying out its objectives without pecuniary return to its members or shareholders other than as salaries or fees for duties performed or as reimbursement of expenses incurred, or (iv) any school, either separately incorporated in Canada or, if not incorporated, not related in any manner to non-qualifying organizations, solely established to offer instruction intended to provide individuals with the skills required for a trade or other gainful occupation or to increase skills or proficiency therein. or(b) in the conservation, restoration, exhibition, circulation or study of artifacts, specimens, records, works of art or library collections by libraries, art galleries, archives, historical houses or sites, zoological gardens, planetaria, botanical gardens, aquaria, nature centres or other museums, if offering their services to the public generally and if carrying out their objectives without pecuniary return to their members or shareholders other than as salaries or fees for duties performed or as reimbursement of expenses incurred. and Microfilms, filmstrips, slides, cinematographic films, maps, charts, pictures, designs, photographs, video tape recordings and sound recordings, when for use by the above described organizations or by organizations incorporated or established in Canada solely for religious purposes.;;;;;;;N/A;;_DCA21;20240101;99991231;0;0;;;;;;
CA;99880000;20240101;99991231;EN;Special classification provisions - commercial---Apparatus, utensils, instruments and parts thereof, other than goods of Chapter 70, when to be employed: (a) directly in teaching or research by(i) any elementary or secondary school, school for disabled persons, university, community college or seminary of learning in Canada,(ii) any educational or research organization named in Schedule II to the Financial Administration Act or any similar educational or research organization established by or under the authority of a provincial government,(iii) any non-governmental organization incorporated or established in Canada solely for educational purposes or solely for the purpose of carrying out research designed to benefit the public at large, if carrying out its objectives without pecuniary return to its members or shareholders other than as salaries or fees for duties performed or as reimbursement of expenses incurred, or (iv) any school, either separately incorporated in Canada or, if not incorporated, not related in any manner to non-qualifying organizations, solely established to offer instruction intended to provide individuals with the skills required for a trade or other gainful occupation or to increase skills or proficiency therein. or(b) in the conservation, restoration, exhibition, circulation or study of artifacts, specimens, records, works of art or library collections by libraries, art galleries, archives, historical houses or sites, zoological gardens, planetaria, botanical gardens, aquaria, nature centres or other museums, if offering their services to the public generally and if carrying out their objectives without pecuniary return to their members or shareholders other than as salaries or fees for duties performed or as reimbursement of expenses incurred. and Microfilms, filmstrips, slides, cinematographic films, maps, charts, pictures, designs, photographs, video tape recordings and sound recordings, when for use by the above described organizations or by organizations incorporated or established in Canada solely for religious purposes.;;;;;;;ES;Special classification provisions - commercial---Apparatus, utensils, instruments and parts thereof, other than goods of Chapter 70, when to be employed: (a) directly in teaching or research by(i) any elementary or secondary school, school for disabled persons, university, community college or seminary of learning in Canada,(ii) any educational or research organization named in Schedule II to the Financial Administration Act or any similar educational or research organization established by or under the authority of a provincial government,(iii) any non-governmental organization incorporated or established in Canada solely for educational purposes or solely for the purpose of carrying out research designed to benefit the public at large, if carrying out its objectives without pecuniary return to its members or shareholders other than as salaries or fees for duties performed or as reimbursement of expenses incurred, or (iv) any school, either separately incorporated in Canada or, if not incorporated, not related in any manner to non-qualifying organizations, solely established to offer instruction intended to provide individuals with the skills required for a trade or other gainful occupation or to increase skills or proficiency therein. or(b) in the conservation, restoration, exhibition, circulation or study of artifacts, specimens, records, works of art or library collections by libraries, art galleries, archives, historical houses or sites, zoological gardens, planetaria, botanical gardens, aquaria, nature centres or other museums, if offering their services to the public generally and if carrying out their objectives without pecuniary return to their members or shareholders other than as salaries or fees for duties performed or as reimbursement of expenses incurred. and Microfilms, filmstrips, slides, cinematographic films, maps, charts, pictures, designs, photographs, video tape recordings and sound recordings, when for use by the above described organizations or by organizations incorporated or established in Canada solely for religious purposes.;;;;;;;N/A;;_DCA22;20240101;99991231;0;0;;;;;;
CA;99880000;20240101;99991231;EN;Special classification provisions - commercial---Apparatus, utensils, instruments and parts thereof, other than goods of Chapter 70, when to be employed: (a) directly in teaching or research by(i) any elementary or secondary school, school for disabled persons, university, community college or seminary of learning in Canada,(ii) any educational or research organization named in Schedule II to the Financial Administration Act or any similar educational or research organization established by or under the authority of a provincial government,(iii) any non-governmental organization incorporated or established in Canada solely for educational purposes or solely for the purpose of carrying out research designed to benefit the public at large, if carrying out its objectives without pecuniary return to its members or shareholders other than as salaries or fees for duties performed or as reimbursement of expenses incurred, or (iv) any school, either separately incorporated in Canada or, if not incorporated, not related in any manner to non-qualifying organizations, solely established to offer instruction intended to provide individuals with the skills required for a trade or other gainful occupation or to increase skills or proficiency therein. or(b) in the conservation, restoration, exhibition, circulation or study of artifacts, specimens, records, works of art or library collections by libraries, art galleries, archives, historical houses or sites, zoological gardens, planetaria, botanical gardens, aquaria, nature centres or other museums, if offering their services to the public generally and if carrying out their objectives without pecuniary return to their members or shareholders other than as salaries or fees for duties performed or as reimbursement of expenses incurred. and Microfilms, filmstrips, slides, cinematographic films, maps, charts, pictures, designs, photographs, video tape recordings and sound recordings, when for use by the above described organizations or by organizations incorporated or established in Canada solely for religious purposes.;;;;;;;ES;Special classification provisions - commercial---Apparatus, utensils, instruments and parts thereof, other than goods of Chapter 70, when to be employed: (a) directly in teaching or research by(i) any elementary or secondary school, school for disabled persons, university, community college or seminary of learning in Canada,(ii) any educational or research organization named in Schedule II to the Financial Administration Act or any similar educational or research organization established by or under the authority of a provincial government,(iii) any non-governmental organization incorporated or established in Canada solely for educational purposes or solely for the purpose of carrying out research designed to benefit the public at large, if carrying out its objectives without pecuniary return to its members or shareholders other than as salaries or fees for duties performed or as reimbursement of expenses incurred, or (iv) any school, either separately incorporated in Canada or, if not incorporated, not related in any manner to non-qualifying organizations, solely established to offer instruction intended to provide individuals with the skills required for a trade or other gainful occupation or to increase skills or proficiency therein. or(b) in the conservation, restoration, exhibition, circulation or study of artifacts, specimens, records, works of art or library collections by libraries, art galleries, archives, historical houses or sites, zoological gardens, planetaria, botanical gardens, aquaria, nature centres or other museums, if offering their services to the public generally and if carrying out their objectives without pecuniary return to their members or shareholders other than as salaries or fees for duties performed or as reimbursement of expenses incurred. and Microfilms, filmstrips, slides, cinematographic films, maps, charts, pictures, designs, photographs, video tape recordings and sound recordings, when for use by the above described organizations or by organizations incorporated or established in Canada solely for religious purposes.;;;;;;;N/A;;_DCA23;20240101;99991231;0;0;;;;;;
CA;99880000;20240101;99991231;EN;Special classification provisions - commercial---Apparatus, utensils, instruments and parts thereof, other than goods of Chapter 70, when to be employed: (a) directly in teaching or research by(i) any elementary or secondary school, school for disabled persons, university, community college or seminary of learning in Canada,(ii) any educational or research organization named in Schedule II to the Financial Administration Act or any similar educational or research organization established by or under the authority of a provincial government,(iii) any non-governmental organization incorporated or established in Canada solely for educational purposes or solely for the purpose of carrying out research designed to benefit the public at large, if carrying out its objectives without pecuniary return to its members or shareholders other than as salaries or fees for duties performed or as reimbursement of expenses incurred, or (iv) any school, either separately incorporated in Canada or, if not incorporated, not related in any manner to non-qualifying organizations, solely established to offer instruction intended to provide individuals with the skills required for a trade or other gainful occupation or to increase skills or proficiency therein. or(b) in the conservation, restoration, exhibition, circulation or study of artifacts, specimens, records, works of art or library collections by libraries, art galleries, archives, historical houses or sites, zoological gardens, planetaria, botanical gardens, aquaria, nature centres or other museums, if offering their services to the public generally and if carrying out their objectives without pecuniary return to their members or shareholders other than as salaries or fees for duties performed or as reimbursement of expenses incurred. and Microfilms, filmstrips, slides, cinematographic films, maps, charts, pictures, designs, photographs, video tape recordings and sound recordings, when for use by the above described organizations or by organizations incorporated or established in Canada solely for religious purposes.;;;;;;;ES;Special classification provisions - commercial---Apparatus, utensils, instruments and parts thereof, other than goods of Chapter 70, when to be employed: (a) directly in teaching or research by(i) any elementary or secondary school, school for disabled persons, university, community college or seminary of learning in Canada,(ii) any educational or research organization named in Schedule II to the Financial Administration Act or any similar educational or research organization established by or under the authority of a provincial government,(iii) any non-governmental organization incorporated or established in Canada solely for educational purposes or solely for the purpose of carrying out research designed to benefit the public at large, if carrying out its objectives without pecuniary return to its members or shareholders other than as salaries or fees for duties performed or as reimbursement of expenses incurred, or (iv) any school, either separately incorporated in Canada or, if not incorporated, not related in any manner to non-qualifying organizations, solely established to offer instruction intended to provide individuals with the skills required for a trade or other gainful occupation or to increase skills or proficiency therein. or(b) in the conservation, restoration, exhibition, circulation or study of artifacts, specimens, records, works of art or library collections by libraries, art galleries, archives, historical houses or sites, zoological gardens, planetaria, botanical gardens, aquaria, nature centres or other museums, if offering their services to the public generally and if carrying out their objectives without pecuniary return to their members or shareholders other than as salaries or fees for duties performed or as reimbursement of expenses incurred. and Microfilms, filmstrips, slides, cinematographic films, maps, charts, pictures, designs, photographs, video tape recordings and sound recordings, when for use by the above described organizations or by organizations incorporated or established in Canada solely for religious purposes.;;;;;;;N/A;;_DCA25;20240101;99991231;0;0;;;;;;
CA;99880000;20240101;99991231;EN;Special classification provisions - commercial---Apparatus, utensils, instruments and parts thereof, other than goods of Chapter 70, when to be employed: (a) directly in teaching or research by(i) any elementary or secondary school, school for disabled persons, university, community college or seminary of learning in Canada,(ii) any educational or research organization named in Schedule II to the Financial Administration Act or any similar educational or research organization established by or under the authority of a provincial government,(iii) any non-governmental organization incorporated or established in Canada solely for educational purposes or solely for the purpose of carrying out research designed to benefit the public at large, if carrying out its objectives without pecuniary return to its members or shareholders other than as salaries or fees for duties performed or as reimbursement of expenses incurred, or (iv) any school, either separately incorporated in Canada or, if not incorporated, not related in any manner to non-qualifying organizations, solely established to offer instruction intended to provide individuals with the skills required for a trade or other gainful occupation or to increase skills or proficiency therein. or(b) in the conservation, restoration, exhibition, circulation or study of artifacts, specimens, records, works of art or library collections by libraries, art galleries, archives, historical houses or sites, zoological gardens, planetaria, botanical gardens, aquaria, nature centres or other museums, if offering their services to the public generally and if carrying out their objectives without pecuniary return to their members or shareholders other than as salaries or fees for duties performed or as reimbursement of expenses incurred. and Microfilms, filmstrips, slides, cinematographic films, maps, charts, pictures, designs, photographs, video tape recordings and sound recordings, when for use by the above described organizations or by organizations incorporated or established in Canada solely for religious purposes.;;;;;;;ES;Special classification provisions - commercial---Apparatus, utensils, instruments and parts thereof, other than goods of Chapter 70, when to be employed: (a) directly in teaching or research by(i) any elementary or secondary school, school for disabled persons, university, community college or seminary of learning in Canada,(ii) any educational or research organization named in Schedule II to the Financial Administration Act or any similar educational or research organization established by or under the authority of a provincial government,(iii) any non-governmental organization incorporated or established in Canada solely for educational purposes or solely for the purpose of carrying out research designed to benefit the public at large, if carrying out its objectives without pecuniary return to its members or shareholders other than as salaries or fees for duties performed or as reimbursement of expenses incurred, or (iv) any school, either separately incorporated in Canada or, if not incorporated, not related in any manner to non-qualifying organizations, solely established to offer instruction intended to provide individuals with the skills required for a trade or other gainful occupation or to increase skills or proficiency therein. or(b) in the conservation, restoration, exhibition, circulation or study of artifacts, specimens, records, works of art or library collections by libraries, art galleries, archives, historical houses or sites, zoological gardens, planetaria, botanical gardens, aquaria, nature centres or other museums, if offering their services to the public generally and if carrying out their objectives without pecuniary return to their members or shareholders other than as salaries or fees for duties performed or as reimbursement of expenses incurred. and Microfilms, filmstrips, slides, cinematographic films, maps, charts, pictures, designs, photographs, video tape recordings and sound recordings, when for use by the above described organizations or by organizations incorporated or established in Canada solely for religious purposes.;;;;;;;N/A;;_DCA26;20240101;99991231;0;0;;;;;;
CA;99880000;20240101;99991231;EN;Special classification provisions - commercial---Apparatus, utensils, instruments and parts thereof, other than goods of Chapter 70, when to be employed: (a) directly in teaching or research by(i) any elementary or secondary school, school for disabled persons, university, community college or seminary of learning in Canada,(ii) any educational or research organization named in Schedule II to the Financial Administration Act or any similar educational or research organization established by or under the authority of a provincial government,(iii) any non-governmental organization incorporated or established in Canada solely for educational purposes or solely for the purpose of carrying out research designed to benefit the public at large, if carrying out its objectives without pecuniary return to its members or shareholders other than as salaries or fees for duties performed or as reimbursement of expenses incurred, or (iv) any school, either separately incorporated in Canada or, if not incorporated, not related in any manner to non-qualifying organizations, solely established to offer instruction intended to provide individuals with the skills required for a trade or other gainful occupation or to increase skills or proficiency therein. or(b) in the conservation, restoration, exhibition, circulation or study of artifacts, specimens, records, works of art or library collections by libraries, art galleries, archives, historical houses or sites, zoological gardens, planetaria, botanical gardens, aquaria, nature centres or other museums, if offering their services to the public generally and if carrying out their objectives without pecuniary return to their members or shareholders other than as salaries or fees for duties performed or as reimbursement of expenses incurred. and Microfilms, filmstrips, slides, cinematographic films, maps, charts, pictures, designs, photographs, video tape recordings and sound recordings, when for use by the above described organizations or by organizations incorporated or established in Canada solely for religious purposes.;;;;;;;ES;Special classification provisions - commercial---Apparatus, utensils, instruments and parts thereof, other than goods of Chapter 70, when to be employed: (a) directly in teaching or research by(i) any elementary or secondary school, school for disabled persons, university, community college or seminary of learning in Canada,(ii) any educational or research organization named in Schedule II to the Financial Administration Act or any similar educational or research organization established by or under the authority of a provincial government,(iii) any non-governmental organization incorporated or established in Canada solely for educational purposes or solely for the purpose of carrying out research designed to benefit the public at large, if carrying out its objectives without pecuniary return to its members or shareholders other than as salaries or fees for duties performed or as reimbursement of expenses incurred, or (iv) any school, either separately incorporated in Canada or, if not incorporated, not related in any manner to non-qualifying organizations, solely established to offer instruction intended to provide individuals with the skills required for a trade or other gainful occupation or to increase skills or proficiency therein. or(b) in the conservation, restoration, exhibition, circulation or study of artifacts, specimens, records, works of art or library collections by libraries, art galleries, archives, historical houses or sites, zoological gardens, planetaria, botanical gardens, aquaria, nature centres or other museums, if offering their services to the public generally and if carrying out their objectives without pecuniary return to their members or shareholders other than as salaries or fees for duties performed or as reimbursement of expenses incurred. and Microfilms, filmstrips, slides, cinematographic films, maps, charts, pictures, designs, photographs, video tape recordings and sound recordings, when for use by the above described organizations or by organizations incorporated or established in Canada solely for religious purposes.;;;;;;;N/A;;_DCA27;20240101;99991231;0;0;;;;;;
CA;99880000;20240101;99991231;EN;Special classification provisions - commercial---Apparatus, utensils, instruments and parts thereof, other than goods of Chapter 70, when to be employed: (a) directly in teaching or research by(i) any elementary or secondary school, school for disabled persons, university, community college or seminary of learning in Canada,(ii) any educational or research organization named in Schedule II to the Financial Administration Act or any similar educational or research organization established by or under the authority of a provincial government,(iii) any non-governmental organization incorporated or established in Canada solely for educational purposes or solely for the purpose of carrying out research designed to benefit the public at large, if carrying out its objectives without pecuniary return to its members or shareholders other than as salaries or fees for duties performed or as reimbursement of expenses incurred, or (iv) any school, either separately incorporated in Canada or, if not incorporated, not related in any manner to non-qualifying organizations, solely established to offer instruction intended to provide individuals with the skills required for a trade or other gainful occupation or to increase skills or proficiency therein. or(b) in the conservation, restoration, exhibition, circulation or study of artifacts, specimens, records, works of art or library collections by libraries, art galleries, archives, historical houses or sites, zoological gardens, planetaria, botanical gardens, aquaria, nature centres or other museums, if offering their services to the public generally and if carrying out their objectives without pecuniary return to their members or shareholders other than as salaries or fees for duties performed or as reimbursement of expenses incurred. and Microfilms, filmstrips, slides, cinematographic films, maps, charts, pictures, designs, photographs, video tape recordings and sound recordings, when for use by the above described organizations or by organizations incorporated or established in Canada solely for religious purposes.;;;;;;;ES;Special classification provisions - commercial---Apparatus, utensils, instruments and parts thereof, other than goods of Chapter 70, when to be employed: (a) directly in teaching or research by(i) any elementary or secondary school, school for disabled persons, university, community college or seminary of learning in Canada,(ii) any educational or research organization named in Schedule II to the Financial Administration Act or any similar educational or research organization established by or under the authority of a provincial government,(iii) any non-governmental organization incorporated or established in Canada solely for educational purposes or solely for the purpose of carrying out research designed to benefit the public at large, if carrying out its objectives without pecuniary return to its members or shareholders other than as salaries or fees for duties performed or as reimbursement of expenses incurred, or (iv) any school, either separately incorporated in Canada or, if not incorporated, not related in any manner to non-qualifying organizations, solely established to offer instruction intended to provide individuals with the skills required for a trade or other gainful occupation or to increase skills or proficiency therein. or(b) in the conservation, restoration, exhibition, circulation or study of artifacts, specimens, records, works of art or library collections by libraries, art galleries, archives, historical houses or sites, zoological gardens, planetaria, botanical gardens, aquaria, nature centres or other museums, if offering their services to the public generally and if carrying out their objectives without pecuniary return to their members or shareholders other than as salaries or fees for duties performed or as reimbursement of expenses incurred. and Microfilms, filmstrips, slides, cinematographic films, maps, charts, pictures, designs, photographs, video tape recordings and sound recordings, when for use by the above described organizations or by organizations incorporated or established in Canada solely for religious purposes.;;;;;;;N/A;;_DCA28;20240101;99991231;0;0;;;;;;
CA;99880000;20240101;99991231;EN;Special classification provisions - commercial---Apparatus, utensils, instruments and parts thereof, other than goods of Chapter 70, when to be employed: (a) directly in teaching or research by(i) any elementary or secondary school, school for disabled persons, university, community college or seminary of learning in Canada,(ii) any educational or research organization named in Schedule II to the Financial Administration Act or any similar educational or research organization established by or under the authority of a provincial government,(iii) any non-governmental organization incorporated or established in Canada solely for educational purposes or solely for the purpose of carrying out research designed to benefit the public at large, if carrying out its objectives without pecuniary return to its members or shareholders other than as salaries or fees for duties performed or as reimbursement of expenses incurred, or (iv) any school, either separately incorporated in Canada or, if not incorporated, not related in any manner to non-qualifying organizations, solely established to offer instruction intended to provide individuals with the skills required for a trade or other gainful occupation or to increase skills or proficiency therein. or(b) in the conservation, restoration, exhibition, circulation or study of artifacts, specimens, records, works of art or library collections by libraries, art galleries, archives, historical houses or sites, zoological gardens, planetaria, botanical gardens, aquaria, nature centres or other museums, if offering their services to the public generally and if carrying out their objectives without pecuniary return to their members or shareholders other than as salaries or fees for duties performed or as reimbursement of expenses incurred. and Microfilms, filmstrips, slides, cinematographic films, maps, charts, pictures, designs, photographs, video tape recordings and sound recordings, when for use by the above described organizations or by organizations incorporated or established in Canada solely for religious purposes.;;;;;;;ES;Special classification provisions - commercial---Apparatus, utensils, instruments and parts thereof, other than goods of Chapter 70, when to be employed: (a) directly in teaching or research by(i) any elementary or secondary school, school for disabled persons, university, community college or seminary of learning in Canada,(ii) any educational or research organization named in Schedule II to the Financial Administration Act or any similar educational or research organization established by or under the authority of a provincial government,(iii) any non-governmental organization incorporated or established in Canada solely for educational purposes or solely for the purpose of carrying out research designed to benefit the public at large, if carrying out its objectives without pecuniary return to its members or shareholders other than as salaries or fees for duties performed or as reimbursement of expenses incurred, or (iv) any school, either separately incorporated in Canada or, if not incorporated, not related in any manner to non-qualifying organizations, solely established to offer instruction intended to provide individuals with the skills required for a trade or other gainful occupation or to increase skills or proficiency therein. or(b) in the conservation, restoration, exhibition, circulation or study of artifacts, specimens, records, works of art or library collections by libraries, art galleries, archives, historical houses or sites, zoological gardens, planetaria, botanical gardens, aquaria, nature centres or other museums, if offering their services to the public generally and if carrying out their objectives without pecuniary return to their members or shareholders other than as salaries or fees for duties performed or as reimbursement of expenses incurred. and Microfilms, filmstrips, slides, cinematographic films, maps, charts, pictures, designs, photographs, video tape recordings and sound recordings, when for use by the above described organizations or by organizations incorporated or established in Canada solely for religious purposes.;;;;;;;N/A;;_DCA3;20240101;99991231;0;0;;;;;;
CA;99880000;20240101;99991231;EN;Special classification provisions - commercial---Apparatus, utensils, instruments and parts thereof, other than goods of Chapter 70, when to be employed: (a) directly in teaching or research by(i) any elementary or secondary school, school for disabled persons, university, community college or seminary of learning in Canada,(ii) any educational or research organization named in Schedule II to the Financial Administration Act or any similar educational or research organization established by or under the authority of a provincial government,(iii) any non-governmental organization incorporated or established in Canada solely for educational purposes or solely for the purpose of carrying out research designed to benefit the public at large, if carrying out its objectives without pecuniary return to its members or shareholders other than as salaries or fees for duties performed or as reimbursement of expenses incurred, or (iv) any school, either separately incorporated in Canada or, if not incorporated, not related in any manner to non-qualifying organizations, solely established to offer instruction intended to provide individuals with the skills required for a trade or other gainful occupation or to increase skills or proficiency therein. or(b) in the conservation, restoration, exhibition, circulation or study of artifacts, specimens, records, works of art or library collections by libraries, art galleries, archives, historical houses or sites, zoological gardens, planetaria, botanical gardens, aquaria, nature centres or other museums, if offering their services to the public generally and if carrying out their objectives without pecuniary return to their members or shareholders other than as salaries or fees for duties performed or as reimbursement of expenses incurred. and Microfilms, filmstrips, slides, cinematographic films, maps, charts, pictures, designs, photographs, video tape recordings and sound recordings, when for use by the above described organizations or by organizations incorporated or established in Canada solely for religious purposes.;;;;;;;ES;Special classification provisions - commercial---Apparatus, utensils, instruments and parts thereof, other than goods of Chapter 70, when to be employed: (a) directly in teaching or research by(i) any elementary or secondary school, school for disabled persons, university, community college or seminary of learning in Canada,(ii) any educational or research organization named in Schedule II to the Financial Administration Act or any similar educational or research organization established by or under the authority of a provincial government,(iii) any non-governmental organization incorporated or established in Canada solely for educational purposes or solely for the purpose of carrying out research designed to benefit the public at large, if carrying out its objectives without pecuniary return to its members or shareholders other than as salaries or fees for duties performed or as reimbursement of expenses incurred, or (iv) any school, either separately incorporated in Canada or, if not incorporated, not related in any manner to non-qualifying organizations, solely established to offer instruction intended to provide individuals with the skills required for a trade or other gainful occupation or to increase skills or proficiency therein. or(b) in the conservation, restoration, exhibition, circulation or study of artifacts, specimens, records, works of art or library collections by libraries, art galleries, archives, historical houses or sites, zoological gardens, planetaria, botanical gardens, aquaria, nature centres or other museums, if offering their services to the public generally and if carrying out their objectives without pecuniary return to their members or shareholders other than as salaries or fees for duties performed or as reimbursement of expenses incurred. and Microfilms, filmstrips, slides, cinematographic films, maps, charts, pictures, designs, photographs, video tape recordings and sound recordings, when for use by the above described organizations or by organizations incorporated or established in Canada solely for religious purposes.;;;;;;;N/A;;_DCA33;20240101;99991231;0;0;;;;;;
CA;99880000;20240101;99991231;EN;Special classification provisions - commercial---Apparatus, utensils, instruments and parts thereof, other than goods of Chapter 70, when to be employed: (a) directly in teaching or research by(i) any elementary or secondary school, school for disabled persons, university, community college or seminary of learning in Canada,(ii) any educational or research organization named in Schedule II to the Financial Administration Act or any similar educational or research organization established by or under the authority of a provincial government,(iii) any non-governmental organization incorporated or established in Canada solely for educational purposes or solely for the purpose of carrying out research designed to benefit the public at large, if carrying out its objectives without pecuniary return to its members or shareholders other than as salaries or fees for duties performed or as reimbursement of expenses incurred, or (iv) any school, either separately incorporated in Canada or, if not incorporated, not related in any manner to non-qualifying organizations, solely established to offer instruction intended to provide individuals with the skills required for a trade or other gainful occupation or to increase skills or proficiency therein. or(b) in the conservation, restoration, exhibition, circulation or study of artifacts, specimens, records, works of art or library collections by libraries, art galleries, archives, historical houses or sites, zoological gardens, planetaria, botanical gardens, aquaria, nature centres or other museums, if offering their services to the public generally and if carrying out their objectives without pecuniary return to their members or shareholders other than as salaries or fees for duties performed or as reimbursement of expenses incurred. and Microfilms, filmstrips, slides, cinematographic films, maps, charts, pictures, designs, photographs, video tape recordings and sound recordings, when for use by the above described organizations or by organizations incorporated or established in Canada solely for religious purposes.;;;;;;;ES;Special classification provisions - commercial---Apparatus, utensils, instruments and parts thereof, other than goods of Chapter 70, when to be employed: (a) directly in teaching or research by(i) any elementary or secondary school, school for disabled persons, university, community college or seminary of learning in Canada,(ii) any educational or research organization named in Schedule II to the Financial Administration Act or any similar educational or research organization established by or under the authority of a provincial government,(iii) any non-governmental organization incorporated or established in Canada solely for educational purposes or solely for the purpose of carrying out research designed to benefit the public at large, if carrying out its objectives without pecuniary return to its members or shareholders other than as salaries or fees for duties performed or as reimbursement of expenses incurred, or (iv) any school, either separately incorporated in Canada or, if not incorporated, not related in any manner to non-qualifying organizations, solely established to offer instruction intended to provide individuals with the skills required for a trade or other gainful occupation or to increase skills or proficiency therein. or(b) in the conservation, restoration, exhibition, circulation or study of artifacts, specimens, records, works of art or library collections by libraries, art galleries, archives, historical houses or sites, zoological gardens, planetaria, botanical gardens, aquaria, nature centres or other museums, if offering their services to the public generally and if carrying out their objectives without pecuniary return to their members or shareholders other than as salaries or fees for duties performed or as reimbursement of expenses incurred. and Microfilms, filmstrips, slides, cinematographic films, maps, charts, pictures, designs, photographs, video tape recordings and sound recordings, when for use by the above described organizations or by organizations incorporated or established in Canada solely for religious purposes.;;;;;;;N/A;;_DCA34;20240101;99991231;0;0;;;;;;
CA;99880000;20240101;99991231;EN;Special classification provisions - commercial---Apparatus, utensils, instruments and parts thereof, other than goods of Chapter 70, when to be employed: (a) directly in teaching or research by(i) any elementary or secondary school, school for disabled persons, university, community college or seminary of learning in Canada,(ii) any educational or research organization named in Schedule II to the Financial Administration Act or any similar educational or research organization established by or under the authority of a provincial government,(iii) any non-governmental organization incorporated or established in Canada solely for educational purposes or solely for the purpose of carrying out research designed to benefit the public at large, if carrying out its objectives without pecuniary return to its members or shareholders other than as salaries or fees for duties performed or as reimbursement of expenses incurred, or (iv) any school, either separately incorporated in Canada or, if not incorporated, not related in any manner to non-qualifying organizations, solely established to offer instruction intended to provide individuals with the skills required for a trade or other gainful occupation or to increase skills or proficiency therein. or(b) in the conservation, restoration, exhibition, circulation or study of artifacts, specimens, records, works of art or library collections by libraries, art galleries, archives, historical houses or sites, zoological gardens, planetaria, botanical gardens, aquaria, nature centres or other museums, if offering their services to the public generally and if carrying out their objectives without pecuniary return to their members or shareholders other than as salaries or fees for duties performed or as reimbursement of expenses incurred. and Microfilms, filmstrips, slides, cinematographic films, maps, charts, pictures, designs, photographs, video tape recordings and sound recordings, when for use by the above described organizations or by organizations incorporated or established in Canada solely for religious purposes.;;;;;;;ES;Special classification provisions - commercial---Apparatus, utensils, instruments and parts thereof, other than goods of Chapter 70, when to be employed: (a) directly in teaching or research by(i) any elementary or secondary school, school for disabled persons, university, community college or seminary of learning in Canada,(ii) any educational or research organization named in Schedule II to the Financial Administration Act or any similar educational or research organization established by or under the authority of a provincial government,(iii) any non-governmental organization incorporated or established in Canada solely for educational purposes or solely for the purpose of carrying out research designed to benefit the public at large, if carrying out its objectives without pecuniary return to its members or shareholders other than as salaries or fees for duties performed or as reimbursement of expenses incurred, or (iv) any school, either separately incorporated in Canada or, if not incorporated, not related in any manner to non-qualifying organizations, solely established to offer instruction intended to provide individuals with the skills required for a trade or other gainful occupation or to increase skills or proficiency therein. or(b) in the conservation, restoration, exhibition, circulation or study of artifacts, specimens, records, works of art or library collections by libraries, art galleries, archives, historical houses or sites, zoological gardens, planetaria, botanical gardens, aquaria, nature centres or other museums, if offering their services to the public generally and if carrying out their objectives without pecuniary return to their members or shareholders other than as salaries or fees for duties performed or as reimbursement of expenses incurred. and Microfilms, filmstrips, slides, cinematographic films, maps, charts, pictures, designs, photographs, video tape recordings and sound recordings, when for use by the above described organizations or by organizations incorporated or established in Canada solely for religious purposes.;;;;;;;N/A;;_DCA35;20240101;99991231;0;0;;;;;;
CA;99880000;20240101;99991231;EN;Special classification provisions - commercial---Apparatus, utensils, instruments and parts thereof, other than goods of Chapter 70, when to be employed: (a) directly in teaching or research by(i) any elementary or secondary school, school for disabled persons, university, community college or seminary of learning in Canada,(ii) any educational or research organization named in Schedule II to the Financial Administration Act or any similar educational or research organization established by or under the authority of a provincial government,(iii) any non-governmental organization incorporated or established in Canada solely for educational purposes or solely for the purpose of carrying out research designed to benefit the public at large, if carrying out its objectives without pecuniary return to its members or shareholders other than as salaries or fees for duties performed or as reimbursement of expenses incurred, or (iv) any school, either separately incorporated in Canada or, if not incorporated, not related in any manner to non-qualifying organizations, solely established to offer instruction intended to provide individuals with the skills required for a trade or other gainful occupation or to increase skills or proficiency therein. or(b) in the conservation, restoration, exhibition, circulation or study of artifacts, specimens, records, works of art or library collections by libraries, art galleries, archives, historical houses or sites, zoological gardens, planetaria, botanical gardens, aquaria, nature centres or other museums, if offering their services to the public generally and if carrying out their objectives without pecuniary return to their members or shareholders other than as salaries or fees for duties performed or as reimbursement of expenses incurred. and Microfilms, filmstrips, slides, cinematographic films, maps, charts, pictures, designs, photographs, video tape recordings and sound recordings, when for use by the above described organizations or by organizations incorporated or established in Canada solely for religious purposes.;;;;;;;ES;Special classification provisions - commercial---Apparatus, utensils, instruments and parts thereof, other than goods of Chapter 70, when to be employed: (a) directly in teaching or research by(i) any elementary or secondary school, school for disabled persons, university, community college or seminary of learning in Canada,(ii) any educational or research organization named in Schedule II to the Financial Administration Act or any similar educational or research organization established by or under the authority of a provincial government,(iii) any non-governmental organization incorporated or established in Canada solely for educational purposes or solely for the purpose of carrying out research designed to benefit the public at large, if carrying out its objectives without pecuniary return to its members or shareholders other than as salaries or fees for duties performed or as reimbursement of expenses incurred, or (iv) any school, either separately incorporated in Canada or, if not incorporated, not related in any manner to non-qualifying organizations, solely established to offer instruction intended to provide individuals with the skills required for a trade or other gainful occupation or to increase skills or proficiency therein. or(b) in the conservation, restoration, exhibition, circulation or study of artifacts, specimens, records, works of art or library collections by libraries, art galleries, archives, historical houses or sites, zoological gardens, planetaria, botanical gardens, aquaria, nature centres or other museums, if offering their services to the public generally and if carrying out their objectives without pecuniary return to their members or shareholders other than as salaries or fees for duties performed or as reimbursement of expenses incurred. and Microfilms, filmstrips, slides, cinematographic films, maps, charts, pictures, designs, photographs, video tape recordings and sound recordings, when for use by the above described organizations or by organizations incorporated or established in Canada solely for religious purposes.;;;;;;;N/A;;_DCA36;20240101;99991231;0;0;;;;;;
CA;99880000;20240101;99991231;EN;Special classification provisions - commercial---Apparatus, utensils, instruments and parts thereof, other than goods of Chapter 70, when to be employed: (a) directly in teaching or research by(i) any elementary or secondary school, school for disabled persons, university, community college or seminary of learning in Canada,(ii) any educational or research organization named in Schedule II to the Financial Administration Act or any similar educational or research organization established by or under the authority of a provincial government,(iii) any non-governmental organization incorporated or established in Canada solely for educational purposes or solely for the purpose of carrying out research designed to benefit the public at large, if carrying out its objectives without pecuniary return to its members or shareholders other than as salaries or fees for duties performed or as reimbursement of expenses incurred, or (iv) any school, either separately incorporated in Canada or, if not incorporated, not related in any manner to non-qualifying organizations, solely established to offer instruction intended to provide individuals with the skills required for a trade or other gainful occupation or to increase skills or proficiency therein. or(b) in the conservation, restoration, exhibition, circulation or study of artifacts, specimens, records, works of art or library collections by libraries, art galleries, archives, historical houses or sites, zoological gardens, planetaria, botanical gardens, aquaria, nature centres or other museums, if offering their services to the public generally and if carrying out their objectives without pecuniary return to their members or shareholders other than as salaries or fees for duties performed or as reimbursement of expenses incurred. and Microfilms, filmstrips, slides, cinematographic films, maps, charts, pictures, designs, photographs, video tape recordings and sound recordings, when for use by the above described organizations or by organizations incorporated or established in Canada solely for religious purposes.;;;;;;;ES;Special classification provisions - commercial---Apparatus, utensils, instruments and parts thereof, other than goods of Chapter 70, when to be employed: (a) directly in teaching or research by(i) any elementary or secondary school, school for disabled persons, university, community college or seminary of learning in Canada,(ii) any educational or research organization named in Schedule II to the Financial Administration Act or any similar educational or research organization established by or under the authority of a provincial government,(iii) any non-governmental organization incorporated or established in Canada solely for educational purposes or solely for the purpose of carrying out research designed to benefit the public at large, if carrying out its objectives without pecuniary return to its members or shareholders other than as salaries or fees for duties performed or as reimbursement of expenses incurred, or (iv) any school, either separately incorporated in Canada or, if not incorporated, not related in any manner to non-qualifying organizations, solely established to offer instruction intended to provide individuals with the skills required for a trade or other gainful occupation or to increase skills or proficiency therein. or(b) in the conservation, restoration, exhibition, circulation or study of artifacts, specimens, records, works of art or library collections by libraries, art galleries, archives, historical houses or sites, zoological gardens, planetaria, botanical gardens, aquaria, nature centres or other museums, if offering their services to the public generally and if carrying out their objectives without pecuniary return to their members or shareholders other than as salaries or fees for duties performed or as reimbursement of expenses incurred. and Microfilms, filmstrips, slides, cinematographic films, maps, charts, pictures, designs, photographs, video tape recordings and sound recordings, when for use by the above described organizations or by organizations incorporated or established in Canada solely for religious purposes.;;;;;;;N/A;;_DCA8;20240101;99991231;0;0;;;;;;
CA;99880000;20240101;99991231;EN;Special classification provisions - commercial---Apparatus, utensils, instruments and parts thereof, other than goods of Chapter 70, when to be employed: (a) directly in teaching or research by(i) any elementary or secondary school, school for disabled persons, university, community college or seminary of learning in Canada,(ii) any educational or research organization named in Schedule II to the Financial Administration Act or any similar educational or research organization established by or under the authority of a provincial government,(iii) any non-governmental organization incorporated or established in Canada solely for educational purposes or solely for the purpose of carrying out research designed to benefit the public at large, if carrying out its objectives without pecuniary return to its members or shareholders other than as salaries or fees for duties performed or as reimbursement of expenses incurred, or (iv) any school, either separately incorporated in Canada or, if not incorporated, not related in any manner to non-qualifying organizations, solely established to offer instruction intended to provide individuals with the skills required for a trade or other gainful occupation or to increase skills or proficiency therein. or(b) in the conservation, restoration, exhibition, circulation or study of artifacts, specimens, records, works of art or library collections by libraries, art galleries, archives, historical houses or sites, zoological gardens, planetaria, botanical gardens, aquaria, nature centres or other museums, if offering their services to the public generally and if carrying out their objectives without pecuniary return to their members or shareholders other than as salaries or fees for duties performed or as reimbursement of expenses incurred. and Microfilms, filmstrips, slides, cinematographic films, maps, charts, pictures, designs, photographs, video tape recordings and sound recordings, when for use by the above described organizations or by organizations incorporated or established in Canada solely for religious purposes.;;;;;;;ES;Special classification provisions - commercial---Apparatus, utensils, instruments and parts thereof, other than goods of Chapter 70, when to be employed: (a) directly in teaching or research by(i) any elementary or secondary school, school for disabled persons, university, community college or seminary of learning in Canada,(ii) any educational or research organization named in Schedule II to the Financial Administration Act or any similar educational or research organization established by or under the authority of a provincial government,(iii) any non-governmental organization incorporated or established in Canada solely for educational purposes or solely for the purpose of carrying out research designed to benefit the public at large, if carrying out its objectives without pecuniary return to its members or shareholders other than as salaries or fees for duties performed or as reimbursement of expenses incurred, or (iv) any school, either separately incorporated in Canada or, if not incorporated, not related in any manner to non-qualifying organizations, solely established to offer instruction intended to provide individuals with the skills required for a trade or other gainful occupation or to increase skills or proficiency therein. or(b) in the conservation, restoration, exhibition, circulation or study of artifacts, specimens, records, works of art or library collections by libraries, art galleries, archives, historical houses or sites, zoological gardens, planetaria, botanical gardens, aquaria, nature centres or other museums, if offering their services to the public generally and if carrying out their objectives without pecuniary return to their members or shareholders other than as salaries or fees for duties performed or as reimbursement of expenses incurred. and Microfilms, filmstrips, slides, cinematographic films, maps, charts, pictures, designs, photographs, video tape recordings and sound recordings, when for use by the above described organizations or by organizations incorporated or established in Canada solely for religious purposes.;;;;;;;N/A;;_DCA9;20240101;99991231;0;0;;;;;;
CA;99890000;20240101;99991231;EN;Special classification provisions - commercial---Articles (other than antiques of an age exceeding 100 years, spirits or wines) produced more than 50 years prior to the date of accounting.;;;;;;;ES;Special classification provisions - commercial---Articles (other than antiques of an age exceeding 100 years, spirits or wines) produced more than 50 years prior to the date of accounting.;;;;;;;N/A;;_DCA1;20240101;99991231;0;0;;;;;;
CA;99890000;20240101;99991231;EN;Special classification provisions - commercial---Articles (other than antiques of an age exceeding 100 years, spirits or wines) produced more than 50 years prior to the date of accounting.;;;;;;;ES;Special classification provisions - commercial---Articles (other than antiques of an age exceeding 100 years, spirits or wines) produced more than 50 years prior to the date of accounting.;;;;;;;N/A;;_DCA10;20240101;99991231;0;0;;;;;;
CA;99890000;20240101;99991231;EN;Special classification provisions - commercial---Articles (other than antiques of an age exceeding 100 years, spirits or wines) produced more than 50 years prior to the date of accounting.;;;;;;;ES;Special classification provisions - commercial---Articles (other than antiques of an age exceeding 100 years, spirits or wines) produced more than 50 years prior to the date of accounting.;;;;;;;N/A;;_DCA12;20240101;99991231;35;0;;;;;;
CA;99890000;20240101;99991231;EN;Special classification provisions - commercial---Articles (other than antiques of an age exceeding 100 years, spirits or wines) produced more than 50 years prior to the date of accounting.;;;;;;;ES;Special classification provisions - commercial---Articles (other than antiques of an age exceeding 100 years, spirits or wines) produced more than 50 years prior to the date of accounting.;;;;;;;N/A;;_DCA14;20240101;99991231;0;0;;;;;;
CA;99890000;20240101;99991231;EN;Special classification provisions - commercial---Articles (other than antiques of an age exceeding 100 years, spirits or wines) produced more than 50 years prior to the date of accounting.;;;;;;;ES;Special classification provisions - commercial---Articles (other than antiques of an age exceeding 100 years, spirits or wines) produced more than 50 years prior to the date of accounting.;;;;;;;N/A;;_DCA17;20240101;99991231;0;0;;;;;;
CA;99890000;20240101;99991231;EN;Special classification provisions - commercial---Articles (other than antiques of an age exceeding 100 years, spirits or wines) produced more than 50 years prior to the date of accounting.;;;;;;;ES;Special classification provisions - commercial---Articles (other than antiques of an age exceeding 100 years, spirits or wines) produced more than 50 years prior to the date of accounting.;;;;;;;N/A;;_DCA18;20240101;99991231;0;0;;;;;;
CA;99890000;20240101;99991231;EN;Special classification provisions - commercial---Articles (other than antiques of an age exceeding 100 years, spirits or wines) produced more than 50 years prior to the date of accounting.;;;;;;;ES;Special classification provisions - commercial---Articles (other than antiques of an age exceeding 100 years, spirits or wines) produced more than 50 years prior to the date of accounting.;;;;;;;N/A;;_DCA19;20240101;99991231;0;0;;;;;;
CA;99890000;20240101;99991231;EN;Special classification provisions - commercial---Articles (other than antiques of an age exceeding 100 years, spirits or wines) produced more than 50 years prior to the date of accounting.;;;;;;;ES;Special classification provisions - commercial---Articles (other than antiques of an age exceeding 100 years, spirits or wines) produced more than 50 years prior to the date of accounting.;;;;;;;N/A;;_DCA2;20240101;99991231;0;0;;;;;;
CA;99890000;20240101;99991231;EN;Special classification provisions - commercial---Articles (other than antiques of an age exceeding 100 years, spirits or wines) produced more than 50 years prior to the date of accounting.;;;;;;;ES;Special classification provisions - commercial---Articles (other than antiques of an age exceeding 100 years, spirits or wines) produced more than 50 years prior to the date of accounting.;;;;;;;N/A;;_DCA20;20240101;99991231;0;0;;;;;;
CA;99890000;20240101;99991231;EN;Special classification provisions - commercial---Articles (other than antiques of an age exceeding 100 years, spirits or wines) produced more than 50 years prior to the date of accounting.;;;;;;;ES;Special classification provisions - commercial---Articles (other than antiques of an age exceeding 100 years, spirits or wines) produced more than 50 years prior to the date of accounting.;;;;;;;N/A;;_DCA21;20240101;99991231;0;0;;;;;;
CA;99890000;20240101;99991231;EN;Special classification provisions - commercial---Articles (other than antiques of an age exceeding 100 years, spirits or wines) produced more than 50 years prior to the date of accounting.;;;;;;;ES;Special classification provisions - commercial---Articles (other than antiques of an age exceeding 100 years, spirits or wines) produced more than 50 years prior to the date of accounting.;;;;;;;N/A;;_DCA22;20240101;99991231;0;0;;;;;;
CA;99890000;20240101;99991231;EN;Special classification provisions - commercial---Articles (other than antiques of an age exceeding 100 years, spirits or wines) produced more than 50 years prior to the date of accounting.;;;;;;;ES;Special classification provisions - commercial---Articles (other than antiques of an age exceeding 100 years, spirits or wines) produced more than 50 years prior to the date of accounting.;;;;;;;N/A;;_DCA23;20240101;99991231;0;0;;;;;;
CA;99890000;20240101;99991231;EN;Special classification provisions - commercial---Articles (other than antiques of an age exceeding 100 years, spirits or wines) produced more than 50 years prior to the date of accounting.;;;;;;;ES;Special classification provisions - commercial---Articles (other than antiques of an age exceeding 100 years, spirits or wines) produced more than 50 years prior to the date of accounting.;;;;;;;N/A;;_DCA25;20240101;99991231;0;0;;;;;;
CA;99890000;20240101;99991231;EN;Special classification provisions - commercial---Articles (other than antiques of an age exceeding 100 years, spirits or wines) produced more than 50 years prior to the date of accounting.;;;;;;;ES;Special classification provisions - commercial---Articles (other than antiques of an age exceeding 100 years, spirits or wines) produced more than 50 years prior to the date of accounting.;;;;;;;N/A;;_DCA26;20240101;99991231;0;0;;;;;;
CA;99890000;20240101;99991231;EN;Special classification provisions - commercial---Articles (other than antiques of an age exceeding 100 years, spirits or wines) produced more than 50 years prior to the date of accounting.;;;;;;;ES;Special classification provisions - commercial---Articles (other than antiques of an age exceeding 100 years, spirits or wines) produced more than 50 years prior to the date of accounting.;;;;;;;N/A;;_DCA27;20240101;99991231;0;0;;;;;;
CA;99890000;20240101;99991231;EN;Special classification provisions - commercial---Articles (other than antiques of an age exceeding 100 years, spirits or wines) produced more than 50 years prior to the date of accounting.;;;;;;;ES;Special classification provisions - commercial---Articles (other than antiques of an age exceeding 100 years, spirits or wines) produced more than 50 years prior to the date of accounting.;;;;;;;N/A;;_DCA28;20240101;99991231;0;0;;;;;;
CA;99890000;20240101;99991231;EN;Special classification provisions - commercial---Articles (other than antiques of an age exceeding 100 years, spirits or wines) produced more than 50 years prior to the date of accounting.;;;;;;;ES;Special classification provisions - commercial---Articles (other than antiques of an age exceeding 100 years, spirits or wines) produced more than 50 years prior to the date of accounting.;;;;;;;N/A;;_DCA3;20240101;99991231;0;0;;;;;;
CA;99890000;20240101;99991231;EN;Special classification provisions - commercial---Articles (other than antiques of an age exceeding 100 years, spirits or wines) produced more than 50 years prior to the date of accounting.;;;;;;;ES;Special classification provisions - commercial---Articles (other than antiques of an age exceeding 100 years, spirits or wines) produced more than 50 years prior to the date of accounting.;;;;;;;N/A;;_DCA33;20240101;99991231;0;0;;;;;;
CA;99890000;20240101;99991231;EN;Special classification provisions - commercial---Articles (other than antiques of an age exceeding 100 years, spirits or wines) produced more than 50 years prior to the date of accounting.;;;;;;;ES;Special classification provisions - commercial---Articles (other than antiques of an age exceeding 100 years, spirits or wines) produced more than 50 years prior to the date of accounting.;;;;;;;N/A;;_DCA34;20240101;99991231;0;0;;;;;;
CA;99890000;20240101;99991231;EN;Special classification provisions - commercial---Articles (other than antiques of an age exceeding 100 years, spirits or wines) produced more than 50 years prior to the date of accounting.;;;;;;;ES;Special classification provisions - commercial---Articles (other than antiques of an age exceeding 100 years, spirits or wines) produced more than 50 years prior to the date of accounting.;;;;;;;N/A;;_DCA35;20240101;99991231;0;0;;;;;;
CA;99890000;20240101;99991231;EN;Special classification provisions - commercial---Articles (other than antiques of an age exceeding 100 years, spirits or wines) produced more than 50 years prior to the date of accounting.;;;;;;;ES;Special classification provisions - commercial---Articles (other than antiques of an age exceeding 100 years, spirits or wines) produced more than 50 years prior to the date of accounting.;;;;;;;N/A;;_DCA36;20240101;99991231;0;0;;;;;;
CA;99890000;20240101;99991231;EN;Special classification provisions - commercial---Articles (other than antiques of an age exceeding 100 years, spirits or wines) produced more than 50 years prior to the date of accounting.;;;;;;;ES;Special classification provisions - commercial---Articles (other than antiques of an age exceeding 100 years, spirits or wines) produced more than 50 years prior to the date of accounting.;;;;;;;N/A;;_DCA8;20240101;99991231;0;0;;;;;;
CA;99890000;20240101;99991231;EN;Special classification provisions - commercial---Articles (other than antiques of an age exceeding 100 years, spirits or wines) produced more than 50 years prior to the date of accounting.;;;;;;;ES;Special classification provisions - commercial---Articles (other than antiques of an age exceeding 100 years, spirits or wines) produced more than 50 years prior to the date of accounting.;;;;;;;N/A;;_DCA9;20240101;99991231;0;0;;;;;;
CA;99900000;20240101;99991231;EN;Special classification provisions - commercial---Commercial samples imported from one of the countries listed below, regardless of the country of origin or tariff treatment, solely for the solicitation of orders for goods or services provided from a country other than Canada, and (i) having a value, individually or in the aggregate as shipped, of not more than one United States dollar or the equivalent amount in Canadian currency or the currency of the country from which it was imported, or(ii) that are so marked, torn, perforated or otherwise treated that they are unsuitable for sale or for use except as commercial samples,on condition that any person authorized to account for the commercial samples in accordance with the Customs Act shall submit: (a) an invoice, bill of lading or written statement from the foreign supplier of the samples indicating their value. and (b) any documentation establishing that the importer is a representative of the foreign supplier, or is acting on behalf of such a representative.Countries:ChileColombiaCosta RicaCPTPP CountryHondurasKoreaMexicoPeruPanamaUnited States                                                                                                                                                                                                                                                                                                                                                                                                                                                   .;;;;;;;ES;Special classification provisions - commercial---Commercial samples imported from one of the countries listed below, regardless of the country of origin or tariff treatment, solely for the solicitation of orders for goods or services provided from a country other than Canada, and (i) having a value, individually or in the aggregate as shipped, of not more than one United States dollar or the equivalent amount in Canadian currency or the currency of the country from which it was imported, or(ii) that are so marked, torn, perforated or otherwise treated that they are unsuitable for sale or for use except as commercial samples,on condition that any person authorized to account for the commercial samples in accordance with the Customs Act shall submit: (a) an invoice, bill of lading or written statement from the foreign supplier of the samples indicating their value. and (b) any documentation establishing that the importer is a representative of the foreign supplier, or is acting on behalf of such a representative.Countries:ChileColombiaCosta RicaCPTPP CountryHondurasKoreaMexicoPeruPanamaUnited States                                                                                                                                                                                                                                                                                                                                                                                                                                                   .;;;;;;;N/A;;_DCA1;20240101;99991231;0;0;;;;;;
CA;99900000;20240101;99991231;EN;Special classification provisions - commercial---Commercial samples imported from one of the countries listed below, regardless of the country of origin or tariff treatment, solely for the solicitation of orders for goods or services provided from a country other than Canada, and (i) having a value, individually or in the aggregate as shipped, of not more than one United States dollar or the equivalent amount in Canadian currency or the currency of the country from which it was imported, or(ii) that are so marked, torn, perforated or otherwise treated that they are unsuitable for sale or for use except as commercial samples,on condition that any person authorized to account for the commercial samples in accordance with the Customs Act shall submit: (a) an invoice, bill of lading or written statement from the foreign supplier of the samples indicating their value. and (b) any documentation establishing that the importer is a representative of the foreign supplier, or is acting on behalf of such a representative.Countries:ChileColombiaCosta RicaCPTPP CountryHondurasKoreaMexicoPeruPanamaUnited States                                                                                                                                                                                                                                                                                                                                                                                                                                                   .;;;;;;;ES;Special classification provisions - commercial---Commercial samples imported from one of the countries listed below, regardless of the country of origin or tariff treatment, solely for the solicitation of orders for goods or services provided from a country other than Canada, and (i) having a value, individually or in the aggregate as shipped, of not more than one United States dollar or the equivalent amount in Canadian currency or the currency of the country from which it was imported, or(ii) that are so marked, torn, perforated or otherwise treated that they are unsuitable for sale or for use except as commercial samples,on condition that any person authorized to account for the commercial samples in accordance with the Customs Act shall submit: (a) an invoice, bill of lading or written statement from the foreign supplier of the samples indicating their value. and (b) any documentation establishing that the importer is a representative of the foreign supplier, or is acting on behalf of such a representative.Countries:ChileColombiaCosta RicaCPTPP CountryHondurasKoreaMexicoPeruPanamaUnited States                                                                                                                                                                                                                                                                                                                                                                                                                                                   .;;;;;;;N/A;;_DCA12;20240101;99991231;35;0;;;;;;
CA;99900000;20240101;99991231;EN;Special classification provisions - commercial---Commercial samples imported from one of the countries listed below, regardless of the country of origin or tariff treatment, solely for the solicitation of orders for goods or services provided from a country other than Canada, and (i) having a value, individually or in the aggregate as shipped, of not more than one United States dollar or the equivalent amount in Canadian currency or the currency of the country from which it was imported, or(ii) that are so marked, torn, perforated or otherwise treated that they are unsuitable for sale or for use except as commercial samples,on condition that any person authorized to account for the commercial samples in accordance with the Customs Act shall submit: (a) an invoice, bill of lading or written statement from the foreign supplier of the samples indicating their value. and (b) any documentation establishing that the importer is a representative of the foreign supplier, or is acting on behalf of such a representative.Countries:ChileColombiaCosta RicaCPTPP CountryHondurasKoreaMexicoPeruPanamaUnited States                                                                                                                                                                                                                                                                                                                                                                                                                                                   .;;;;;;;ES;Special classification provisions - commercial---Commercial samples imported from one of the countries listed below, regardless of the country of origin or tariff treatment, solely for the solicitation of orders for goods or services provided from a country other than Canada, and (i) having a value, individually or in the aggregate as shipped, of not more than one United States dollar or the equivalent amount in Canadian currency or the currency of the country from which it was imported, or(ii) that are so marked, torn, perforated or otherwise treated that they are unsuitable for sale or for use except as commercial samples,on condition that any person authorized to account for the commercial samples in accordance with the Customs Act shall submit: (a) an invoice, bill of lading or written statement from the foreign supplier of the samples indicating their value. and (b) any documentation establishing that the importer is a representative of the foreign supplier, or is acting on behalf of such a representative.Countries:ChileColombiaCosta RicaCPTPP CountryHondurasKoreaMexicoPeruPanamaUnited States                                                                                                                                                                                                                                                                                                                                                                                                                                                   .;;;;;;;N/A;;_DCA14;20240101;99991231;0;0;;;;;;
CA;99900000;20240101;99991231;EN;Special classification provisions - commercial---Commercial samples imported from one of the countries listed below, regardless of the country of origin or tariff treatment, solely for the solicitation of orders for goods or services provided from a country other than Canada, and (i) having a value, individually or in the aggregate as shipped, of not more than one United States dollar or the equivalent amount in Canadian currency or the currency of the country from which it was imported, or(ii) that are so marked, torn, perforated or otherwise treated that they are unsuitable for sale or for use except as commercial samples,on condition that any person authorized to account for the commercial samples in accordance with the Customs Act shall submit: (a) an invoice, bill of lading or written statement from the foreign supplier of the samples indicating their value. and (b) any documentation establishing that the importer is a representative of the foreign supplier, or is acting on behalf of such a representative.Countries:ChileColombiaCosta RicaCPTPP CountryHondurasKoreaMexicoPeruPanamaUnited States                                                                                                                                                                                                                                                                                                                                                                                                                                                   .;;;;;;;ES;Special classification provisions - commercial---Commercial samples imported from one of the countries listed below, regardless of the country of origin or tariff treatment, solely for the solicitation of orders for goods or services provided from a country other than Canada, and (i) having a value, individually or in the aggregate as shipped, of not more than one United States dollar or the equivalent amount in Canadian currency or the currency of the country from which it was imported, or(ii) that are so marked, torn, perforated or otherwise treated that they are unsuitable for sale or for use except as commercial samples,on condition that any person authorized to account for the commercial samples in accordance with the Customs Act shall submit: (a) an invoice, bill of lading or written statement from the foreign supplier of the samples indicating their value. and (b) any documentation establishing that the importer is a representative of the foreign supplier, or is acting on behalf of such a representative.Countries:ChileColombiaCosta RicaCPTPP CountryHondurasKoreaMexicoPeruPanamaUnited States                                                                                                                                                                                                                                                                                                                                                                                                                                                   .;;;;;;;N/A;;_DCA20;20240101;99991231;0;0;;;;;;
CA;99900000;20240101;99991231;EN;Special classification provisions - commercial---Commercial samples imported from one of the countries listed below, regardless of the country of origin or tariff treatment, solely for the solicitation of orders for goods or services provided from a country other than Canada, and (i) having a value, individually or in the aggregate as shipped, of not more than one United States dollar or the equivalent amount in Canadian currency or the currency of the country from which it was imported, or(ii) that are so marked, torn, perforated or otherwise treated that they are unsuitable for sale or for use except as commercial samples,on condition that any person authorized to account for the commercial samples in accordance with the Customs Act shall submit: (a) an invoice, bill of lading or written statement from the foreign supplier of the samples indicating their value. and (b) any documentation establishing that the importer is a representative of the foreign supplier, or is acting on behalf of such a representative.Countries:ChileColombiaCosta RicaCPTPP CountryHondurasKoreaMexicoPeruPanamaUnited States                                                                                                                                                                                                                                                                                                                                                                                                                                                   .;;;;;;;ES;Special classification provisions - commercial---Commercial samples imported from one of the countries listed below, regardless of the country of origin or tariff treatment, solely for the solicitation of orders for goods or services provided from a country other than Canada, and (i) having a value, individually or in the aggregate as shipped, of not more than one United States dollar or the equivalent amount in Canadian currency or the currency of the country from which it was imported, or(ii) that are so marked, torn, perforated or otherwise treated that they are unsuitable for sale or for use except as commercial samples,on condition that any person authorized to account for the commercial samples in accordance with the Customs Act shall submit: (a) an invoice, bill of lading or written statement from the foreign supplier of the samples indicating their value. and (b) any documentation establishing that the importer is a representative of the foreign supplier, or is acting on behalf of such a representative.Countries:ChileColombiaCosta RicaCPTPP CountryHondurasKoreaMexicoPeruPanamaUnited States                                                                                                                                                                                                                                                                                                                                                                                                                                                   .;;;;;;;N/A;;_DCA21;20240101;99991231;0;0;;;;;;
CA;99900000;20240101;99991231;EN;Special classification provisions - commercial---Commercial samples imported from one of the countries listed below, regardless of the country of origin or tariff treatment, solely for the solicitation of orders for goods or services provided from a country other than Canada, and (i) having a value, individually or in the aggregate as shipped, of not more than one United States dollar or the equivalent amount in Canadian currency or the currency of the country from which it was imported, or(ii) that are so marked, torn, perforated or otherwise treated that they are unsuitable for sale or for use except as commercial samples,on condition that any person authorized to account for the commercial samples in accordance with the Customs Act shall submit: (a) an invoice, bill of lading or written statement from the foreign supplier of the samples indicating their value. and (b) any documentation establishing that the importer is a representative of the foreign supplier, or is acting on behalf of such a representative.Countries:ChileColombiaCosta RicaCPTPP CountryHondurasKoreaMexicoPeruPanamaUnited States                                                                                                                                                                                                                                                                                                                                                                                                                                                   .;;;;;;;ES;Special classification provisions - commercial---Commercial samples imported from one of the countries listed below, regardless of the country of origin or tariff treatment, solely for the solicitation of orders for goods or services provided from a country other than Canada, and (i) having a value, individually or in the aggregate as shipped, of not more than one United States dollar or the equivalent amount in Canadian currency or the currency of the country from which it was imported, or(ii) that are so marked, torn, perforated or otherwise treated that they are unsuitable for sale or for use except as commercial samples,on condition that any person authorized to account for the commercial samples in accordance with the Customs Act shall submit: (a) an invoice, bill of lading or written statement from the foreign supplier of the samples indicating their value. and (b) any documentation establishing that the importer is a representative of the foreign supplier, or is acting on behalf of such a representative.Countries:ChileColombiaCosta RicaCPTPP CountryHondurasKoreaMexicoPeruPanamaUnited States                                                                                                                                                                                                                                                                                                                                                                                                                                                   .;;;;;;;N/A;;_DCA23;20240101;99991231;0;0;;;;;;
CA;99900000;20240101;99991231;EN;Special classification provisions - commercial---Commercial samples imported from one of the countries listed below, regardless of the country of origin or tariff treatment, solely for the solicitation of orders for goods or services provided from a country other than Canada, and (i) having a value, individually or in the aggregate as shipped, of not more than one United States dollar or the equivalent amount in Canadian currency or the currency of the country from which it was imported, or(ii) that are so marked, torn, perforated or otherwise treated that they are unsuitable for sale or for use except as commercial samples,on condition that any person authorized to account for the commercial samples in accordance with the Customs Act shall submit: (a) an invoice, bill of lading or written statement from the foreign supplier of the samples indicating their value. and (b) any documentation establishing that the importer is a representative of the foreign supplier, or is acting on behalf of such a representative.Countries:ChileColombiaCosta RicaCPTPP CountryHondurasKoreaMexicoPeruPanamaUnited States                                                                                                                                                                                                                                                                                                                                                                                                                                                   .;;;;;;;ES;Special classification provisions - commercial---Commercial samples imported from one of the countries listed below, regardless of the country of origin or tariff treatment, solely for the solicitation of orders for goods or services provided from a country other than Canada, and (i) having a value, individually or in the aggregate as shipped, of not more than one United States dollar or the equivalent amount in Canadian currency or the currency of the country from which it was imported, or(ii) that are so marked, torn, perforated or otherwise treated that they are unsuitable for sale or for use except as commercial samples,on condition that any person authorized to account for the commercial samples in accordance with the Customs Act shall submit: (a) an invoice, bill of lading or written statement from the foreign supplier of the samples indicating their value. and (b) any documentation establishing that the importer is a representative of the foreign supplier, or is acting on behalf of such a representative.Countries:ChileColombiaCosta RicaCPTPP CountryHondurasKoreaMexicoPeruPanamaUnited States                                                                                                                                                                                                                                                                                                                                                                                                                                                   .;;;;;;;N/A;;_DCA25;20240101;99991231;0;0;;;;;;
CA;99900000;20240101;99991231;EN;Special classification provisions - commercial---Commercial samples imported from one of the countries listed below, regardless of the country of origin or tariff treatment, solely for the solicitation of orders for goods or services provided from a country other than Canada, and (i) having a value, individually or in the aggregate as shipped, of not more than one United States dollar or the equivalent amount in Canadian currency or the currency of the country from which it was imported, or(ii) that are so marked, torn, perforated or otherwise treated that they are unsuitable for sale or for use except as commercial samples,on condition that any person authorized to account for the commercial samples in accordance with the Customs Act shall submit: (a) an invoice, bill of lading or written statement from the foreign supplier of the samples indicating their value. and (b) any documentation establishing that the importer is a representative of the foreign supplier, or is acting on behalf of such a representative.Countries:ChileColombiaCosta RicaCPTPP CountryHondurasKoreaMexicoPeruPanamaUnited States                                                                                                                                                                                                                                                                                                                                                                                                                                                   .;;;;;;;ES;Special classification provisions - commercial---Commercial samples imported from one of the countries listed below, regardless of the country of origin or tariff treatment, solely for the solicitation of orders for goods or services provided from a country other than Canada, and (i) having a value, individually or in the aggregate as shipped, of not more than one United States dollar or the equivalent amount in Canadian currency or the currency of the country from which it was imported, or(ii) that are so marked, torn, perforated or otherwise treated that they are unsuitable for sale or for use except as commercial samples,on condition that any person authorized to account for the commercial samples in accordance with the Customs Act shall submit: (a) an invoice, bill of lading or written statement from the foreign supplier of the samples indicating their value. and (b) any documentation establishing that the importer is a representative of the foreign supplier, or is acting on behalf of such a representative.Countries:ChileColombiaCosta RicaCPTPP CountryHondurasKoreaMexicoPeruPanamaUnited States                                                                                                                                                                                                                                                                                                                                                                                                                                                   .;;;;;;;N/A;;_DCA26;20240101;99991231;0;0;;;;;;
CA;99900000;20240101;99991231;EN;Special classification provisions - commercial---Commercial samples imported from one of the countries listed below, regardless of the country of origin or tariff treatment, solely for the solicitation of orders for goods or services provided from a country other than Canada, and (i) having a value, individually or in the aggregate as shipped, of not more than one United States dollar or the equivalent amount in Canadian currency or the currency of the country from which it was imported, or(ii) that are so marked, torn, perforated or otherwise treated that they are unsuitable for sale or for use except as commercial samples,on condition that any person authorized to account for the commercial samples in accordance with the Customs Act shall submit: (a) an invoice, bill of lading or written statement from the foreign supplier of the samples indicating their value. and (b) any documentation establishing that the importer is a representative of the foreign supplier, or is acting on behalf of such a representative.Countries:ChileColombiaCosta RicaCPTPP CountryHondurasKoreaMexicoPeruPanamaUnited States                                                                                                                                                                                                                                                                                                                                                                                                                                                   .;;;;;;;ES;Special classification provisions - commercial---Commercial samples imported from one of the countries listed below, regardless of the country of origin or tariff treatment, solely for the solicitation of orders for goods or services provided from a country other than Canada, and (i) having a value, individually or in the aggregate as shipped, of not more than one United States dollar or the equivalent amount in Canadian currency or the currency of the country from which it was imported, or(ii) that are so marked, torn, perforated or otherwise treated that they are unsuitable for sale or for use except as commercial samples,on condition that any person authorized to account for the commercial samples in accordance with the Customs Act shall submit: (a) an invoice, bill of lading or written statement from the foreign supplier of the samples indicating their value. and (b) any documentation establishing that the importer is a representative of the foreign supplier, or is acting on behalf of such a representative.Countries:ChileColombiaCosta RicaCPTPP CountryHondurasKoreaMexicoPeruPanamaUnited States                                                                                                                                                                                                                                                                                                                                                                                                                                                   .;;;;;;;N/A;;_DCA33;20240101;99991231;0;0;;;;;;
CA;99900000;20240101;99991231;EN;Special classification provisions - commercial---Commercial samples imported from one of the countries listed below, regardless of the country of origin or tariff treatment, solely for the solicitation of orders for goods or services provided from a country other than Canada, and (i) having a value, individually or in the aggregate as shipped, of not more than one United States dollar or the equivalent amount in Canadian currency or the currency of the country from which it was imported, or(ii) that are so marked, torn, perforated or otherwise treated that they are unsuitable for sale or for use except as commercial samples,on condition that any person authorized to account for the commercial samples in accordance with the Customs Act shall submit: (a) an invoice, bill of lading or written statement from the foreign supplier of the samples indicating their value. and (b) any documentation establishing that the importer is a representative of the foreign supplier, or is acting on behalf of such a representative.Countries:ChileColombiaCosta RicaCPTPP CountryHondurasKoreaMexicoPeruPanamaUnited States                                                                                                                                                                                                                                                                                                                                                                                                                                                   .;;;;;;;ES;Special classification provisions - commercial---Commercial samples imported from one of the countries listed below, regardless of the country of origin or tariff treatment, solely for the solicitation of orders for goods or services provided from a country other than Canada, and (i) having a value, individually or in the aggregate as shipped, of not more than one United States dollar or the equivalent amount in Canadian currency or the currency of the country from which it was imported, or(ii) that are so marked, torn, perforated or otherwise treated that they are unsuitable for sale or for use except as commercial samples,on condition that any person authorized to account for the commercial samples in accordance with the Customs Act shall submit: (a) an invoice, bill of lading or written statement from the foreign supplier of the samples indicating their value. and (b) any documentation establishing that the importer is a representative of the foreign supplier, or is acting on behalf of such a representative.Countries:ChileColombiaCosta RicaCPTPP CountryHondurasKoreaMexicoPeruPanamaUnited States                                                                                                                                                                                                                                                                                                                                                                                                                                                   .;;;;;;;N/A;;_DCA34;20240101;99991231;0;0;;;;;;
CA;99900000;20240101;99991231;EN;Special classification provisions - commercial---Commercial samples imported from one of the countries listed below, regardless of the country of origin or tariff treatment, solely for the solicitation of orders for goods or services provided from a country other than Canada, and (i) having a value, individually or in the aggregate as shipped, of not more than one United States dollar or the equivalent amount in Canadian currency or the currency of the country from which it was imported, or(ii) that are so marked, torn, perforated or otherwise treated that they are unsuitable for sale or for use except as commercial samples,on condition that any person authorized to account for the commercial samples in accordance with the Customs Act shall submit: (a) an invoice, bill of lading or written statement from the foreign supplier of the samples indicating their value. and (b) any documentation establishing that the importer is a representative of the foreign supplier, or is acting on behalf of such a representative.Countries:ChileColombiaCosta RicaCPTPP CountryHondurasKoreaMexicoPeruPanamaUnited States                                                                                                                                                                                                                                                                                                                                                                                                                                                   .;;;;;;;ES;Special classification provisions - commercial---Commercial samples imported from one of the countries listed below, regardless of the country of origin or tariff treatment, solely for the solicitation of orders for goods or services provided from a country other than Canada, and (i) having a value, individually or in the aggregate as shipped, of not more than one United States dollar or the equivalent amount in Canadian currency or the currency of the country from which it was imported, or(ii) that are so marked, torn, perforated or otherwise treated that they are unsuitable for sale or for use except as commercial samples,on condition that any person authorized to account for the commercial samples in accordance with the Customs Act shall submit: (a) an invoice, bill of lading or written statement from the foreign supplier of the samples indicating their value. and (b) any documentation establishing that the importer is a representative of the foreign supplier, or is acting on behalf of such a representative.Countries:ChileColombiaCosta RicaCPTPP CountryHondurasKoreaMexicoPeruPanamaUnited States                                                                                                                                                                                                                                                                                                                                                                                                                                                   .;;;;;;;N/A;;_DCA35;20240101;99991231;0;0;;;;;;
CA;99900000;20240101;99991231;EN;Special classification provisions - commercial---Commercial samples imported from one of the countries listed below, regardless of the country of origin or tariff treatment, solely for the solicitation of orders for goods or services provided from a country other than Canada, and (i) having a value, individually or in the aggregate as shipped, of not more than one United States dollar or the equivalent amount in Canadian currency or the currency of the country from which it was imported, or(ii) that are so marked, torn, perforated or otherwise treated that they are unsuitable for sale or for use except as commercial samples,on condition that any person authorized to account for the commercial samples in accordance with the Customs Act shall submit: (a) an invoice, bill of lading or written statement from the foreign supplier of the samples indicating their value. and (b) any documentation establishing that the importer is a representative of the foreign supplier, or is acting on behalf of such a representative.Countries:ChileColombiaCosta RicaCPTPP CountryHondurasKoreaMexicoPeruPanamaUnited States                                                                                                                                                                                                                                                                                                                                                                                                                                                   .;;;;;;;ES;Special classification provisions - commercial---Commercial samples imported from one of the countries listed below, regardless of the country of origin or tariff treatment, solely for the solicitation of orders for goods or services provided from a country other than Canada, and (i) having a value, individually or in the aggregate as shipped, of not more than one United States dollar or the equivalent amount in Canadian currency or the currency of the country from which it was imported, or(ii) that are so marked, torn, perforated or otherwise treated that they are unsuitable for sale or for use except as commercial samples,on condition that any person authorized to account for the commercial samples in accordance with the Customs Act shall submit: (a) an invoice, bill of lading or written statement from the foreign supplier of the samples indicating their value. and (b) any documentation establishing that the importer is a representative of the foreign supplier, or is acting on behalf of such a representative.Countries:ChileColombiaCosta RicaCPTPP CountryHondurasKoreaMexicoPeruPanamaUnited States                                                                                                                                                                                                                                                                                                                                                                                                                                                   .;;;;;;;N/A;;_DCA9;20240101;99991231;0;0;;;;;;
CA;99910000;20240101;99991231;EN;Special classification provisions - commercial---Samples representative of a particular category of goods that have been produced or an article for which production is contemplated, including any package, case, binder or other article attached to or imported as an integral part of the samples, on condition that(a) the aggregate of duties and all taxes otherwise payable on the samples does not exceed two dollars.(b) the samples will be used only in soliciting orders for goods of the kind represented by the samples and these goods will be supplied direct from abroad.and(c) there is not more than one sample of each kind or quality in a shipment except that in the case of foodstuffs, non-alcoholic beverages, perfumes and chemical products that will be consumed or destroyed during demonstration, a shipment may consist of more than one sample of each kind or quality when the quantity and the manner in which they are packaged preclude their being used otherwise than as samples.If it is necessary, according to a customs officer, the samples may be made useless as merchandise by marking, tearing, perforating, gluing or other alteration, but not in such a manner as to destroy their usefulness as samples.;;;;;;;ES;Special classification provisions - commercial---Samples representative of a particular category of goods that have been produced or an article for which production is contemplated, including any package, case, binder or other article attached to or imported as an integral part of the samples, on condition that(a) the aggregate of duties and all taxes otherwise payable on the samples does not exceed two dollars.(b) the samples will be used only in soliciting orders for goods of the kind represented by the samples and these goods will be supplied direct from abroad.and(c) there is not more than one sample of each kind or quality in a shipment except that in the case of foodstuffs, non-alcoholic beverages, perfumes and chemical products that will be consumed or destroyed during demonstration, a shipment may consist of more than one sample of each kind or quality when the quantity and the manner in which they are packaged preclude their being used otherwise than as samples.If it is necessary, according to a customs officer, the samples may be made useless as merchandise by marking, tearing, perforating, gluing or other alteration, but not in such a manner as to destroy their usefulness as samples.;;;;;;;N/A;;_DCA1;20240101;99991231;0;0;;;;;;
CA;99910000;20240101;99991231;EN;Special classification provisions - commercial---Samples representative of a particular category of goods that have been produced or an article for which production is contemplated, including any package, case, binder or other article attached to or imported as an integral part of the samples, on condition that(a) the aggregate of duties and all taxes otherwise payable on the samples does not exceed two dollars.(b) the samples will be used only in soliciting orders for goods of the kind represented by the samples and these goods will be supplied direct from abroad.and(c) there is not more than one sample of each kind or quality in a shipment except that in the case of foodstuffs, non-alcoholic beverages, perfumes and chemical products that will be consumed or destroyed during demonstration, a shipment may consist of more than one sample of each kind or quality when the quantity and the manner in which they are packaged preclude their being used otherwise than as samples.If it is necessary, according to a customs officer, the samples may be made useless as merchandise by marking, tearing, perforating, gluing or other alteration, but not in such a manner as to destroy their usefulness as samples.;;;;;;;ES;Special classification provisions - commercial---Samples representative of a particular category of goods that have been produced or an article for which production is contemplated, including any package, case, binder or other article attached to or imported as an integral part of the samples, on condition that(a) the aggregate of duties and all taxes otherwise payable on the samples does not exceed two dollars.(b) the samples will be used only in soliciting orders for goods of the kind represented by the samples and these goods will be supplied direct from abroad.and(c) there is not more than one sample of each kind or quality in a shipment except that in the case of foodstuffs, non-alcoholic beverages, perfumes and chemical products that will be consumed or destroyed during demonstration, a shipment may consist of more than one sample of each kind or quality when the quantity and the manner in which they are packaged preclude their being used otherwise than as samples.If it is necessary, according to a customs officer, the samples may be made useless as merchandise by marking, tearing, perforating, gluing or other alteration, but not in such a manner as to destroy their usefulness as samples.;;;;;;;N/A;;_DCA10;20240101;99991231;0;0;;;;;;
CA;99910000;20240101;99991231;EN;Special classification provisions - commercial---Samples representative of a particular category of goods that have been produced or an article for which production is contemplated, including any package, case, binder or other article attached to or imported as an integral part of the samples, on condition that(a) the aggregate of duties and all taxes otherwise payable on the samples does not exceed two dollars.(b) the samples will be used only in soliciting orders for goods of the kind represented by the samples and these goods will be supplied direct from abroad.and(c) there is not more than one sample of each kind or quality in a shipment except that in the case of foodstuffs, non-alcoholic beverages, perfumes and chemical products that will be consumed or destroyed during demonstration, a shipment may consist of more than one sample of each kind or quality when the quantity and the manner in which they are packaged preclude their being used otherwise than as samples.If it is necessary, according to a customs officer, the samples may be made useless as merchandise by marking, tearing, perforating, gluing or other alteration, but not in such a manner as to destroy their usefulness as samples.;;;;;;;ES;Special classification provisions - commercial---Samples representative of a particular category of goods that have been produced or an article for which production is contemplated, including any package, case, binder or other article attached to or imported as an integral part of the samples, on condition that(a) the aggregate of duties and all taxes otherwise payable on the samples does not exceed two dollars.(b) the samples will be used only in soliciting orders for goods of the kind represented by the samples and these goods will be supplied direct from abroad.and(c) there is not more than one sample of each kind or quality in a shipment except that in the case of foodstuffs, non-alcoholic beverages, perfumes and chemical products that will be consumed or destroyed during demonstration, a shipment may consist of more than one sample of each kind or quality when the quantity and the manner in which they are packaged preclude their being used otherwise than as samples.If it is necessary, according to a customs officer, the samples may be made useless as merchandise by marking, tearing, perforating, gluing or other alteration, but not in such a manner as to destroy their usefulness as samples.;;;;;;;N/A;;_DCA12;20240101;99991231;35;0;;;;;;
CA;99910000;20240101;99991231;EN;Special classification provisions - commercial---Samples representative of a particular category of goods that have been produced or an article for which production is contemplated, including any package, case, binder or other article attached to or imported as an integral part of the samples, on condition that(a) the aggregate of duties and all taxes otherwise payable on the samples does not exceed two dollars.(b) the samples will be used only in soliciting orders for goods of the kind represented by the samples and these goods will be supplied direct from abroad.and(c) there is not more than one sample of each kind or quality in a shipment except that in the case of foodstuffs, non-alcoholic beverages, perfumes and chemical products that will be consumed or destroyed during demonstration, a shipment may consist of more than one sample of each kind or quality when the quantity and the manner in which they are packaged preclude their being used otherwise than as samples.If it is necessary, according to a customs officer, the samples may be made useless as merchandise by marking, tearing, perforating, gluing or other alteration, but not in such a manner as to destroy their usefulness as samples.;;;;;;;ES;Special classification provisions - commercial---Samples representative of a particular category of goods that have been produced or an article for which production is contemplated, including any package, case, binder or other article attached to or imported as an integral part of the samples, on condition that(a) the aggregate of duties and all taxes otherwise payable on the samples does not exceed two dollars.(b) the samples will be used only in soliciting orders for goods of the kind represented by the samples and these goods will be supplied direct from abroad.and(c) there is not more than one sample of each kind or quality in a shipment except that in the case of foodstuffs, non-alcoholic beverages, perfumes and chemical products that will be consumed or destroyed during demonstration, a shipment may consist of more than one sample of each kind or quality when the quantity and the manner in which they are packaged preclude their being used otherwise than as samples.If it is necessary, according to a customs officer, the samples may be made useless as merchandise by marking, tearing, perforating, gluing or other alteration, but not in such a manner as to destroy their usefulness as samples.;;;;;;;N/A;;_DCA14;20240101;99991231;0;0;;;;;;
CA;99910000;20240101;99991231;EN;Special classification provisions - commercial---Samples representative of a particular category of goods that have been produced or an article for which production is contemplated, including any package, case, binder or other article attached to or imported as an integral part of the samples, on condition that(a) the aggregate of duties and all taxes otherwise payable on the samples does not exceed two dollars.(b) the samples will be used only in soliciting orders for goods of the kind represented by the samples and these goods will be supplied direct from abroad.and(c) there is not more than one sample of each kind or quality in a shipment except that in the case of foodstuffs, non-alcoholic beverages, perfumes and chemical products that will be consumed or destroyed during demonstration, a shipment may consist of more than one sample of each kind or quality when the quantity and the manner in which they are packaged preclude their being used otherwise than as samples.If it is necessary, according to a customs officer, the samples may be made useless as merchandise by marking, tearing, perforating, gluing or other alteration, but not in such a manner as to destroy their usefulness as samples.;;;;;;;ES;Special classification provisions - commercial---Samples representative of a particular category of goods that have been produced or an article for which production is contemplated, including any package, case, binder or other article attached to or imported as an integral part of the samples, on condition that(a) the aggregate of duties and all taxes otherwise payable on the samples does not exceed two dollars.(b) the samples will be used only in soliciting orders for goods of the kind represented by the samples and these goods will be supplied direct from abroad.and(c) there is not more than one sample of each kind or quality in a shipment except that in the case of foodstuffs, non-alcoholic beverages, perfumes and chemical products that will be consumed or destroyed during demonstration, a shipment may consist of more than one sample of each kind or quality when the quantity and the manner in which they are packaged preclude their being used otherwise than as samples.If it is necessary, according to a customs officer, the samples may be made useless as merchandise by marking, tearing, perforating, gluing or other alteration, but not in such a manner as to destroy their usefulness as samples.;;;;;;;N/A;;_DCA17;20240101;99991231;0;0;;;;;;
CA;99910000;20240101;99991231;EN;Special classification provisions - commercial---Samples representative of a particular category of goods that have been produced or an article for which production is contemplated, including any package, case, binder or other article attached to or imported as an integral part of the samples, on condition that(a) the aggregate of duties and all taxes otherwise payable on the samples does not exceed two dollars.(b) the samples will be used only in soliciting orders for goods of the kind represented by the samples and these goods will be supplied direct from abroad.and(c) there is not more than one sample of each kind or quality in a shipment except that in the case of foodstuffs, non-alcoholic beverages, perfumes and chemical products that will be consumed or destroyed during demonstration, a shipment may consist of more than one sample of each kind or quality when the quantity and the manner in which they are packaged preclude their being used otherwise than as samples.If it is necessary, according to a customs officer, the samples may be made useless as merchandise by marking, tearing, perforating, gluing or other alteration, but not in such a manner as to destroy their usefulness as samples.;;;;;;;ES;Special classification provisions - commercial---Samples representative of a particular category of goods that have been produced or an article for which production is contemplated, including any package, case, binder or other article attached to or imported as an integral part of the samples, on condition that(a) the aggregate of duties and all taxes otherwise payable on the samples does not exceed two dollars.(b) the samples will be used only in soliciting orders for goods of the kind represented by the samples and these goods will be supplied direct from abroad.and(c) there is not more than one sample of each kind or quality in a shipment except that in the case of foodstuffs, non-alcoholic beverages, perfumes and chemical products that will be consumed or destroyed during demonstration, a shipment may consist of more than one sample of each kind or quality when the quantity and the manner in which they are packaged preclude their being used otherwise than as samples.If it is necessary, according to a customs officer, the samples may be made useless as merchandise by marking, tearing, perforating, gluing or other alteration, but not in such a manner as to destroy their usefulness as samples.;;;;;;;N/A;;_DCA18;20240101;99991231;0;0;;;;;;
CA;99910000;20240101;99991231;EN;Special classification provisions - commercial---Samples representative of a particular category of goods that have been produced or an article for which production is contemplated, including any package, case, binder or other article attached to or imported as an integral part of the samples, on condition that(a) the aggregate of duties and all taxes otherwise payable on the samples does not exceed two dollars.(b) the samples will be used only in soliciting orders for goods of the kind represented by the samples and these goods will be supplied direct from abroad.and(c) there is not more than one sample of each kind or quality in a shipment except that in the case of foodstuffs, non-alcoholic beverages, perfumes and chemical products that will be consumed or destroyed during demonstration, a shipment may consist of more than one sample of each kind or quality when the quantity and the manner in which they are packaged preclude their being used otherwise than as samples.If it is necessary, according to a customs officer, the samples may be made useless as merchandise by marking, tearing, perforating, gluing or other alteration, but not in such a manner as to destroy their usefulness as samples.;;;;;;;ES;Special classification provisions - commercial---Samples representative of a particular category of goods that have been produced or an article for which production is contemplated, including any package, case, binder or other article attached to or imported as an integral part of the samples, on condition that(a) the aggregate of duties and all taxes otherwise payable on the samples does not exceed two dollars.(b) the samples will be used only in soliciting orders for goods of the kind represented by the samples and these goods will be supplied direct from abroad.and(c) there is not more than one sample of each kind or quality in a shipment except that in the case of foodstuffs, non-alcoholic beverages, perfumes and chemical products that will be consumed or destroyed during demonstration, a shipment may consist of more than one sample of each kind or quality when the quantity and the manner in which they are packaged preclude their being used otherwise than as samples.If it is necessary, according to a customs officer, the samples may be made useless as merchandise by marking, tearing, perforating, gluing or other alteration, but not in such a manner as to destroy their usefulness as samples.;;;;;;;N/A;;_DCA19;20240101;99991231;0;0;;;;;;
CA;99910000;20240101;99991231;EN;Special classification provisions - commercial---Samples representative of a particular category of goods that have been produced or an article for which production is contemplated, including any package, case, binder or other article attached to or imported as an integral part of the samples, on condition that(a) the aggregate of duties and all taxes otherwise payable on the samples does not exceed two dollars.(b) the samples will be used only in soliciting orders for goods of the kind represented by the samples and these goods will be supplied direct from abroad.and(c) there is not more than one sample of each kind or quality in a shipment except that in the case of foodstuffs, non-alcoholic beverages, perfumes and chemical products that will be consumed or destroyed during demonstration, a shipment may consist of more than one sample of each kind or quality when the quantity and the manner in which they are packaged preclude their being used otherwise than as samples.If it is necessary, according to a customs officer, the samples may be made useless as merchandise by marking, tearing, perforating, gluing or other alteration, but not in such a manner as to destroy their usefulness as samples.;;;;;;;ES;Special classification provisions - commercial---Samples representative of a particular category of goods that have been produced or an article for which production is contemplated, including any package, case, binder or other article attached to or imported as an integral part of the samples, on condition that(a) the aggregate of duties and all taxes otherwise payable on the samples does not exceed two dollars.(b) the samples will be used only in soliciting orders for goods of the kind represented by the samples and these goods will be supplied direct from abroad.and(c) there is not more than one sample of each kind or quality in a shipment except that in the case of foodstuffs, non-alcoholic beverages, perfumes and chemical products that will be consumed or destroyed during demonstration, a shipment may consist of more than one sample of each kind or quality when the quantity and the manner in which they are packaged preclude their being used otherwise than as samples.If it is necessary, according to a customs officer, the samples may be made useless as merchandise by marking, tearing, perforating, gluing or other alteration, but not in such a manner as to destroy their usefulness as samples.;;;;;;;N/A;;_DCA2;20240101;99991231;0;0;;;;;;
CA;99910000;20240101;99991231;EN;Special classification provisions - commercial---Samples representative of a particular category of goods that have been produced or an article for which production is contemplated, including any package, case, binder or other article attached to or imported as an integral part of the samples, on condition that(a) the aggregate of duties and all taxes otherwise payable on the samples does not exceed two dollars.(b) the samples will be used only in soliciting orders for goods of the kind represented by the samples and these goods will be supplied direct from abroad.and(c) there is not more than one sample of each kind or quality in a shipment except that in the case of foodstuffs, non-alcoholic beverages, perfumes and chemical products that will be consumed or destroyed during demonstration, a shipment may consist of more than one sample of each kind or quality when the quantity and the manner in which they are packaged preclude their being used otherwise than as samples.If it is necessary, according to a customs officer, the samples may be made useless as merchandise by marking, tearing, perforating, gluing or other alteration, but not in such a manner as to destroy their usefulness as samples.;;;;;;;ES;Special classification provisions - commercial---Samples representative of a particular category of goods that have been produced or an article for which production is contemplated, including any package, case, binder or other article attached to or imported as an integral part of the samples, on condition that(a) the aggregate of duties and all taxes otherwise payable on the samples does not exceed two dollars.(b) the samples will be used only in soliciting orders for goods of the kind represented by the samples and these goods will be supplied direct from abroad.and(c) there is not more than one sample of each kind or quality in a shipment except that in the case of foodstuffs, non-alcoholic beverages, perfumes and chemical products that will be consumed or destroyed during demonstration, a shipment may consist of more than one sample of each kind or quality when the quantity and the manner in which they are packaged preclude their being used otherwise than as samples.If it is necessary, according to a customs officer, the samples may be made useless as merchandise by marking, tearing, perforating, gluing or other alteration, but not in such a manner as to destroy their usefulness as samples.;;;;;;;N/A;;_DCA20;20240101;99991231;0;0;;;;;;
CA;99910000;20240101;99991231;EN;Special classification provisions - commercial---Samples representative of a particular category of goods that have been produced or an article for which production is contemplated, including any package, case, binder or other article attached to or imported as an integral part of the samples, on condition that(a) the aggregate of duties and all taxes otherwise payable on the samples does not exceed two dollars.(b) the samples will be used only in soliciting orders for goods of the kind represented by the samples and these goods will be supplied direct from abroad.and(c) there is not more than one sample of each kind or quality in a shipment except that in the case of foodstuffs, non-alcoholic beverages, perfumes and chemical products that will be consumed or destroyed during demonstration, a shipment may consist of more than one sample of each kind or quality when the quantity and the manner in which they are packaged preclude their being used otherwise than as samples.If it is necessary, according to a customs officer, the samples may be made useless as merchandise by marking, tearing, perforating, gluing or other alteration, but not in such a manner as to destroy their usefulness as samples.;;;;;;;ES;Special classification provisions - commercial---Samples representative of a particular category of goods that have been produced or an article for which production is contemplated, including any package, case, binder or other article attached to or imported as an integral part of the samples, on condition that(a) the aggregate of duties and all taxes otherwise payable on the samples does not exceed two dollars.(b) the samples will be used only in soliciting orders for goods of the kind represented by the samples and these goods will be supplied direct from abroad.and(c) there is not more than one sample of each kind or quality in a shipment except that in the case of foodstuffs, non-alcoholic beverages, perfumes and chemical products that will be consumed or destroyed during demonstration, a shipment may consist of more than one sample of each kind or quality when the quantity and the manner in which they are packaged preclude their being used otherwise than as samples.If it is necessary, according to a customs officer, the samples may be made useless as merchandise by marking, tearing, perforating, gluing or other alteration, but not in such a manner as to destroy their usefulness as samples.;;;;;;;N/A;;_DCA21;20240101;99991231;0;0;;;;;;
CA;99910000;20240101;99991231;EN;Special classification provisions - commercial---Samples representative of a particular category of goods that have been produced or an article for which production is contemplated, including any package, case, binder or other article attached to or imported as an integral part of the samples, on condition that(a) the aggregate of duties and all taxes otherwise payable on the samples does not exceed two dollars.(b) the samples will be used only in soliciting orders for goods of the kind represented by the samples and these goods will be supplied direct from abroad.and(c) there is not more than one sample of each kind or quality in a shipment except that in the case of foodstuffs, non-alcoholic beverages, perfumes and chemical products that will be consumed or destroyed during demonstration, a shipment may consist of more than one sample of each kind or quality when the quantity and the manner in which they are packaged preclude their being used otherwise than as samples.If it is necessary, according to a customs officer, the samples may be made useless as merchandise by marking, tearing, perforating, gluing or other alteration, but not in such a manner as to destroy their usefulness as samples.;;;;;;;ES;Special classification provisions - commercial---Samples representative of a particular category of goods that have been produced or an article for which production is contemplated, including any package, case, binder or other article attached to or imported as an integral part of the samples, on condition that(a) the aggregate of duties and all taxes otherwise payable on the samples does not exceed two dollars.(b) the samples will be used only in soliciting orders for goods of the kind represented by the samples and these goods will be supplied direct from abroad.and(c) there is not more than one sample of each kind or quality in a shipment except that in the case of foodstuffs, non-alcoholic beverages, perfumes and chemical products that will be consumed or destroyed during demonstration, a shipment may consist of more than one sample of each kind or quality when the quantity and the manner in which they are packaged preclude their being used otherwise than as samples.If it is necessary, according to a customs officer, the samples may be made useless as merchandise by marking, tearing, perforating, gluing or other alteration, but not in such a manner as to destroy their usefulness as samples.;;;;;;;N/A;;_DCA22;20240101;99991231;0;0;;;;;;
CA;99910000;20240101;99991231;EN;Special classification provisions - commercial---Samples representative of a particular category of goods that have been produced or an article for which production is contemplated, including any package, case, binder or other article attached to or imported as an integral part of the samples, on condition that(a) the aggregate of duties and all taxes otherwise payable on the samples does not exceed two dollars.(b) the samples will be used only in soliciting orders for goods of the kind represented by the samples and these goods will be supplied direct from abroad.and(c) there is not more than one sample of each kind or quality in a shipment except that in the case of foodstuffs, non-alcoholic beverages, perfumes and chemical products that will be consumed or destroyed during demonstration, a shipment may consist of more than one sample of each kind or quality when the quantity and the manner in which they are packaged preclude their being used otherwise than as samples.If it is necessary, according to a customs officer, the samples may be made useless as merchandise by marking, tearing, perforating, gluing or other alteration, but not in such a manner as to destroy their usefulness as samples.;;;;;;;ES;Special classification provisions - commercial---Samples representative of a particular category of goods that have been produced or an article for which production is contemplated, including any package, case, binder or other article attached to or imported as an integral part of the samples, on condition that(a) the aggregate of duties and all taxes otherwise payable on the samples does not exceed two dollars.(b) the samples will be used only in soliciting orders for goods of the kind represented by the samples and these goods will be supplied direct from abroad.and(c) there is not more than one sample of each kind or quality in a shipment except that in the case of foodstuffs, non-alcoholic beverages, perfumes and chemical products that will be consumed or destroyed during demonstration, a shipment may consist of more than one sample of each kind or quality when the quantity and the manner in which they are packaged preclude their being used otherwise than as samples.If it is necessary, according to a customs officer, the samples may be made useless as merchandise by marking, tearing, perforating, gluing or other alteration, but not in such a manner as to destroy their usefulness as samples.;;;;;;;N/A;;_DCA23;20240101;99991231;0;0;;;;;;
CA;99910000;20240101;99991231;EN;Special classification provisions - commercial---Samples representative of a particular category of goods that have been produced or an article for which production is contemplated, including any package, case, binder or other article attached to or imported as an integral part of the samples, on condition that(a) the aggregate of duties and all taxes otherwise payable on the samples does not exceed two dollars.(b) the samples will be used only in soliciting orders for goods of the kind represented by the samples and these goods will be supplied direct from abroad.and(c) there is not more than one sample of each kind or quality in a shipment except that in the case of foodstuffs, non-alcoholic beverages, perfumes and chemical products that will be consumed or destroyed during demonstration, a shipment may consist of more than one sample of each kind or quality when the quantity and the manner in which they are packaged preclude their being used otherwise than as samples.If it is necessary, according to a customs officer, the samples may be made useless as merchandise by marking, tearing, perforating, gluing or other alteration, but not in such a manner as to destroy their usefulness as samples.;;;;;;;ES;Special classification provisions - commercial---Samples representative of a particular category of goods that have been produced or an article for which production is contemplated, including any package, case, binder or other article attached to or imported as an integral part of the samples, on condition that(a) the aggregate of duties and all taxes otherwise payable on the samples does not exceed two dollars.(b) the samples will be used only in soliciting orders for goods of the kind represented by the samples and these goods will be supplied direct from abroad.and(c) there is not more than one sample of each kind or quality in a shipment except that in the case of foodstuffs, non-alcoholic beverages, perfumes and chemical products that will be consumed or destroyed during demonstration, a shipment may consist of more than one sample of each kind or quality when the quantity and the manner in which they are packaged preclude their being used otherwise than as samples.If it is necessary, according to a customs officer, the samples may be made useless as merchandise by marking, tearing, perforating, gluing or other alteration, but not in such a manner as to destroy their usefulness as samples.;;;;;;;N/A;;_DCA25;20240101;99991231;0;0;;;;;;
CA;99910000;20240101;99991231;EN;Special classification provisions - commercial---Samples representative of a particular category of goods that have been produced or an article for which production is contemplated, including any package, case, binder or other article attached to or imported as an integral part of the samples, on condition that(a) the aggregate of duties and all taxes otherwise payable on the samples does not exceed two dollars.(b) the samples will be used only in soliciting orders for goods of the kind represented by the samples and these goods will be supplied direct from abroad.and(c) there is not more than one sample of each kind or quality in a shipment except that in the case of foodstuffs, non-alcoholic beverages, perfumes and chemical products that will be consumed or destroyed during demonstration, a shipment may consist of more than one sample of each kind or quality when the quantity and the manner in which they are packaged preclude their being used otherwise than as samples.If it is necessary, according to a customs officer, the samples may be made useless as merchandise by marking, tearing, perforating, gluing or other alteration, but not in such a manner as to destroy their usefulness as samples.;;;;;;;ES;Special classification provisions - commercial---Samples representative of a particular category of goods that have been produced or an article for which production is contemplated, including any package, case, binder or other article attached to or imported as an integral part of the samples, on condition that(a) the aggregate of duties and all taxes otherwise payable on the samples does not exceed two dollars.(b) the samples will be used only in soliciting orders for goods of the kind represented by the samples and these goods will be supplied direct from abroad.and(c) there is not more than one sample of each kind or quality in a shipment except that in the case of foodstuffs, non-alcoholic beverages, perfumes and chemical products that will be consumed or destroyed during demonstration, a shipment may consist of more than one sample of each kind or quality when the quantity and the manner in which they are packaged preclude their being used otherwise than as samples.If it is necessary, according to a customs officer, the samples may be made useless as merchandise by marking, tearing, perforating, gluing or other alteration, but not in such a manner as to destroy their usefulness as samples.;;;;;;;N/A;;_DCA26;20240101;99991231;0;0;;;;;;
CA;99910000;20240101;99991231;EN;Special classification provisions - commercial---Samples representative of a particular category of goods that have been produced or an article for which production is contemplated, including any package, case, binder or other article attached to or imported as an integral part of the samples, on condition that(a) the aggregate of duties and all taxes otherwise payable on the samples does not exceed two dollars.(b) the samples will be used only in soliciting orders for goods of the kind represented by the samples and these goods will be supplied direct from abroad.and(c) there is not more than one sample of each kind or quality in a shipment except that in the case of foodstuffs, non-alcoholic beverages, perfumes and chemical products that will be consumed or destroyed during demonstration, a shipment may consist of more than one sample of each kind or quality when the quantity and the manner in which they are packaged preclude their being used otherwise than as samples.If it is necessary, according to a customs officer, the samples may be made useless as merchandise by marking, tearing, perforating, gluing or other alteration, but not in such a manner as to destroy their usefulness as samples.;;;;;;;ES;Special classification provisions - commercial---Samples representative of a particular category of goods that have been produced or an article for which production is contemplated, including any package, case, binder or other article attached to or imported as an integral part of the samples, on condition that(a) the aggregate of duties and all taxes otherwise payable on the samples does not exceed two dollars.(b) the samples will be used only in soliciting orders for goods of the kind represented by the samples and these goods will be supplied direct from abroad.and(c) there is not more than one sample of each kind or quality in a shipment except that in the case of foodstuffs, non-alcoholic beverages, perfumes and chemical products that will be consumed or destroyed during demonstration, a shipment may consist of more than one sample of each kind or quality when the quantity and the manner in which they are packaged preclude their being used otherwise than as samples.If it is necessary, according to a customs officer, the samples may be made useless as merchandise by marking, tearing, perforating, gluing or other alteration, but not in such a manner as to destroy their usefulness as samples.;;;;;;;N/A;;_DCA27;20240101;99991231;0;0;;;;;;
CA;99910000;20240101;99991231;EN;Special classification provisions - commercial---Samples representative of a particular category of goods that have been produced or an article for which production is contemplated, including any package, case, binder or other article attached to or imported as an integral part of the samples, on condition that(a) the aggregate of duties and all taxes otherwise payable on the samples does not exceed two dollars.(b) the samples will be used only in soliciting orders for goods of the kind represented by the samples and these goods will be supplied direct from abroad.and(c) there is not more than one sample of each kind or quality in a shipment except that in the case of foodstuffs, non-alcoholic beverages, perfumes and chemical products that will be consumed or destroyed during demonstration, a shipment may consist of more than one sample of each kind or quality when the quantity and the manner in which they are packaged preclude their being used otherwise than as samples.If it is necessary, according to a customs officer, the samples may be made useless as merchandise by marking, tearing, perforating, gluing or other alteration, but not in such a manner as to destroy their usefulness as samples.;;;;;;;ES;Special classification provisions - commercial---Samples representative of a particular category of goods that have been produced or an article for which production is contemplated, including any package, case, binder or other article attached to or imported as an integral part of the samples, on condition that(a) the aggregate of duties and all taxes otherwise payable on the samples does not exceed two dollars.(b) the samples will be used only in soliciting orders for goods of the kind represented by the samples and these goods will be supplied direct from abroad.and(c) there is not more than one sample of each kind or quality in a shipment except that in the case of foodstuffs, non-alcoholic beverages, perfumes and chemical products that will be consumed or destroyed during demonstration, a shipment may consist of more than one sample of each kind or quality when the quantity and the manner in which they are packaged preclude their being used otherwise than as samples.If it is necessary, according to a customs officer, the samples may be made useless as merchandise by marking, tearing, perforating, gluing or other alteration, but not in such a manner as to destroy their usefulness as samples.;;;;;;;N/A;;_DCA28;20240101;99991231;0;0;;;;;;
CA;99910000;20240101;99991231;EN;Special classification provisions - commercial---Samples representative of a particular category of goods that have been produced or an article for which production is contemplated, including any package, case, binder or other article attached to or imported as an integral part of the samples, on condition that(a) the aggregate of duties and all taxes otherwise payable on the samples does not exceed two dollars.(b) the samples will be used only in soliciting orders for goods of the kind represented by the samples and these goods will be supplied direct from abroad.and(c) there is not more than one sample of each kind or quality in a shipment except that in the case of foodstuffs, non-alcoholic beverages, perfumes and chemical products that will be consumed or destroyed during demonstration, a shipment may consist of more than one sample of each kind or quality when the quantity and the manner in which they are packaged preclude their being used otherwise than as samples.If it is necessary, according to a customs officer, the samples may be made useless as merchandise by marking, tearing, perforating, gluing or other alteration, but not in such a manner as to destroy their usefulness as samples.;;;;;;;ES;Special classification provisions - commercial---Samples representative of a particular category of goods that have been produced or an article for which production is contemplated, including any package, case, binder or other article attached to or imported as an integral part of the samples, on condition that(a) the aggregate of duties and all taxes otherwise payable on the samples does not exceed two dollars.(b) the samples will be used only in soliciting orders for goods of the kind represented by the samples and these goods will be supplied direct from abroad.and(c) there is not more than one sample of each kind or quality in a shipment except that in the case of foodstuffs, non-alcoholic beverages, perfumes and chemical products that will be consumed or destroyed during demonstration, a shipment may consist of more than one sample of each kind or quality when the quantity and the manner in which they are packaged preclude their being used otherwise than as samples.If it is necessary, according to a customs officer, the samples may be made useless as merchandise by marking, tearing, perforating, gluing or other alteration, but not in such a manner as to destroy their usefulness as samples.;;;;;;;N/A;;_DCA3;20240101;99991231;0;0;;;;;;
CA;99910000;20240101;99991231;EN;Special classification provisions - commercial---Samples representative of a particular category of goods that have been produced or an article for which production is contemplated, including any package, case, binder or other article attached to or imported as an integral part of the samples, on condition that(a) the aggregate of duties and all taxes otherwise payable on the samples does not exceed two dollars.(b) the samples will be used only in soliciting orders for goods of the kind represented by the samples and these goods will be supplied direct from abroad.and(c) there is not more than one sample of each kind or quality in a shipment except that in the case of foodstuffs, non-alcoholic beverages, perfumes and chemical products that will be consumed or destroyed during demonstration, a shipment may consist of more than one sample of each kind or quality when the quantity and the manner in which they are packaged preclude their being used otherwise than as samples.If it is necessary, according to a customs officer, the samples may be made useless as merchandise by marking, tearing, perforating, gluing or other alteration, but not in such a manner as to destroy their usefulness as samples.;;;;;;;ES;Special classification provisions - commercial---Samples representative of a particular category of goods that have been produced or an article for which production is contemplated, including any package, case, binder or other article attached to or imported as an integral part of the samples, on condition that(a) the aggregate of duties and all taxes otherwise payable on the samples does not exceed two dollars.(b) the samples will be used only in soliciting orders for goods of the kind represented by the samples and these goods will be supplied direct from abroad.and(c) there is not more than one sample of each kind or quality in a shipment except that in the case of foodstuffs, non-alcoholic beverages, perfumes and chemical products that will be consumed or destroyed during demonstration, a shipment may consist of more than one sample of each kind or quality when the quantity and the manner in which they are packaged preclude their being used otherwise than as samples.If it is necessary, according to a customs officer, the samples may be made useless as merchandise by marking, tearing, perforating, gluing or other alteration, but not in such a manner as to destroy their usefulness as samples.;;;;;;;N/A;;_DCA33;20240101;99991231;0;0;;;;;;
CA;99910000;20240101;99991231;EN;Special classification provisions - commercial---Samples representative of a particular category of goods that have been produced or an article for which production is contemplated, including any package, case, binder or other article attached to or imported as an integral part of the samples, on condition that(a) the aggregate of duties and all taxes otherwise payable on the samples does not exceed two dollars.(b) the samples will be used only in soliciting orders for goods of the kind represented by the samples and these goods will be supplied direct from abroad.and(c) there is not more than one sample of each kind or quality in a shipment except that in the case of foodstuffs, non-alcoholic beverages, perfumes and chemical products that will be consumed or destroyed during demonstration, a shipment may consist of more than one sample of each kind or quality when the quantity and the manner in which they are packaged preclude their being used otherwise than as samples.If it is necessary, according to a customs officer, the samples may be made useless as merchandise by marking, tearing, perforating, gluing or other alteration, but not in such a manner as to destroy their usefulness as samples.;;;;;;;ES;Special classification provisions - commercial---Samples representative of a particular category of goods that have been produced or an article for which production is contemplated, including any package, case, binder or other article attached to or imported as an integral part of the samples, on condition that(a) the aggregate of duties and all taxes otherwise payable on the samples does not exceed two dollars.(b) the samples will be used only in soliciting orders for goods of the kind represented by the samples and these goods will be supplied direct from abroad.and(c) there is not more than one sample of each kind or quality in a shipment except that in the case of foodstuffs, non-alcoholic beverages, perfumes and chemical products that will be consumed or destroyed during demonstration, a shipment may consist of more than one sample of each kind or quality when the quantity and the manner in which they are packaged preclude their being used otherwise than as samples.If it is necessary, according to a customs officer, the samples may be made useless as merchandise by marking, tearing, perforating, gluing or other alteration, but not in such a manner as to destroy their usefulness as samples.;;;;;;;N/A;;_DCA34;20240101;99991231;0;0;;;;;;
CA;99910000;20240101;99991231;EN;Special classification provisions - commercial---Samples representative of a particular category of goods that have been produced or an article for which production is contemplated, including any package, case, binder or other article attached to or imported as an integral part of the samples, on condition that(a) the aggregate of duties and all taxes otherwise payable on the samples does not exceed two dollars.(b) the samples will be used only in soliciting orders for goods of the kind represented by the samples and these goods will be supplied direct from abroad.and(c) there is not more than one sample of each kind or quality in a shipment except that in the case of foodstuffs, non-alcoholic beverages, perfumes and chemical products that will be consumed or destroyed during demonstration, a shipment may consist of more than one sample of each kind or quality when the quantity and the manner in which they are packaged preclude their being used otherwise than as samples.If it is necessary, according to a customs officer, the samples may be made useless as merchandise by marking, tearing, perforating, gluing or other alteration, but not in such a manner as to destroy their usefulness as samples.;;;;;;;ES;Special classification provisions - commercial---Samples representative of a particular category of goods that have been produced or an article for which production is contemplated, including any package, case, binder or other article attached to or imported as an integral part of the samples, on condition that(a) the aggregate of duties and all taxes otherwise payable on the samples does not exceed two dollars.(b) the samples will be used only in soliciting orders for goods of the kind represented by the samples and these goods will be supplied direct from abroad.and(c) there is not more than one sample of each kind or quality in a shipment except that in the case of foodstuffs, non-alcoholic beverages, perfumes and chemical products that will be consumed or destroyed during demonstration, a shipment may consist of more than one sample of each kind or quality when the quantity and the manner in which they are packaged preclude their being used otherwise than as samples.If it is necessary, according to a customs officer, the samples may be made useless as merchandise by marking, tearing, perforating, gluing or other alteration, but not in such a manner as to destroy their usefulness as samples.;;;;;;;N/A;;_DCA35;20240101;99991231;0;0;;;;;;
CA;99910000;20240101;99991231;EN;Special classification provisions - commercial---Samples representative of a particular category of goods that have been produced or an article for which production is contemplated, including any package, case, binder or other article attached to or imported as an integral part of the samples, on condition that(a) the aggregate of duties and all taxes otherwise payable on the samples does not exceed two dollars.(b) the samples will be used only in soliciting orders for goods of the kind represented by the samples and these goods will be supplied direct from abroad.and(c) there is not more than one sample of each kind or quality in a shipment except that in the case of foodstuffs, non-alcoholic beverages, perfumes and chemical products that will be consumed or destroyed during demonstration, a shipment may consist of more than one sample of each kind or quality when the quantity and the manner in which they are packaged preclude their being used otherwise than as samples.If it is necessary, according to a customs officer, the samples may be made useless as merchandise by marking, tearing, perforating, gluing or other alteration, but not in such a manner as to destroy their usefulness as samples.;;;;;;;ES;Special classification provisions - commercial---Samples representative of a particular category of goods that have been produced or an article for which production is contemplated, including any package, case, binder or other article attached to or imported as an integral part of the samples, on condition that(a) the aggregate of duties and all taxes otherwise payable on the samples does not exceed two dollars.(b) the samples will be used only in soliciting orders for goods of the kind represented by the samples and these goods will be supplied direct from abroad.and(c) there is not more than one sample of each kind or quality in a shipment except that in the case of foodstuffs, non-alcoholic beverages, perfumes and chemical products that will be consumed or destroyed during demonstration, a shipment may consist of more than one sample of each kind or quality when the quantity and the manner in which they are packaged preclude their being used otherwise than as samples.If it is necessary, according to a customs officer, the samples may be made useless as merchandise by marking, tearing, perforating, gluing or other alteration, but not in such a manner as to destroy their usefulness as samples.;;;;;;;N/A;;_DCA36;20240101;99991231;0;0;;;;;;
CA;99910000;20240101;99991231;EN;Special classification provisions - commercial---Samples representative of a particular category of goods that have been produced or an article for which production is contemplated, including any package, case, binder or other article attached to or imported as an integral part of the samples, on condition that(a) the aggregate of duties and all taxes otherwise payable on the samples does not exceed two dollars.(b) the samples will be used only in soliciting orders for goods of the kind represented by the samples and these goods will be supplied direct from abroad.and(c) there is not more than one sample of each kind or quality in a shipment except that in the case of foodstuffs, non-alcoholic beverages, perfumes and chemical products that will be consumed or destroyed during demonstration, a shipment may consist of more than one sample of each kind or quality when the quantity and the manner in which they are packaged preclude their being used otherwise than as samples.If it is necessary, according to a customs officer, the samples may be made useless as merchandise by marking, tearing, perforating, gluing or other alteration, but not in such a manner as to destroy their usefulness as samples.;;;;;;;ES;Special classification provisions - commercial---Samples representative of a particular category of goods that have been produced or an article for which production is contemplated, including any package, case, binder or other article attached to or imported as an integral part of the samples, on condition that(a) the aggregate of duties and all taxes otherwise payable on the samples does not exceed two dollars.(b) the samples will be used only in soliciting orders for goods of the kind represented by the samples and these goods will be supplied direct from abroad.and(c) there is not more than one sample of each kind or quality in a shipment except that in the case of foodstuffs, non-alcoholic beverages, perfumes and chemical products that will be consumed or destroyed during demonstration, a shipment may consist of more than one sample of each kind or quality when the quantity and the manner in which they are packaged preclude their being used otherwise than as samples.If it is necessary, according to a customs officer, the samples may be made useless as merchandise by marking, tearing, perforating, gluing or other alteration, but not in such a manner as to destroy their usefulness as samples.;;;;;;;N/A;;_DCA8;20240101;99991231;0;0;;;;;;
CA;99910000;20240101;99991231;EN;Special classification provisions - commercial---Samples representative of a particular category of goods that have been produced or an article for which production is contemplated, including any package, case, binder or other article attached to or imported as an integral part of the samples, on condition that(a) the aggregate of duties and all taxes otherwise payable on the samples does not exceed two dollars.(b) the samples will be used only in soliciting orders for goods of the kind represented by the samples and these goods will be supplied direct from abroad.and(c) there is not more than one sample of each kind or quality in a shipment except that in the case of foodstuffs, non-alcoholic beverages, perfumes and chemical products that will be consumed or destroyed during demonstration, a shipment may consist of more than one sample of each kind or quality when the quantity and the manner in which they are packaged preclude their being used otherwise than as samples.If it is necessary, according to a customs officer, the samples may be made useless as merchandise by marking, tearing, perforating, gluing or other alteration, but not in such a manner as to destroy their usefulness as samples.;;;;;;;ES;Special classification provisions - commercial---Samples representative of a particular category of goods that have been produced or an article for which production is contemplated, including any package, case, binder or other article attached to or imported as an integral part of the samples, on condition that(a) the aggregate of duties and all taxes otherwise payable on the samples does not exceed two dollars.(b) the samples will be used only in soliciting orders for goods of the kind represented by the samples and these goods will be supplied direct from abroad.and(c) there is not more than one sample of each kind or quality in a shipment except that in the case of foodstuffs, non-alcoholic beverages, perfumes and chemical products that will be consumed or destroyed during demonstration, a shipment may consist of more than one sample of each kind or quality when the quantity and the manner in which they are packaged preclude their being used otherwise than as samples.If it is necessary, according to a customs officer, the samples may be made useless as merchandise by marking, tearing, perforating, gluing or other alteration, but not in such a manner as to destroy their usefulness as samples.;;;;;;;N/A;;_DCA9;20240101;99991231;0;0;;;;;;
CA;99920000;20240101;99991231;EN;Special classification provisions - commercial---Goods, regardless of the country of origin or tariff treatment, other than the goods of tariff item No. 9971.00.00, returned to Canada after having been exported to one of the countries listed below for repair or alteration in that country.  Countries:  Chile Colombia Costa Rica CPTPP CountryCUKTCA beneficiary Honduras an EU Country or other CETA beneficiary Israel or another CIFTA beneficiary Jordan Korea Mexico Panama United States                                                                                                                                                                                                                                                                      .;;;;;;;ES;Special classification provisions - commercial---Goods, regardless of the country of origin or tariff treatment, other than the goods of tariff item No. 9971.00.00, returned to Canada after having been exported to one of the countries listed below for repair or alteration in that country.  Countries:  Chile Colombia Costa Rica CPTPP CountryCUKTCA beneficiary Honduras an EU Country or other CETA beneficiary Israel or another CIFTA beneficiary Jordan Korea Mexico Panama United States                                                                                                                                                                                                                                                                      .;;;;;;;N/A;;_DCA1;20240101;99991231;0;0;;;;;;
CA;99920000;20240101;99991231;EN;Special classification provisions - commercial---Goods, regardless of the country of origin or tariff treatment, other than the goods of tariff item No. 9971.00.00, returned to Canada after having been exported to one of the countries listed below for repair or alteration in that country.  Countries:  Chile Colombia Costa Rica CPTPP CountryCUKTCA beneficiary Honduras an EU Country or other CETA beneficiary Israel or another CIFTA beneficiary Jordan Korea Mexico Panama United States                                                                                                                                                                                                                                                                      .;;;;;;;ES;Special classification provisions - commercial---Goods, regardless of the country of origin or tariff treatment, other than the goods of tariff item No. 9971.00.00, returned to Canada after having been exported to one of the countries listed below for repair or alteration in that country.  Countries:  Chile Colombia Costa Rica CPTPP CountryCUKTCA beneficiary Honduras an EU Country or other CETA beneficiary Israel or another CIFTA beneficiary Jordan Korea Mexico Panama United States                                                                                                                                                                                                                                                                      .;;;;;;;N/A;;_DCA12;20240101;99991231;35;0;;;;;;
CA;99920000;20240101;99991231;EN;Special classification provisions - commercial---Goods, regardless of the country of origin or tariff treatment, other than the goods of tariff item No. 9971.00.00, returned to Canada after having been exported to one of the countries listed below for repair or alteration in that country.  Countries:  Chile Colombia Costa Rica CPTPP CountryCUKTCA beneficiary Honduras an EU Country or other CETA beneficiary Israel or another CIFTA beneficiary Jordan Korea Mexico Panama United States                                                                                                                                                                                                                                                                      .;;;;;;;ES;Special classification provisions - commercial---Goods, regardless of the country of origin or tariff treatment, other than the goods of tariff item No. 9971.00.00, returned to Canada after having been exported to one of the countries listed below for repair or alteration in that country.  Countries:  Chile Colombia Costa Rica CPTPP CountryCUKTCA beneficiary Honduras an EU Country or other CETA beneficiary Israel or another CIFTA beneficiary Jordan Korea Mexico Panama United States                                                                                                                                                                                                                                                                      .;;;;;;;N/A;;_DCA14;20240101;99991231;0;0;;;;;;
CA;99920000;20240101;99991231;EN;Special classification provisions - commercial---Goods, regardless of the country of origin or tariff treatment, other than the goods of tariff item No. 9971.00.00, returned to Canada after having been exported to one of the countries listed below for repair or alteration in that country.  Countries:  Chile Colombia Costa Rica CPTPP CountryCUKTCA beneficiary Honduras an EU Country or other CETA beneficiary Israel or another CIFTA beneficiary Jordan Korea Mexico Panama United States                                                                                                                                                                                                                                                                      .;;;;;;;ES;Special classification provisions - commercial---Goods, regardless of the country of origin or tariff treatment, other than the goods of tariff item No. 9971.00.00, returned to Canada after having been exported to one of the countries listed below for repair or alteration in that country.  Countries:  Chile Colombia Costa Rica CPTPP CountryCUKTCA beneficiary Honduras an EU Country or other CETA beneficiary Israel or another CIFTA beneficiary Jordan Korea Mexico Panama United States                                                                                                                                                                                                                                                                      .;;;;;;;N/A;;_DCA20;20240101;99991231;0;0;;;;;;
CA;99920000;20240101;99991231;EN;Special classification provisions - commercial---Goods, regardless of the country of origin or tariff treatment, other than the goods of tariff item No. 9971.00.00, returned to Canada after having been exported to one of the countries listed below for repair or alteration in that country.  Countries:  Chile Colombia Costa Rica CPTPP CountryCUKTCA beneficiary Honduras an EU Country or other CETA beneficiary Israel or another CIFTA beneficiary Jordan Korea Mexico Panama United States                                                                                                                                                                                                                                                                      .;;;;;;;ES;Special classification provisions - commercial---Goods, regardless of the country of origin or tariff treatment, other than the goods of tariff item No. 9971.00.00, returned to Canada after having been exported to one of the countries listed below for repair or alteration in that country.  Countries:  Chile Colombia Costa Rica CPTPP CountryCUKTCA beneficiary Honduras an EU Country or other CETA beneficiary Israel or another CIFTA beneficiary Jordan Korea Mexico Panama United States                                                                                                                                                                                                                                                                      .;;;;;;;N/A;;_DCA21;20240101;99991231;0;0;;;;;;
CA;99920000;20240101;99991231;EN;Special classification provisions - commercial---Goods, regardless of the country of origin or tariff treatment, other than the goods of tariff item No. 9971.00.00, returned to Canada after having been exported to one of the countries listed below for repair or alteration in that country.  Countries:  Chile Colombia Costa Rica CPTPP CountryCUKTCA beneficiary Honduras an EU Country or other CETA beneficiary Israel or another CIFTA beneficiary Jordan Korea Mexico Panama United States                                                                                                                                                                                                                                                                      .;;;;;;;ES;Special classification provisions - commercial---Goods, regardless of the country of origin or tariff treatment, other than the goods of tariff item No. 9971.00.00, returned to Canada after having been exported to one of the countries listed below for repair or alteration in that country.  Countries:  Chile Colombia Costa Rica CPTPP CountryCUKTCA beneficiary Honduras an EU Country or other CETA beneficiary Israel or another CIFTA beneficiary Jordan Korea Mexico Panama United States                                                                                                                                                                                                                                                                      .;;;;;;;N/A;;_DCA22;20240101;99991231;0;0;;;;;;
CA;99920000;20240101;99991231;EN;Special classification provisions - commercial---Goods, regardless of the country of origin or tariff treatment, other than the goods of tariff item No. 9971.00.00, returned to Canada after having been exported to one of the countries listed below for repair or alteration in that country.  Countries:  Chile Colombia Costa Rica CPTPP CountryCUKTCA beneficiary Honduras an EU Country or other CETA beneficiary Israel or another CIFTA beneficiary Jordan Korea Mexico Panama United States                                                                                                                                                                                                                                                                      .;;;;;;;ES;Special classification provisions - commercial---Goods, regardless of the country of origin or tariff treatment, other than the goods of tariff item No. 9971.00.00, returned to Canada after having been exported to one of the countries listed below for repair or alteration in that country.  Countries:  Chile Colombia Costa Rica CPTPP CountryCUKTCA beneficiary Honduras an EU Country or other CETA beneficiary Israel or another CIFTA beneficiary Jordan Korea Mexico Panama United States                                                                                                                                                                                                                                                                      .;;;;;;;N/A;;_DCA23;20240101;99991231;0;0;;;;;;
CA;99920000;20240101;99991231;EN;Special classification provisions - commercial---Goods, regardless of the country of origin or tariff treatment, other than the goods of tariff item No. 9971.00.00, returned to Canada after having been exported to one of the countries listed below for repair or alteration in that country.  Countries:  Chile Colombia Costa Rica CPTPP CountryCUKTCA beneficiary Honduras an EU Country or other CETA beneficiary Israel or another CIFTA beneficiary Jordan Korea Mexico Panama United States                                                                                                                                                                                                                                                                      .;;;;;;;ES;Special classification provisions - commercial---Goods, regardless of the country of origin or tariff treatment, other than the goods of tariff item No. 9971.00.00, returned to Canada after having been exported to one of the countries listed below for repair or alteration in that country.  Countries:  Chile Colombia Costa Rica CPTPP CountryCUKTCA beneficiary Honduras an EU Country or other CETA beneficiary Israel or another CIFTA beneficiary Jordan Korea Mexico Panama United States                                                                                                                                                                                                                                                                      .;;;;;;;N/A;;_DCA25;20240101;99991231;0;0;;;;;;
CA;99920000;20240101;99991231;EN;Special classification provisions - commercial---Goods, regardless of the country of origin or tariff treatment, other than the goods of tariff item No. 9971.00.00, returned to Canada after having been exported to one of the countries listed below for repair or alteration in that country.  Countries:  Chile Colombia Costa Rica CPTPP CountryCUKTCA beneficiary Honduras an EU Country or other CETA beneficiary Israel or another CIFTA beneficiary Jordan Korea Mexico Panama United States                                                                                                                                                                                                                                                                      .;;;;;;;ES;Special classification provisions - commercial---Goods, regardless of the country of origin or tariff treatment, other than the goods of tariff item No. 9971.00.00, returned to Canada after having been exported to one of the countries listed below for repair or alteration in that country.  Countries:  Chile Colombia Costa Rica CPTPP CountryCUKTCA beneficiary Honduras an EU Country or other CETA beneficiary Israel or another CIFTA beneficiary Jordan Korea Mexico Panama United States                                                                                                                                                                                                                                                                      .;;;;;;;N/A;;_DCA26;20240101;99991231;0;0;;;;;;
CA;99920000;20240101;99991231;EN;Special classification provisions - commercial---Goods, regardless of the country of origin or tariff treatment, other than the goods of tariff item No. 9971.00.00, returned to Canada after having been exported to one of the countries listed below for repair or alteration in that country.  Countries:  Chile Colombia Costa Rica CPTPP CountryCUKTCA beneficiary Honduras an EU Country or other CETA beneficiary Israel or another CIFTA beneficiary Jordan Korea Mexico Panama United States                                                                                                                                                                                                                                                                      .;;;;;;;ES;Special classification provisions - commercial---Goods, regardless of the country of origin or tariff treatment, other than the goods of tariff item No. 9971.00.00, returned to Canada after having been exported to one of the countries listed below for repair or alteration in that country.  Countries:  Chile Colombia Costa Rica CPTPP CountryCUKTCA beneficiary Honduras an EU Country or other CETA beneficiary Israel or another CIFTA beneficiary Jordan Korea Mexico Panama United States                                                                                                                                                                                                                                                                      .;;;;;;;N/A;;_DCA28;20240101;99991231;0;0;;;;;;
CA;99920000;20240101;99991231;EN;Special classification provisions - commercial---Goods, regardless of the country of origin or tariff treatment, other than the goods of tariff item No. 9971.00.00, returned to Canada after having been exported to one of the countries listed below for repair or alteration in that country.  Countries:  Chile Colombia Costa Rica CPTPP CountryCUKTCA beneficiary Honduras an EU Country or other CETA beneficiary Israel or another CIFTA beneficiary Jordan Korea Mexico Panama United States                                                                                                                                                                                                                                                                      .;;;;;;;ES;Special classification provisions - commercial---Goods, regardless of the country of origin or tariff treatment, other than the goods of tariff item No. 9971.00.00, returned to Canada after having been exported to one of the countries listed below for repair or alteration in that country.  Countries:  Chile Colombia Costa Rica CPTPP CountryCUKTCA beneficiary Honduras an EU Country or other CETA beneficiary Israel or another CIFTA beneficiary Jordan Korea Mexico Panama United States                                                                                                                                                                                                                                                                      .;;;;;;;N/A;;_DCA33;20240101;99991231;0;0;;;;;;
CA;99920000;20240101;99991231;EN;Special classification provisions - commercial---Goods, regardless of the country of origin or tariff treatment, other than the goods of tariff item No. 9971.00.00, returned to Canada after having been exported to one of the countries listed below for repair or alteration in that country.  Countries:  Chile Colombia Costa Rica CPTPP CountryCUKTCA beneficiary Honduras an EU Country or other CETA beneficiary Israel or another CIFTA beneficiary Jordan Korea Mexico Panama United States                                                                                                                                                                                                                                                                      .;;;;;;;ES;Special classification provisions - commercial---Goods, regardless of the country of origin or tariff treatment, other than the goods of tariff item No. 9971.00.00, returned to Canada after having been exported to one of the countries listed below for repair or alteration in that country.  Countries:  Chile Colombia Costa Rica CPTPP CountryCUKTCA beneficiary Honduras an EU Country or other CETA beneficiary Israel or another CIFTA beneficiary Jordan Korea Mexico Panama United States                                                                                                                                                                                                                                                                      .;;;;;;;N/A;;_DCA34;20240101;99991231;0;0;;;;;;
CA;99920000;20240101;99991231;EN;Special classification provisions - commercial---Goods, regardless of the country of origin or tariff treatment, other than the goods of tariff item No. 9971.00.00, returned to Canada after having been exported to one of the countries listed below for repair or alteration in that country.  Countries:  Chile Colombia Costa Rica CPTPP CountryCUKTCA beneficiary Honduras an EU Country or other CETA beneficiary Israel or another CIFTA beneficiary Jordan Korea Mexico Panama United States                                                                                                                                                                                                                                                                      .;;;;;;;ES;Special classification provisions - commercial---Goods, regardless of the country of origin or tariff treatment, other than the goods of tariff item No. 9971.00.00, returned to Canada after having been exported to one of the countries listed below for repair or alteration in that country.  Countries:  Chile Colombia Costa Rica CPTPP CountryCUKTCA beneficiary Honduras an EU Country or other CETA beneficiary Israel or another CIFTA beneficiary Jordan Korea Mexico Panama United States                                                                                                                                                                                                                                                                      .;;;;;;;N/A;;_DCA35;20240101;99991231;0;0;;;;;;
CA;99920000;20240101;99991231;EN;Special classification provisions - commercial---Goods, regardless of the country of origin or tariff treatment, other than the goods of tariff item No. 9971.00.00, returned to Canada after having been exported to one of the countries listed below for repair or alteration in that country.  Countries:  Chile Colombia Costa Rica CPTPP CountryCUKTCA beneficiary Honduras an EU Country or other CETA beneficiary Israel or another CIFTA beneficiary Jordan Korea Mexico Panama United States                                                                                                                                                                                                                                                                      .;;;;;;;ES;Special classification provisions - commercial---Goods, regardless of the country of origin or tariff treatment, other than the goods of tariff item No. 9971.00.00, returned to Canada after having been exported to one of the countries listed below for repair or alteration in that country.  Countries:  Chile Colombia Costa Rica CPTPP CountryCUKTCA beneficiary Honduras an EU Country or other CETA beneficiary Israel or another CIFTA beneficiary Jordan Korea Mexico Panama United States                                                                                                                                                                                                                                                                      .;;;;;;;N/A;;_DCA36;20240101;99991231;0;0;;;;;;
CA;99920000;20240101;99991231;EN;Special classification provisions - commercial---Goods, regardless of the country of origin or tariff treatment, other than the goods of tariff item No. 9971.00.00, returned to Canada after having been exported to one of the countries listed below for repair or alteration in that country.  Countries:  Chile Colombia Costa Rica CPTPP CountryCUKTCA beneficiary Honduras an EU Country or other CETA beneficiary Israel or another CIFTA beneficiary Jordan Korea Mexico Panama United States                                                                                                                                                                                                                                                                      .;;;;;;;ES;Special classification provisions - commercial---Goods, regardless of the country of origin or tariff treatment, other than the goods of tariff item No. 9971.00.00, returned to Canada after having been exported to one of the countries listed below for repair or alteration in that country.  Countries:  Chile Colombia Costa Rica CPTPP CountryCUKTCA beneficiary Honduras an EU Country or other CETA beneficiary Israel or another CIFTA beneficiary Jordan Korea Mexico Panama United States                                                                                                                                                                                                                                                                      .;;;;;;;N/A;;_DCA8;20240101;99991231;0;0;;;;;;
CA;99920000;20240101;99991231;EN;Special classification provisions - commercial---Goods, regardless of the country of origin or tariff treatment, other than the goods of tariff item No. 9971.00.00, returned to Canada after having been exported to one of the countries listed below for repair or alteration in that country.  Countries:  Chile Colombia Costa Rica CPTPP CountryCUKTCA beneficiary Honduras an EU Country or other CETA beneficiary Israel or another CIFTA beneficiary Jordan Korea Mexico Panama United States                                                                                                                                                                                                                                                                      .;;;;;;;ES;Special classification provisions - commercial---Goods, regardless of the country of origin or tariff treatment, other than the goods of tariff item No. 9971.00.00, returned to Canada after having been exported to one of the countries listed below for repair or alteration in that country.  Countries:  Chile Colombia Costa Rica CPTPP CountryCUKTCA beneficiary Honduras an EU Country or other CETA beneficiary Israel or another CIFTA beneficiary Jordan Korea Mexico Panama United States                                                                                                                                                                                                                                                                      .;;;;;;;N/A;;_DCA9;20240101;99991231;0;0;;;;;;
CA;99930000;20240101;99991231;EN;"Special classification provisions - commercial---Goods, not including conveyances, containers or baggage of tariff item No. 9801.10.10, 9801.10.20, 9801.10.30 or 9801.20.00, or of Chapter 89 (except when imported for the purpose of repair, overhaul, alteration, adjustment, storage, display at an exhibition of similar manufacturers, racing, testing, certification by an accredited organization, or to be employed in the production of films or commercials, or in response to an emergency or emergency response training exercise, or for in-transit movement through Canada, or as a commercial sample, or when imported by non-resident teams or athletes, or their support personnel, for their use in professional or organized amateur sports activities, or when imported by non-residents for their use in providing live entertainment such as aquatic displays), when imported on a temporary basis, on condition that (a) the goods are not sold or further manufactured or processed in Canada.(a.1) the goods are not leased except where imported for use(i) in an emergency or emergency response training exercise,(ii) on loan pending delivery of new machinery or equipment on order, or(iii) as temporary replacements for machines or other equipment previously accounted for and undergoing repairs.(b) the use of the goods is specified by the importer at the time of reporting of the goods under the Customs Act, that use is not limited or restricted by regulation, and the goods are released for that specified use.(c) the goods are imported in no greater quantity than is reasonable, in the view of the Minister of Public Safety and Emergency Preparedness ora designated customs officer, for the use specified under paragraph (b).(d) the goods are accompanied, in prescribed circumstances, by prescribed documents and by security of a nature and in an amount satisfactory to the Minister of Public Safety and Emergency Preparedness or a designated customs officer, unless otherwise provided by regulation.(e) the goods are not diverted to a use that is limited or restricted by regulation, or to a use that would preclude the goods from being classified under this tariff item. and,(f) within eighteen months of the date of the reporting of the goods under the Customs Act or within any other period prescribed for those goods, the goods are:  (i) exported from Canada and evidence, satisfactory to the Minister of Public Safety and Emergency Preparedness or a designated customs officer, of the exportation is provided to the Minister of Public Safety and Emergency Preparedness or the designated customs officer,(ii) destroyed and the destruction is certified by a customs officer or by another person designated by the Minister of Public Safety and Emergency Preparedness, or (iii) consumed or expended under prescribed circumstances.The following definitions apply to this tariff item.""accredited organization"" means an organization accredited by the Standards Council of Canada to certify that goods tested or examined by that organization meet the standards set by the Council in respect of those goods.""emergency"" means an urgent and critical situation of a temporary nature that(a) is of such proportions or nature as to exceed the capacity or authority of a province or municipality to deal with it.(b) is caused by an actual or imminent(i) fire, flood, drought, storm, earthquake, or other natural phenomenon,(ii) disease in human beings, animals or plants,(iii) accident or pollution, or(iv) act of sabotage or terrorism. and(c) results or may result in(i) danger to the lives, health or safety of individuals,(ii) danger to property,(iii) social disruption, or(iv) a breakdown in the flow of essential goods, services or resources.""emergency response training exercise"" means an activity intended to educate or provide training related to emergency preparedness.""exhibition"" means a display of goods open to the general public.";;;;;;;ES;"Special classification provisions - commercial---Goods, not including conveyances, containers or baggage of tariff item No. 9801.10.10, 9801.10.20, 9801.10.30 or 9801.20.00, or of Chapter 89 (except when imported for the purpose of repair, overhaul, alteration, adjustment, storage, display at an exhibition of similar manufacturers, racing, testing, certification by an accredited organization, or to be employed in the production of films or commercials, or in response to an emergency or emergency response training exercise, or for in-transit movement through Canada, or as a commercial sample, or when imported by non-resident teams or athletes, or their support personnel, for their use in professional or organized amateur sports activities, or when imported by non-residents for their use in providing live entertainment such as aquatic displays), when imported on a temporary basis, on condition that (a) the goods are not sold or further manufactured or processed in Canada.(a.1) the goods are not leased except where imported for use(i) in an emergency or emergency response training exercise,(ii) on loan pending delivery of new machinery or equipment on order, or(iii) as temporary replacements for machines or other equipment previously accounted for and undergoing repairs.(b) the use of the goods is specified by the importer at the time of reporting of the goods under the Customs Act, that use is not limited or restricted by regulation, and the goods are released for that specified use.(c) the goods are imported in no greater quantity than is reasonable, in the view of the Minister of Public Safety and Emergency Preparedness ora designated customs officer, for the use specified under paragraph (b).(d) the goods are accompanied, in prescribed circumstances, by prescribed documents and by security of a nature and in an amount satisfactory to the Minister of Public Safety and Emergency Preparedness or a designated customs officer, unless otherwise provided by regulation.(e) the goods are not diverted to a use that is limited or restricted by regulation, or to a use that would preclude the goods from being classified under this tariff item. and,(f) within eighteen months of the date of the reporting of the goods under the Customs Act or within any other period prescribed for those goods, the goods are:  (i) exported from Canada and evidence, satisfactory to the Minister of Public Safety and Emergency Preparedness or a designated customs officer, of the exportation is provided to the Minister of Public Safety and Emergency Preparedness or the designated customs officer,(ii) destroyed and the destruction is certified by a customs officer or by another person designated by the Minister of Public Safety and Emergency Preparedness, or (iii) consumed or expended under prescribed circumstances.The following definitions apply to this tariff item.""accredited organization"" means an organization accredited by the Standards Council of Canada to certify that goods tested or examined by that organization meet the standards set by the Council in respect of those goods.""emergency"" means an urgent and critical situation of a temporary nature that(a) is of such proportions or nature as to exceed the capacity or authority of a province or municipality to deal with it.(b) is caused by an actual or imminent(i) fire, flood, drought, storm, earthquake, or other natural phenomenon,(ii) disease in human beings, animals or plants,(iii) accident or pollution, or(iv) act of sabotage or terrorism. and(c) results or may result in(i) danger to the lives, health or safety of individuals,(ii) danger to property,(iii) social disruption, or(iv) a breakdown in the flow of essential goods, services or resources.""emergency response training exercise"" means an activity intended to educate or provide training related to emergency preparedness.""exhibition"" means a display of goods open to the general public.";;;;;;;N/A;;_DCA1;20240101;99991231;0;0;;;;;;
CA;99930000;20240101;99991231;EN;"Special classification provisions - commercial---Goods, not including conveyances, containers or baggage of tariff item No. 9801.10.10, 9801.10.20, 9801.10.30 or 9801.20.00, or of Chapter 89 (except when imported for the purpose of repair, overhaul, alteration, adjustment, storage, display at an exhibition of similar manufacturers, racing, testing, certification by an accredited organization, or to be employed in the production of films or commercials, or in response to an emergency or emergency response training exercise, or for in-transit movement through Canada, or as a commercial sample, or when imported by non-resident teams or athletes, or their support personnel, for their use in professional or organized amateur sports activities, or when imported by non-residents for their use in providing live entertainment such as aquatic displays), when imported on a temporary basis, on condition that (a) the goods are not sold or further manufactured or processed in Canada.(a.1) the goods are not leased except where imported for use(i) in an emergency or emergency response training exercise,(ii) on loan pending delivery of new machinery or equipment on order, or(iii) as temporary replacements for machines or other equipment previously accounted for and undergoing repairs.(b) the use of the goods is specified by the importer at the time of reporting of the goods under the Customs Act, that use is not limited or restricted by regulation, and the goods are released for that specified use.(c) the goods are imported in no greater quantity than is reasonable, in the view of the Minister of Public Safety and Emergency Preparedness ora designated customs officer, for the use specified under paragraph (b).(d) the goods are accompanied, in prescribed circumstances, by prescribed documents and by security of a nature and in an amount satisfactory to the Minister of Public Safety and Emergency Preparedness or a designated customs officer, unless otherwise provided by regulation.(e) the goods are not diverted to a use that is limited or restricted by regulation, or to a use that would preclude the goods from being classified under this tariff item. and,(f) within eighteen months of the date of the reporting of the goods under the Customs Act or within any other period prescribed for those goods, the goods are:  (i) exported from Canada and evidence, satisfactory to the Minister of Public Safety and Emergency Preparedness or a designated customs officer, of the exportation is provided to the Minister of Public Safety and Emergency Preparedness or the designated customs officer,(ii) destroyed and the destruction is certified by a customs officer or by another person designated by the Minister of Public Safety and Emergency Preparedness, or (iii) consumed or expended under prescribed circumstances.The following definitions apply to this tariff item.""accredited organization"" means an organization accredited by the Standards Council of Canada to certify that goods tested or examined by that organization meet the standards set by the Council in respect of those goods.""emergency"" means an urgent and critical situation of a temporary nature that(a) is of such proportions or nature as to exceed the capacity or authority of a province or municipality to deal with it.(b) is caused by an actual or imminent(i) fire, flood, drought, storm, earthquake, or other natural phenomenon,(ii) disease in human beings, animals or plants,(iii) accident or pollution, or(iv) act of sabotage or terrorism. and(c) results or may result in(i) danger to the lives, health or safety of individuals,(ii) danger to property,(iii) social disruption, or(iv) a breakdown in the flow of essential goods, services or resources.""emergency response training exercise"" means an activity intended to educate or provide training related to emergency preparedness.""exhibition"" means a display of goods open to the general public.";;;;;;;ES;"Special classification provisions - commercial---Goods, not including conveyances, containers or baggage of tariff item No. 9801.10.10, 9801.10.20, 9801.10.30 or 9801.20.00, or of Chapter 89 (except when imported for the purpose of repair, overhaul, alteration, adjustment, storage, display at an exhibition of similar manufacturers, racing, testing, certification by an accredited organization, or to be employed in the production of films or commercials, or in response to an emergency or emergency response training exercise, or for in-transit movement through Canada, or as a commercial sample, or when imported by non-resident teams or athletes, or their support personnel, for their use in professional or organized amateur sports activities, or when imported by non-residents for their use in providing live entertainment such as aquatic displays), when imported on a temporary basis, on condition that (a) the goods are not sold or further manufactured or processed in Canada.(a.1) the goods are not leased except where imported for use(i) in an emergency or emergency response training exercise,(ii) on loan pending delivery of new machinery or equipment on order, or(iii) as temporary replacements for machines or other equipment previously accounted for and undergoing repairs.(b) the use of the goods is specified by the importer at the time of reporting of the goods under the Customs Act, that use is not limited or restricted by regulation, and the goods are released for that specified use.(c) the goods are imported in no greater quantity than is reasonable, in the view of the Minister of Public Safety and Emergency Preparedness ora designated customs officer, for the use specified under paragraph (b).(d) the goods are accompanied, in prescribed circumstances, by prescribed documents and by security of a nature and in an amount satisfactory to the Minister of Public Safety and Emergency Preparedness or a designated customs officer, unless otherwise provided by regulation.(e) the goods are not diverted to a use that is limited or restricted by regulation, or to a use that would preclude the goods from being classified under this tariff item. and,(f) within eighteen months of the date of the reporting of the goods under the Customs Act or within any other period prescribed for those goods, the goods are:  (i) exported from Canada and evidence, satisfactory to the Minister of Public Safety and Emergency Preparedness or a designated customs officer, of the exportation is provided to the Minister of Public Safety and Emergency Preparedness or the designated customs officer,(ii) destroyed and the destruction is certified by a customs officer or by another person designated by the Minister of Public Safety and Emergency Preparedness, or (iii) consumed or expended under prescribed circumstances.The following definitions apply to this tariff item.""accredited organization"" means an organization accredited by the Standards Council of Canada to certify that goods tested or examined by that organization meet the standards set by the Council in respect of those goods.""emergency"" means an urgent and critical situation of a temporary nature that(a) is of such proportions or nature as to exceed the capacity or authority of a province or municipality to deal with it.(b) is caused by an actual or imminent(i) fire, flood, drought, storm, earthquake, or other natural phenomenon,(ii) disease in human beings, animals or plants,(iii) accident or pollution, or(iv) act of sabotage or terrorism. and(c) results or may result in(i) danger to the lives, health or safety of individuals,(ii) danger to property,(iii) social disruption, or(iv) a breakdown in the flow of essential goods, services or resources.""emergency response training exercise"" means an activity intended to educate or provide training related to emergency preparedness.""exhibition"" means a display of goods open to the general public.";;;;;;;N/A;;_DCA10;20240101;99991231;0;0;;;;;;
CA;99930000;20240101;99991231;EN;"Special classification provisions - commercial---Goods, not including conveyances, containers or baggage of tariff item No. 9801.10.10, 9801.10.20, 9801.10.30 or 9801.20.00, or of Chapter 89 (except when imported for the purpose of repair, overhaul, alteration, adjustment, storage, display at an exhibition of similar manufacturers, racing, testing, certification by an accredited organization, or to be employed in the production of films or commercials, or in response to an emergency or emergency response training exercise, or for in-transit movement through Canada, or as a commercial sample, or when imported by non-resident teams or athletes, or their support personnel, for their use in professional or organized amateur sports activities, or when imported by non-residents for their use in providing live entertainment such as aquatic displays), when imported on a temporary basis, on condition that (a) the goods are not sold or further manufactured or processed in Canada.(a.1) the goods are not leased except where imported for use(i) in an emergency or emergency response training exercise,(ii) on loan pending delivery of new machinery or equipment on order, or(iii) as temporary replacements for machines or other equipment previously accounted for and undergoing repairs.(b) the use of the goods is specified by the importer at the time of reporting of the goods under the Customs Act, that use is not limited or restricted by regulation, and the goods are released for that specified use.(c) the goods are imported in no greater quantity than is reasonable, in the view of the Minister of Public Safety and Emergency Preparedness ora designated customs officer, for the use specified under paragraph (b).(d) the goods are accompanied, in prescribed circumstances, by prescribed documents and by security of a nature and in an amount satisfactory to the Minister of Public Safety and Emergency Preparedness or a designated customs officer, unless otherwise provided by regulation.(e) the goods are not diverted to a use that is limited or restricted by regulation, or to a use that would preclude the goods from being classified under this tariff item. and,(f) within eighteen months of the date of the reporting of the goods under the Customs Act or within any other period prescribed for those goods, the goods are:  (i) exported from Canada and evidence, satisfactory to the Minister of Public Safety and Emergency Preparedness or a designated customs officer, of the exportation is provided to the Minister of Public Safety and Emergency Preparedness or the designated customs officer,(ii) destroyed and the destruction is certified by a customs officer or by another person designated by the Minister of Public Safety and Emergency Preparedness, or (iii) consumed or expended under prescribed circumstances.The following definitions apply to this tariff item.""accredited organization"" means an organization accredited by the Standards Council of Canada to certify that goods tested or examined by that organization meet the standards set by the Council in respect of those goods.""emergency"" means an urgent and critical situation of a temporary nature that(a) is of such proportions or nature as to exceed the capacity or authority of a province or municipality to deal with it.(b) is caused by an actual or imminent(i) fire, flood, drought, storm, earthquake, or other natural phenomenon,(ii) disease in human beings, animals or plants,(iii) accident or pollution, or(iv) act of sabotage or terrorism. and(c) results or may result in(i) danger to the lives, health or safety of individuals,(ii) danger to property,(iii) social disruption, or(iv) a breakdown in the flow of essential goods, services or resources.""emergency response training exercise"" means an activity intended to educate or provide training related to emergency preparedness.""exhibition"" means a display of goods open to the general public.";;;;;;;ES;"Special classification provisions - commercial---Goods, not including conveyances, containers or baggage of tariff item No. 9801.10.10, 9801.10.20, 9801.10.30 or 9801.20.00, or of Chapter 89 (except when imported for the purpose of repair, overhaul, alteration, adjustment, storage, display at an exhibition of similar manufacturers, racing, testing, certification by an accredited organization, or to be employed in the production of films or commercials, or in response to an emergency or emergency response training exercise, or for in-transit movement through Canada, or as a commercial sample, or when imported by non-resident teams or athletes, or their support personnel, for their use in professional or organized amateur sports activities, or when imported by non-residents for their use in providing live entertainment such as aquatic displays), when imported on a temporary basis, on condition that (a) the goods are not sold or further manufactured or processed in Canada.(a.1) the goods are not leased except where imported for use(i) in an emergency or emergency response training exercise,(ii) on loan pending delivery of new machinery or equipment on order, or(iii) as temporary replacements for machines or other equipment previously accounted for and undergoing repairs.(b) the use of the goods is specified by the importer at the time of reporting of the goods under the Customs Act, that use is not limited or restricted by regulation, and the goods are released for that specified use.(c) the goods are imported in no greater quantity than is reasonable, in the view of the Minister of Public Safety and Emergency Preparedness ora designated customs officer, for the use specified under paragraph (b).(d) the goods are accompanied, in prescribed circumstances, by prescribed documents and by security of a nature and in an amount satisfactory to the Minister of Public Safety and Emergency Preparedness or a designated customs officer, unless otherwise provided by regulation.(e) the goods are not diverted to a use that is limited or restricted by regulation, or to a use that would preclude the goods from being classified under this tariff item. and,(f) within eighteen months of the date of the reporting of the goods under the Customs Act or within any other period prescribed for those goods, the goods are:  (i) exported from Canada and evidence, satisfactory to the Minister of Public Safety and Emergency Preparedness or a designated customs officer, of the exportation is provided to the Minister of Public Safety and Emergency Preparedness or the designated customs officer,(ii) destroyed and the destruction is certified by a customs officer or by another person designated by the Minister of Public Safety and Emergency Preparedness, or (iii) consumed or expended under prescribed circumstances.The following definitions apply to this tariff item.""accredited organization"" means an organization accredited by the Standards Council of Canada to certify that goods tested or examined by that organization meet the standards set by the Council in respect of those goods.""emergency"" means an urgent and critical situation of a temporary nature that(a) is of such proportions or nature as to exceed the capacity or authority of a province or municipality to deal with it.(b) is caused by an actual or imminent(i) fire, flood, drought, storm, earthquake, or other natural phenomenon,(ii) disease in human beings, animals or plants,(iii) accident or pollution, or(iv) act of sabotage or terrorism. and(c) results or may result in(i) danger to the lives, health or safety of individuals,(ii) danger to property,(iii) social disruption, or(iv) a breakdown in the flow of essential goods, services or resources.""emergency response training exercise"" means an activity intended to educate or provide training related to emergency preparedness.""exhibition"" means a display of goods open to the general public.";;;;;;;N/A;;_DCA12;20240101;99991231;35;0;;;;;;
CA;99930000;20240101;99991231;EN;"Special classification provisions - commercial---Goods, not including conveyances, containers or baggage of tariff item No. 9801.10.10, 9801.10.20, 9801.10.30 or 9801.20.00, or of Chapter 89 (except when imported for the purpose of repair, overhaul, alteration, adjustment, storage, display at an exhibition of similar manufacturers, racing, testing, certification by an accredited organization, or to be employed in the production of films or commercials, or in response to an emergency or emergency response training exercise, or for in-transit movement through Canada, or as a commercial sample, or when imported by non-resident teams or athletes, or their support personnel, for their use in professional or organized amateur sports activities, or when imported by non-residents for their use in providing live entertainment such as aquatic displays), when imported on a temporary basis, on condition that (a) the goods are not sold or further manufactured or processed in Canada.(a.1) the goods are not leased except where imported for use(i) in an emergency or emergency response training exercise,(ii) on loan pending delivery of new machinery or equipment on order, or(iii) as temporary replacements for machines or other equipment previously accounted for and undergoing repairs.(b) the use of the goods is specified by the importer at the time of reporting of the goods under the Customs Act, that use is not limited or restricted by regulation, and the goods are released for that specified use.(c) the goods are imported in no greater quantity than is reasonable, in the view of the Minister of Public Safety and Emergency Preparedness ora designated customs officer, for the use specified under paragraph (b).(d) the goods are accompanied, in prescribed circumstances, by prescribed documents and by security of a nature and in an amount satisfactory to the Minister of Public Safety and Emergency Preparedness or a designated customs officer, unless otherwise provided by regulation.(e) the goods are not diverted to a use that is limited or restricted by regulation, or to a use that would preclude the goods from being classified under this tariff item. and,(f) within eighteen months of the date of the reporting of the goods under the Customs Act or within any other period prescribed for those goods, the goods are:  (i) exported from Canada and evidence, satisfactory to the Minister of Public Safety and Emergency Preparedness or a designated customs officer, of the exportation is provided to the Minister of Public Safety and Emergency Preparedness or the designated customs officer,(ii) destroyed and the destruction is certified by a customs officer or by another person designated by the Minister of Public Safety and Emergency Preparedness, or (iii) consumed or expended under prescribed circumstances.The following definitions apply to this tariff item.""accredited organization"" means an organization accredited by the Standards Council of Canada to certify that goods tested or examined by that organization meet the standards set by the Council in respect of those goods.""emergency"" means an urgent and critical situation of a temporary nature that(a) is of such proportions or nature as to exceed the capacity or authority of a province or municipality to deal with it.(b) is caused by an actual or imminent(i) fire, flood, drought, storm, earthquake, or other natural phenomenon,(ii) disease in human beings, animals or plants,(iii) accident or pollution, or(iv) act of sabotage or terrorism. and(c) results or may result in(i) danger to the lives, health or safety of individuals,(ii) danger to property,(iii) social disruption, or(iv) a breakdown in the flow of essential goods, services or resources.""emergency response training exercise"" means an activity intended to educate or provide training related to emergency preparedness.""exhibition"" means a display of goods open to the general public.";;;;;;;ES;"Special classification provisions - commercial---Goods, not including conveyances, containers or baggage of tariff item No. 9801.10.10, 9801.10.20, 9801.10.30 or 9801.20.00, or of Chapter 89 (except when imported for the purpose of repair, overhaul, alteration, adjustment, storage, display at an exhibition of similar manufacturers, racing, testing, certification by an accredited organization, or to be employed in the production of films or commercials, or in response to an emergency or emergency response training exercise, or for in-transit movement through Canada, or as a commercial sample, or when imported by non-resident teams or athletes, or their support personnel, for their use in professional or organized amateur sports activities, or when imported by non-residents for their use in providing live entertainment such as aquatic displays), when imported on a temporary basis, on condition that (a) the goods are not sold or further manufactured or processed in Canada.(a.1) the goods are not leased except where imported for use(i) in an emergency or emergency response training exercise,(ii) on loan pending delivery of new machinery or equipment on order, or(iii) as temporary replacements for machines or other equipment previously accounted for and undergoing repairs.(b) the use of the goods is specified by the importer at the time of reporting of the goods under the Customs Act, that use is not limited or restricted by regulation, and the goods are released for that specified use.(c) the goods are imported in no greater quantity than is reasonable, in the view of the Minister of Public Safety and Emergency Preparedness ora designated customs officer, for the use specified under paragraph (b).(d) the goods are accompanied, in prescribed circumstances, by prescribed documents and by security of a nature and in an amount satisfactory to the Minister of Public Safety and Emergency Preparedness or a designated customs officer, unless otherwise provided by regulation.(e) the goods are not diverted to a use that is limited or restricted by regulation, or to a use that would preclude the goods from being classified under this tariff item. and,(f) within eighteen months of the date of the reporting of the goods under the Customs Act or within any other period prescribed for those goods, the goods are:  (i) exported from Canada and evidence, satisfactory to the Minister of Public Safety and Emergency Preparedness or a designated customs officer, of the exportation is provided to the Minister of Public Safety and Emergency Preparedness or the designated customs officer,(ii) destroyed and the destruction is certified by a customs officer or by another person designated by the Minister of Public Safety and Emergency Preparedness, or (iii) consumed or expended under prescribed circumstances.The following definitions apply to this tariff item.""accredited organization"" means an organization accredited by the Standards Council of Canada to certify that goods tested or examined by that organization meet the standards set by the Council in respect of those goods.""emergency"" means an urgent and critical situation of a temporary nature that(a) is of such proportions or nature as to exceed the capacity or authority of a province or municipality to deal with it.(b) is caused by an actual or imminent(i) fire, flood, drought, storm, earthquake, or other natural phenomenon,(ii) disease in human beings, animals or plants,(iii) accident or pollution, or(iv) act of sabotage or terrorism. and(c) results or may result in(i) danger to the lives, health or safety of individuals,(ii) danger to property,(iii) social disruption, or(iv) a breakdown in the flow of essential goods, services or resources.""emergency response training exercise"" means an activity intended to educate or provide training related to emergency preparedness.""exhibition"" means a display of goods open to the general public.";;;;;;;N/A;;_DCA14;20240101;99991231;0;0;;;;;;
CA;99930000;20240101;99991231;EN;"Special classification provisions - commercial---Goods, not including conveyances, containers or baggage of tariff item No. 9801.10.10, 9801.10.20, 9801.10.30 or 9801.20.00, or of Chapter 89 (except when imported for the purpose of repair, overhaul, alteration, adjustment, storage, display at an exhibition of similar manufacturers, racing, testing, certification by an accredited organization, or to be employed in the production of films or commercials, or in response to an emergency or emergency response training exercise, or for in-transit movement through Canada, or as a commercial sample, or when imported by non-resident teams or athletes, or their support personnel, for their use in professional or organized amateur sports activities, or when imported by non-residents for their use in providing live entertainment such as aquatic displays), when imported on a temporary basis, on condition that (a) the goods are not sold or further manufactured or processed in Canada.(a.1) the goods are not leased except where imported for use(i) in an emergency or emergency response training exercise,(ii) on loan pending delivery of new machinery or equipment on order, or(iii) as temporary replacements for machines or other equipment previously accounted for and undergoing repairs.(b) the use of the goods is specified by the importer at the time of reporting of the goods under the Customs Act, that use is not limited or restricted by regulation, and the goods are released for that specified use.(c) the goods are imported in no greater quantity than is reasonable, in the view of the Minister of Public Safety and Emergency Preparedness ora designated customs officer, for the use specified under paragraph (b).(d) the goods are accompanied, in prescribed circumstances, by prescribed documents and by security of a nature and in an amount satisfactory to the Minister of Public Safety and Emergency Preparedness or a designated customs officer, unless otherwise provided by regulation.(e) the goods are not diverted to a use that is limited or restricted by regulation, or to a use that would preclude the goods from being classified under this tariff item. and,(f) within eighteen months of the date of the reporting of the goods under the Customs Act or within any other period prescribed for those goods, the goods are:  (i) exported from Canada and evidence, satisfactory to the Minister of Public Safety and Emergency Preparedness or a designated customs officer, of the exportation is provided to the Minister of Public Safety and Emergency Preparedness or the designated customs officer,(ii) destroyed and the destruction is certified by a customs officer or by another person designated by the Minister of Public Safety and Emergency Preparedness, or (iii) consumed or expended under prescribed circumstances.The following definitions apply to this tariff item.""accredited organization"" means an organization accredited by the Standards Council of Canada to certify that goods tested or examined by that organization meet the standards set by the Council in respect of those goods.""emergency"" means an urgent and critical situation of a temporary nature that(a) is of such proportions or nature as to exceed the capacity or authority of a province or municipality to deal with it.(b) is caused by an actual or imminent(i) fire, flood, drought, storm, earthquake, or other natural phenomenon,(ii) disease in human beings, animals or plants,(iii) accident or pollution, or(iv) act of sabotage or terrorism. and(c) results or may result in(i) danger to the lives, health or safety of individuals,(ii) danger to property,(iii) social disruption, or(iv) a breakdown in the flow of essential goods, services or resources.""emergency response training exercise"" means an activity intended to educate or provide training related to emergency preparedness.""exhibition"" means a display of goods open to the general public.";;;;;;;ES;"Special classification provisions - commercial---Goods, not including conveyances, containers or baggage of tariff item No. 9801.10.10, 9801.10.20, 9801.10.30 or 9801.20.00, or of Chapter 89 (except when imported for the purpose of repair, overhaul, alteration, adjustment, storage, display at an exhibition of similar manufacturers, racing, testing, certification by an accredited organization, or to be employed in the production of films or commercials, or in response to an emergency or emergency response training exercise, or for in-transit movement through Canada, or as a commercial sample, or when imported by non-resident teams or athletes, or their support personnel, for their use in professional or organized amateur sports activities, or when imported by non-residents for their use in providing live entertainment such as aquatic displays), when imported on a temporary basis, on condition that (a) the goods are not sold or further manufactured or processed in Canada.(a.1) the goods are not leased except where imported for use(i) in an emergency or emergency response training exercise,(ii) on loan pending delivery of new machinery or equipment on order, or(iii) as temporary replacements for machines or other equipment previously accounted for and undergoing repairs.(b) the use of the goods is specified by the importer at the time of reporting of the goods under the Customs Act, that use is not limited or restricted by regulation, and the goods are released for that specified use.(c) the goods are imported in no greater quantity than is reasonable, in the view of the Minister of Public Safety and Emergency Preparedness ora designated customs officer, for the use specified under paragraph (b).(d) the goods are accompanied, in prescribed circumstances, by prescribed documents and by security of a nature and in an amount satisfactory to the Minister of Public Safety and Emergency Preparedness or a designated customs officer, unless otherwise provided by regulation.(e) the goods are not diverted to a use that is limited or restricted by regulation, or to a use that would preclude the goods from being classified under this tariff item. and,(f) within eighteen months of the date of the reporting of the goods under the Customs Act or within any other period prescribed for those goods, the goods are:  (i) exported from Canada and evidence, satisfactory to the Minister of Public Safety and Emergency Preparedness or a designated customs officer, of the exportation is provided to the Minister of Public Safety and Emergency Preparedness or the designated customs officer,(ii) destroyed and the destruction is certified by a customs officer or by another person designated by the Minister of Public Safety and Emergency Preparedness, or (iii) consumed or expended under prescribed circumstances.The following definitions apply to this tariff item.""accredited organization"" means an organization accredited by the Standards Council of Canada to certify that goods tested or examined by that organization meet the standards set by the Council in respect of those goods.""emergency"" means an urgent and critical situation of a temporary nature that(a) is of such proportions or nature as to exceed the capacity or authority of a province or municipality to deal with it.(b) is caused by an actual or imminent(i) fire, flood, drought, storm, earthquake, or other natural phenomenon,(ii) disease in human beings, animals or plants,(iii) accident or pollution, or(iv) act of sabotage or terrorism. and(c) results or may result in(i) danger to the lives, health or safety of individuals,(ii) danger to property,(iii) social disruption, or(iv) a breakdown in the flow of essential goods, services or resources.""emergency response training exercise"" means an activity intended to educate or provide training related to emergency preparedness.""exhibition"" means a display of goods open to the general public.";;;;;;;N/A;;_DCA17;20240101;99991231;0;0;;;;;;
CA;99930000;20240101;99991231;EN;"Special classification provisions - commercial---Goods, not including conveyances, containers or baggage of tariff item No. 9801.10.10, 9801.10.20, 9801.10.30 or 9801.20.00, or of Chapter 89 (except when imported for the purpose of repair, overhaul, alteration, adjustment, storage, display at an exhibition of similar manufacturers, racing, testing, certification by an accredited organization, or to be employed in the production of films or commercials, or in response to an emergency or emergency response training exercise, or for in-transit movement through Canada, or as a commercial sample, or when imported by non-resident teams or athletes, or their support personnel, for their use in professional or organized amateur sports activities, or when imported by non-residents for their use in providing live entertainment such as aquatic displays), when imported on a temporary basis, on condition that (a) the goods are not sold or further manufactured or processed in Canada.(a.1) the goods are not leased except where imported for use(i) in an emergency or emergency response training exercise,(ii) on loan pending delivery of new machinery or equipment on order, or(iii) as temporary replacements for machines or other equipment previously accounted for and undergoing repairs.(b) the use of the goods is specified by the importer at the time of reporting of the goods under the Customs Act, that use is not limited or restricted by regulation, and the goods are released for that specified use.(c) the goods are imported in no greater quantity than is reasonable, in the view of the Minister of Public Safety and Emergency Preparedness ora designated customs officer, for the use specified under paragraph (b).(d) the goods are accompanied, in prescribed circumstances, by prescribed documents and by security of a nature and in an amount satisfactory to the Minister of Public Safety and Emergency Preparedness or a designated customs officer, unless otherwise provided by regulation.(e) the goods are not diverted to a use that is limited or restricted by regulation, or to a use that would preclude the goods from being classified under this tariff item. and,(f) within eighteen months of the date of the reporting of the goods under the Customs Act or within any other period prescribed for those goods, the goods are:  (i) exported from Canada and evidence, satisfactory to the Minister of Public Safety and Emergency Preparedness or a designated customs officer, of the exportation is provided to the Minister of Public Safety and Emergency Preparedness or the designated customs officer,(ii) destroyed and the destruction is certified by a customs officer or by another person designated by the Minister of Public Safety and Emergency Preparedness, or (iii) consumed or expended under prescribed circumstances.The following definitions apply to this tariff item.""accredited organization"" means an organization accredited by the Standards Council of Canada to certify that goods tested or examined by that organization meet the standards set by the Council in respect of those goods.""emergency"" means an urgent and critical situation of a temporary nature that(a) is of such proportions or nature as to exceed the capacity or authority of a province or municipality to deal with it.(b) is caused by an actual or imminent(i) fire, flood, drought, storm, earthquake, or other natural phenomenon,(ii) disease in human beings, animals or plants,(iii) accident or pollution, or(iv) act of sabotage or terrorism. and(c) results or may result in(i) danger to the lives, health or safety of individuals,(ii) danger to property,(iii) social disruption, or(iv) a breakdown in the flow of essential goods, services or resources.""emergency response training exercise"" means an activity intended to educate or provide training related to emergency preparedness.""exhibition"" means a display of goods open to the general public.";;;;;;;ES;"Special classification provisions - commercial---Goods, not including conveyances, containers or baggage of tariff item No. 9801.10.10, 9801.10.20, 9801.10.30 or 9801.20.00, or of Chapter 89 (except when imported for the purpose of repair, overhaul, alteration, adjustment, storage, display at an exhibition of similar manufacturers, racing, testing, certification by an accredited organization, or to be employed in the production of films or commercials, or in response to an emergency or emergency response training exercise, or for in-transit movement through Canada, or as a commercial sample, or when imported by non-resident teams or athletes, or their support personnel, for their use in professional or organized amateur sports activities, or when imported by non-residents for their use in providing live entertainment such as aquatic displays), when imported on a temporary basis, on condition that (a) the goods are not sold or further manufactured or processed in Canada.(a.1) the goods are not leased except where imported for use(i) in an emergency or emergency response training exercise,(ii) on loan pending delivery of new machinery or equipment on order, or(iii) as temporary replacements for machines or other equipment previously accounted for and undergoing repairs.(b) the use of the goods is specified by the importer at the time of reporting of the goods under the Customs Act, that use is not limited or restricted by regulation, and the goods are released for that specified use.(c) the goods are imported in no greater quantity than is reasonable, in the view of the Minister of Public Safety and Emergency Preparedness ora designated customs officer, for the use specified under paragraph (b).(d) the goods are accompanied, in prescribed circumstances, by prescribed documents and by security of a nature and in an amount satisfactory to the Minister of Public Safety and Emergency Preparedness or a designated customs officer, unless otherwise provided by regulation.(e) the goods are not diverted to a use that is limited or restricted by regulation, or to a use that would preclude the goods from being classified under this tariff item. and,(f) within eighteen months of the date of the reporting of the goods under the Customs Act or within any other period prescribed for those goods, the goods are:  (i) exported from Canada and evidence, satisfactory to the Minister of Public Safety and Emergency Preparedness or a designated customs officer, of the exportation is provided to the Minister of Public Safety and Emergency Preparedness or the designated customs officer,(ii) destroyed and the destruction is certified by a customs officer or by another person designated by the Minister of Public Safety and Emergency Preparedness, or (iii) consumed or expended under prescribed circumstances.The following definitions apply to this tariff item.""accredited organization"" means an organization accredited by the Standards Council of Canada to certify that goods tested or examined by that organization meet the standards set by the Council in respect of those goods.""emergency"" means an urgent and critical situation of a temporary nature that(a) is of such proportions or nature as to exceed the capacity or authority of a province or municipality to deal with it.(b) is caused by an actual or imminent(i) fire, flood, drought, storm, earthquake, or other natural phenomenon,(ii) disease in human beings, animals or plants,(iii) accident or pollution, or(iv) act of sabotage or terrorism. and(c) results or may result in(i) danger to the lives, health or safety of individuals,(ii) danger to property,(iii) social disruption, or(iv) a breakdown in the flow of essential goods, services or resources.""emergency response training exercise"" means an activity intended to educate or provide training related to emergency preparedness.""exhibition"" means a display of goods open to the general public.";;;;;;;N/A;;_DCA18;20240101;99991231;0;0;;;;;;
CA;99930000;20240101;99991231;EN;"Special classification provisions - commercial---Goods, not including conveyances, containers or baggage of tariff item No. 9801.10.10, 9801.10.20, 9801.10.30 or 9801.20.00, or of Chapter 89 (except when imported for the purpose of repair, overhaul, alteration, adjustment, storage, display at an exhibition of similar manufacturers, racing, testing, certification by an accredited organization, or to be employed in the production of films or commercials, or in response to an emergency or emergency response training exercise, or for in-transit movement through Canada, or as a commercial sample, or when imported by non-resident teams or athletes, or their support personnel, for their use in professional or organized amateur sports activities, or when imported by non-residents for their use in providing live entertainment such as aquatic displays), when imported on a temporary basis, on condition that (a) the goods are not sold or further manufactured or processed in Canada.(a.1) the goods are not leased except where imported for use(i) in an emergency or emergency response training exercise,(ii) on loan pending delivery of new machinery or equipment on order, or(iii) as temporary replacements for machines or other equipment previously accounted for and undergoing repairs.(b) the use of the goods is specified by the importer at the time of reporting of the goods under the Customs Act, that use is not limited or restricted by regulation, and the goods are released for that specified use.(c) the goods are imported in no greater quantity than is reasonable, in the view of the Minister of Public Safety and Emergency Preparedness ora designated customs officer, for the use specified under paragraph (b).(d) the goods are accompanied, in prescribed circumstances, by prescribed documents and by security of a nature and in an amount satisfactory to the Minister of Public Safety and Emergency Preparedness or a designated customs officer, unless otherwise provided by regulation.(e) the goods are not diverted to a use that is limited or restricted by regulation, or to a use that would preclude the goods from being classified under this tariff item. and,(f) within eighteen months of the date of the reporting of the goods under the Customs Act or within any other period prescribed for those goods, the goods are:  (i) exported from Canada and evidence, satisfactory to the Minister of Public Safety and Emergency Preparedness or a designated customs officer, of the exportation is provided to the Minister of Public Safety and Emergency Preparedness or the designated customs officer,(ii) destroyed and the destruction is certified by a customs officer or by another person designated by the Minister of Public Safety and Emergency Preparedness, or (iii) consumed or expended under prescribed circumstances.The following definitions apply to this tariff item.""accredited organization"" means an organization accredited by the Standards Council of Canada to certify that goods tested or examined by that organization meet the standards set by the Council in respect of those goods.""emergency"" means an urgent and critical situation of a temporary nature that(a) is of such proportions or nature as to exceed the capacity or authority of a province or municipality to deal with it.(b) is caused by an actual or imminent(i) fire, flood, drought, storm, earthquake, or other natural phenomenon,(ii) disease in human beings, animals or plants,(iii) accident or pollution, or(iv) act of sabotage or terrorism. and(c) results or may result in(i) danger to the lives, health or safety of individuals,(ii) danger to property,(iii) social disruption, or(iv) a breakdown in the flow of essential goods, services or resources.""emergency response training exercise"" means an activity intended to educate or provide training related to emergency preparedness.""exhibition"" means a display of goods open to the general public.";;;;;;;ES;"Special classification provisions - commercial---Goods, not including conveyances, containers or baggage of tariff item No. 9801.10.10, 9801.10.20, 9801.10.30 or 9801.20.00, or of Chapter 89 (except when imported for the purpose of repair, overhaul, alteration, adjustment, storage, display at an exhibition of similar manufacturers, racing, testing, certification by an accredited organization, or to be employed in the production of films or commercials, or in response to an emergency or emergency response training exercise, or for in-transit movement through Canada, or as a commercial sample, or when imported by non-resident teams or athletes, or their support personnel, for their use in professional or organized amateur sports activities, or when imported by non-residents for their use in providing live entertainment such as aquatic displays), when imported on a temporary basis, on condition that (a) the goods are not sold or further manufactured or processed in Canada.(a.1) the goods are not leased except where imported for use(i) in an emergency or emergency response training exercise,(ii) on loan pending delivery of new machinery or equipment on order, or(iii) as temporary replacements for machines or other equipment previously accounted for and undergoing repairs.(b) the use of the goods is specified by the importer at the time of reporting of the goods under the Customs Act, that use is not limited or restricted by regulation, and the goods are released for that specified use.(c) the goods are imported in no greater quantity than is reasonable, in the view of the Minister of Public Safety and Emergency Preparedness ora designated customs officer, for the use specified under paragraph (b).(d) the goods are accompanied, in prescribed circumstances, by prescribed documents and by security of a nature and in an amount satisfactory to the Minister of Public Safety and Emergency Preparedness or a designated customs officer, unless otherwise provided by regulation.(e) the goods are not diverted to a use that is limited or restricted by regulation, or to a use that would preclude the goods from being classified under this tariff item. and,(f) within eighteen months of the date of the reporting of the goods under the Customs Act or within any other period prescribed for those goods, the goods are:  (i) exported from Canada and evidence, satisfactory to the Minister of Public Safety and Emergency Preparedness or a designated customs officer, of the exportation is provided to the Minister of Public Safety and Emergency Preparedness or the designated customs officer,(ii) destroyed and the destruction is certified by a customs officer or by another person designated by the Minister of Public Safety and Emergency Preparedness, or (iii) consumed or expended under prescribed circumstances.The following definitions apply to this tariff item.""accredited organization"" means an organization accredited by the Standards Council of Canada to certify that goods tested or examined by that organization meet the standards set by the Council in respect of those goods.""emergency"" means an urgent and critical situation of a temporary nature that(a) is of such proportions or nature as to exceed the capacity or authority of a province or municipality to deal with it.(b) is caused by an actual or imminent(i) fire, flood, drought, storm, earthquake, or other natural phenomenon,(ii) disease in human beings, animals or plants,(iii) accident or pollution, or(iv) act of sabotage or terrorism. and(c) results or may result in(i) danger to the lives, health or safety of individuals,(ii) danger to property,(iii) social disruption, or(iv) a breakdown in the flow of essential goods, services or resources.""emergency response training exercise"" means an activity intended to educate or provide training related to emergency preparedness.""exhibition"" means a display of goods open to the general public.";;;;;;;N/A;;_DCA19;20240101;99991231;0;0;;;;;;
CA;99930000;20240101;99991231;EN;"Special classification provisions - commercial---Goods, not including conveyances, containers or baggage of tariff item No. 9801.10.10, 9801.10.20, 9801.10.30 or 9801.20.00, or of Chapter 89 (except when imported for the purpose of repair, overhaul, alteration, adjustment, storage, display at an exhibition of similar manufacturers, racing, testing, certification by an accredited organization, or to be employed in the production of films or commercials, or in response to an emergency or emergency response training exercise, or for in-transit movement through Canada, or as a commercial sample, or when imported by non-resident teams or athletes, or their support personnel, for their use in professional or organized amateur sports activities, or when imported by non-residents for their use in providing live entertainment such as aquatic displays), when imported on a temporary basis, on condition that (a) the goods are not sold or further manufactured or processed in Canada.(a.1) the goods are not leased except where imported for use(i) in an emergency or emergency response training exercise,(ii) on loan pending delivery of new machinery or equipment on order, or(iii) as temporary replacements for machines or other equipment previously accounted for and undergoing repairs.(b) the use of the goods is specified by the importer at the time of reporting of the goods under the Customs Act, that use is not limited or restricted by regulation, and the goods are released for that specified use.(c) the goods are imported in no greater quantity than is reasonable, in the view of the Minister of Public Safety and Emergency Preparedness ora designated customs officer, for the use specified under paragraph (b).(d) the goods are accompanied, in prescribed circumstances, by prescribed documents and by security of a nature and in an amount satisfactory to the Minister of Public Safety and Emergency Preparedness or a designated customs officer, unless otherwise provided by regulation.(e) the goods are not diverted to a use that is limited or restricted by regulation, or to a use that would preclude the goods from being classified under this tariff item. and,(f) within eighteen months of the date of the reporting of the goods under the Customs Act or within any other period prescribed for those goods, the goods are:  (i) exported from Canada and evidence, satisfactory to the Minister of Public Safety and Emergency Preparedness or a designated customs officer, of the exportation is provided to the Minister of Public Safety and Emergency Preparedness or the designated customs officer,(ii) destroyed and the destruction is certified by a customs officer or by another person designated by the Minister of Public Safety and Emergency Preparedness, or (iii) consumed or expended under prescribed circumstances.The following definitions apply to this tariff item.""accredited organization"" means an organization accredited by the Standards Council of Canada to certify that goods tested or examined by that organization meet the standards set by the Council in respect of those goods.""emergency"" means an urgent and critical situation of a temporary nature that(a) is of such proportions or nature as to exceed the capacity or authority of a province or municipality to deal with it.(b) is caused by an actual or imminent(i) fire, flood, drought, storm, earthquake, or other natural phenomenon,(ii) disease in human beings, animals or plants,(iii) accident or pollution, or(iv) act of sabotage or terrorism. and(c) results or may result in(i) danger to the lives, health or safety of individuals,(ii) danger to property,(iii) social disruption, or(iv) a breakdown in the flow of essential goods, services or resources.""emergency response training exercise"" means an activity intended to educate or provide training related to emergency preparedness.""exhibition"" means a display of goods open to the general public.";;;;;;;ES;"Special classification provisions - commercial---Goods, not including conveyances, containers or baggage of tariff item No. 9801.10.10, 9801.10.20, 9801.10.30 or 9801.20.00, or of Chapter 89 (except when imported for the purpose of repair, overhaul, alteration, adjustment, storage, display at an exhibition of similar manufacturers, racing, testing, certification by an accredited organization, or to be employed in the production of films or commercials, or in response to an emergency or emergency response training exercise, or for in-transit movement through Canada, or as a commercial sample, or when imported by non-resident teams or athletes, or their support personnel, for their use in professional or organized amateur sports activities, or when imported by non-residents for their use in providing live entertainment such as aquatic displays), when imported on a temporary basis, on condition that (a) the goods are not sold or further manufactured or processed in Canada.(a.1) the goods are not leased except where imported for use(i) in an emergency or emergency response training exercise,(ii) on loan pending delivery of new machinery or equipment on order, or(iii) as temporary replacements for machines or other equipment previously accounted for and undergoing repairs.(b) the use of the goods is specified by the importer at the time of reporting of the goods under the Customs Act, that use is not limited or restricted by regulation, and the goods are released for that specified use.(c) the goods are imported in no greater quantity than is reasonable, in the view of the Minister of Public Safety and Emergency Preparedness ora designated customs officer, for the use specified under paragraph (b).(d) the goods are accompanied, in prescribed circumstances, by prescribed documents and by security of a nature and in an amount satisfactory to the Minister of Public Safety and Emergency Preparedness or a designated customs officer, unless otherwise provided by regulation.(e) the goods are not diverted to a use that is limited or restricted by regulation, or to a use that would preclude the goods from being classified under this tariff item. and,(f) within eighteen months of the date of the reporting of the goods under the Customs Act or within any other period prescribed for those goods, the goods are:  (i) exported from Canada and evidence, satisfactory to the Minister of Public Safety and Emergency Preparedness or a designated customs officer, of the exportation is provided to the Minister of Public Safety and Emergency Preparedness or the designated customs officer,(ii) destroyed and the destruction is certified by a customs officer or by another person designated by the Minister of Public Safety and Emergency Preparedness, or (iii) consumed or expended under prescribed circumstances.The following definitions apply to this tariff item.""accredited organization"" means an organization accredited by the Standards Council of Canada to certify that goods tested or examined by that organization meet the standards set by the Council in respect of those goods.""emergency"" means an urgent and critical situation of a temporary nature that(a) is of such proportions or nature as to exceed the capacity or authority of a province or municipality to deal with it.(b) is caused by an actual or imminent(i) fire, flood, drought, storm, earthquake, or other natural phenomenon,(ii) disease in human beings, animals or plants,(iii) accident or pollution, or(iv) act of sabotage or terrorism. and(c) results or may result in(i) danger to the lives, health or safety of individuals,(ii) danger to property,(iii) social disruption, or(iv) a breakdown in the flow of essential goods, services or resources.""emergency response training exercise"" means an activity intended to educate or provide training related to emergency preparedness.""exhibition"" means a display of goods open to the general public.";;;;;;;N/A;;_DCA2;20240101;99991231;0;0;;;;;;
CA;99930000;20240101;99991231;EN;"Special classification provisions - commercial---Goods, not including conveyances, containers or baggage of tariff item No. 9801.10.10, 9801.10.20, 9801.10.30 or 9801.20.00, or of Chapter 89 (except when imported for the purpose of repair, overhaul, alteration, adjustment, storage, display at an exhibition of similar manufacturers, racing, testing, certification by an accredited organization, or to be employed in the production of films or commercials, or in response to an emergency or emergency response training exercise, or for in-transit movement through Canada, or as a commercial sample, or when imported by non-resident teams or athletes, or their support personnel, for their use in professional or organized amateur sports activities, or when imported by non-residents for their use in providing live entertainment such as aquatic displays), when imported on a temporary basis, on condition that (a) the goods are not sold or further manufactured or processed in Canada.(a.1) the goods are not leased except where imported for use(i) in an emergency or emergency response training exercise,(ii) on loan pending delivery of new machinery or equipment on order, or(iii) as temporary replacements for machines or other equipment previously accounted for and undergoing repairs.(b) the use of the goods is specified by the importer at the time of reporting of the goods under the Customs Act, that use is not limited or restricted by regulation, and the goods are released for that specified use.(c) the goods are imported in no greater quantity than is reasonable, in the view of the Minister of Public Safety and Emergency Preparedness ora designated customs officer, for the use specified under paragraph (b).(d) the goods are accompanied, in prescribed circumstances, by prescribed documents and by security of a nature and in an amount satisfactory to the Minister of Public Safety and Emergency Preparedness or a designated customs officer, unless otherwise provided by regulation.(e) the goods are not diverted to a use that is limited or restricted by regulation, or to a use that would preclude the goods from being classified under this tariff item. and,(f) within eighteen months of the date of the reporting of the goods under the Customs Act or within any other period prescribed for those goods, the goods are:  (i) exported from Canada and evidence, satisfactory to the Minister of Public Safety and Emergency Preparedness or a designated customs officer, of the exportation is provided to the Minister of Public Safety and Emergency Preparedness or the designated customs officer,(ii) destroyed and the destruction is certified by a customs officer or by another person designated by the Minister of Public Safety and Emergency Preparedness, or (iii) consumed or expended under prescribed circumstances.The following definitions apply to this tariff item.""accredited organization"" means an organization accredited by the Standards Council of Canada to certify that goods tested or examined by that organization meet the standards set by the Council in respect of those goods.""emergency"" means an urgent and critical situation of a temporary nature that(a) is of such proportions or nature as to exceed the capacity or authority of a province or municipality to deal with it.(b) is caused by an actual or imminent(i) fire, flood, drought, storm, earthquake, or other natural phenomenon,(ii) disease in human beings, animals or plants,(iii) accident or pollution, or(iv) act of sabotage or terrorism. and(c) results or may result in(i) danger to the lives, health or safety of individuals,(ii) danger to property,(iii) social disruption, or(iv) a breakdown in the flow of essential goods, services or resources.""emergency response training exercise"" means an activity intended to educate or provide training related to emergency preparedness.""exhibition"" means a display of goods open to the general public.";;;;;;;ES;"Special classification provisions - commercial---Goods, not including conveyances, containers or baggage of tariff item No. 9801.10.10, 9801.10.20, 9801.10.30 or 9801.20.00, or of Chapter 89 (except when imported for the purpose of repair, overhaul, alteration, adjustment, storage, display at an exhibition of similar manufacturers, racing, testing, certification by an accredited organization, or to be employed in the production of films or commercials, or in response to an emergency or emergency response training exercise, or for in-transit movement through Canada, or as a commercial sample, or when imported by non-resident teams or athletes, or their support personnel, for their use in professional or organized amateur sports activities, or when imported by non-residents for their use in providing live entertainment such as aquatic displays), when imported on a temporary basis, on condition that (a) the goods are not sold or further manufactured or processed in Canada.(a.1) the goods are not leased except where imported for use(i) in an emergency or emergency response training exercise,(ii) on loan pending delivery of new machinery or equipment on order, or(iii) as temporary replacements for machines or other equipment previously accounted for and undergoing repairs.(b) the use of the goods is specified by the importer at the time of reporting of the goods under the Customs Act, that use is not limited or restricted by regulation, and the goods are released for that specified use.(c) the goods are imported in no greater quantity than is reasonable, in the view of the Minister of Public Safety and Emergency Preparedness ora designated customs officer, for the use specified under paragraph (b).(d) the goods are accompanied, in prescribed circumstances, by prescribed documents and by security of a nature and in an amount satisfactory to the Minister of Public Safety and Emergency Preparedness or a designated customs officer, unless otherwise provided by regulation.(e) the goods are not diverted to a use that is limited or restricted by regulation, or to a use that would preclude the goods from being classified under this tariff item. and,(f) within eighteen months of the date of the reporting of the goods under the Customs Act or within any other period prescribed for those goods, the goods are:  (i) exported from Canada and evidence, satisfactory to the Minister of Public Safety and Emergency Preparedness or a designated customs officer, of the exportation is provided to the Minister of Public Safety and Emergency Preparedness or the designated customs officer,(ii) destroyed and the destruction is certified by a customs officer or by another person designated by the Minister of Public Safety and Emergency Preparedness, or (iii) consumed or expended under prescribed circumstances.The following definitions apply to this tariff item.""accredited organization"" means an organization accredited by the Standards Council of Canada to certify that goods tested or examined by that organization meet the standards set by the Council in respect of those goods.""emergency"" means an urgent and critical situation of a temporary nature that(a) is of such proportions or nature as to exceed the capacity or authority of a province or municipality to deal with it.(b) is caused by an actual or imminent(i) fire, flood, drought, storm, earthquake, or other natural phenomenon,(ii) disease in human beings, animals or plants,(iii) accident or pollution, or(iv) act of sabotage or terrorism. and(c) results or may result in(i) danger to the lives, health or safety of individuals,(ii) danger to property,(iii) social disruption, or(iv) a breakdown in the flow of essential goods, services or resources.""emergency response training exercise"" means an activity intended to educate or provide training related to emergency preparedness.""exhibition"" means a display of goods open to the general public.";;;;;;;N/A;;_DCA20;20240101;99991231;0;0;;;;;;
CA;99930000;20240101;99991231;EN;"Special classification provisions - commercial---Goods, not including conveyances, containers or baggage of tariff item No. 9801.10.10, 9801.10.20, 9801.10.30 or 9801.20.00, or of Chapter 89 (except when imported for the purpose of repair, overhaul, alteration, adjustment, storage, display at an exhibition of similar manufacturers, racing, testing, certification by an accredited organization, or to be employed in the production of films or commercials, or in response to an emergency or emergency response training exercise, or for in-transit movement through Canada, or as a commercial sample, or when imported by non-resident teams or athletes, or their support personnel, for their use in professional or organized amateur sports activities, or when imported by non-residents for their use in providing live entertainment such as aquatic displays), when imported on a temporary basis, on condition that (a) the goods are not sold or further manufactured or processed in Canada.(a.1) the goods are not leased except where imported for use(i) in an emergency or emergency response training exercise,(ii) on loan pending delivery of new machinery or equipment on order, or(iii) as temporary replacements for machines or other equipment previously accounted for and undergoing repairs.(b) the use of the goods is specified by the importer at the time of reporting of the goods under the Customs Act, that use is not limited or restricted by regulation, and the goods are released for that specified use.(c) the goods are imported in no greater quantity than is reasonable, in the view of the Minister of Public Safety and Emergency Preparedness ora designated customs officer, for the use specified under paragraph (b).(d) the goods are accompanied, in prescribed circumstances, by prescribed documents and by security of a nature and in an amount satisfactory to the Minister of Public Safety and Emergency Preparedness or a designated customs officer, unless otherwise provided by regulation.(e) the goods are not diverted to a use that is limited or restricted by regulation, or to a use that would preclude the goods from being classified under this tariff item. and,(f) within eighteen months of the date of the reporting of the goods under the Customs Act or within any other period prescribed for those goods, the goods are:  (i) exported from Canada and evidence, satisfactory to the Minister of Public Safety and Emergency Preparedness or a designated customs officer, of the exportation is provided to the Minister of Public Safety and Emergency Preparedness or the designated customs officer,(ii) destroyed and the destruction is certified by a customs officer or by another person designated by the Minister of Public Safety and Emergency Preparedness, or (iii) consumed or expended under prescribed circumstances.The following definitions apply to this tariff item.""accredited organization"" means an organization accredited by the Standards Council of Canada to certify that goods tested or examined by that organization meet the standards set by the Council in respect of those goods.""emergency"" means an urgent and critical situation of a temporary nature that(a) is of such proportions or nature as to exceed the capacity or authority of a province or municipality to deal with it.(b) is caused by an actual or imminent(i) fire, flood, drought, storm, earthquake, or other natural phenomenon,(ii) disease in human beings, animals or plants,(iii) accident or pollution, or(iv) act of sabotage or terrorism. and(c) results or may result in(i) danger to the lives, health or safety of individuals,(ii) danger to property,(iii) social disruption, or(iv) a breakdown in the flow of essential goods, services or resources.""emergency response training exercise"" means an activity intended to educate or provide training related to emergency preparedness.""exhibition"" means a display of goods open to the general public.";;;;;;;ES;"Special classification provisions - commercial---Goods, not including conveyances, containers or baggage of tariff item No. 9801.10.10, 9801.10.20, 9801.10.30 or 9801.20.00, or of Chapter 89 (except when imported for the purpose of repair, overhaul, alteration, adjustment, storage, display at an exhibition of similar manufacturers, racing, testing, certification by an accredited organization, or to be employed in the production of films or commercials, or in response to an emergency or emergency response training exercise, or for in-transit movement through Canada, or as a commercial sample, or when imported by non-resident teams or athletes, or their support personnel, for their use in professional or organized amateur sports activities, or when imported by non-residents for their use in providing live entertainment such as aquatic displays), when imported on a temporary basis, on condition that (a) the goods are not sold or further manufactured or processed in Canada.(a.1) the goods are not leased except where imported for use(i) in an emergency or emergency response training exercise,(ii) on loan pending delivery of new machinery or equipment on order, or(iii) as temporary replacements for machines or other equipment previously accounted for and undergoing repairs.(b) the use of the goods is specified by the importer at the time of reporting of the goods under the Customs Act, that use is not limited or restricted by regulation, and the goods are released for that specified use.(c) the goods are imported in no greater quantity than is reasonable, in the view of the Minister of Public Safety and Emergency Preparedness ora designated customs officer, for the use specified under paragraph (b).(d) the goods are accompanied, in prescribed circumstances, by prescribed documents and by security of a nature and in an amount satisfactory to the Minister of Public Safety and Emergency Preparedness or a designated customs officer, unless otherwise provided by regulation.(e) the goods are not diverted to a use that is limited or restricted by regulation, or to a use that would preclude the goods from being classified under this tariff item. and,(f) within eighteen months of the date of the reporting of the goods under the Customs Act or within any other period prescribed for those goods, the goods are:  (i) exported from Canada and evidence, satisfactory to the Minister of Public Safety and Emergency Preparedness or a designated customs officer, of the exportation is provided to the Minister of Public Safety and Emergency Preparedness or the designated customs officer,(ii) destroyed and the destruction is certified by a customs officer or by another person designated by the Minister of Public Safety and Emergency Preparedness, or (iii) consumed or expended under prescribed circumstances.The following definitions apply to this tariff item.""accredited organization"" means an organization accredited by the Standards Council of Canada to certify that goods tested or examined by that organization meet the standards set by the Council in respect of those goods.""emergency"" means an urgent and critical situation of a temporary nature that(a) is of such proportions or nature as to exceed the capacity or authority of a province or municipality to deal with it.(b) is caused by an actual or imminent(i) fire, flood, drought, storm, earthquake, or other natural phenomenon,(ii) disease in human beings, animals or plants,(iii) accident or pollution, or(iv) act of sabotage or terrorism. and(c) results or may result in(i) danger to the lives, health or safety of individuals,(ii) danger to property,(iii) social disruption, or(iv) a breakdown in the flow of essential goods, services or resources.""emergency response training exercise"" means an activity intended to educate or provide training related to emergency preparedness.""exhibition"" means a display of goods open to the general public.";;;;;;;N/A;;_DCA21;20240101;99991231;0;0;;;;;;
CA;99930000;20240101;99991231;EN;"Special classification provisions - commercial---Goods, not including conveyances, containers or baggage of tariff item No. 9801.10.10, 9801.10.20, 9801.10.30 or 9801.20.00, or of Chapter 89 (except when imported for the purpose of repair, overhaul, alteration, adjustment, storage, display at an exhibition of similar manufacturers, racing, testing, certification by an accredited organization, or to be employed in the production of films or commercials, or in response to an emergency or emergency response training exercise, or for in-transit movement through Canada, or as a commercial sample, or when imported by non-resident teams or athletes, or their support personnel, for their use in professional or organized amateur sports activities, or when imported by non-residents for their use in providing live entertainment such as aquatic displays), when imported on a temporary basis, on condition that (a) the goods are not sold or further manufactured or processed in Canada.(a.1) the goods are not leased except where imported for use(i) in an emergency or emergency response training exercise,(ii) on loan pending delivery of new machinery or equipment on order, or(iii) as temporary replacements for machines or other equipment previously accounted for and undergoing repairs.(b) the use of the goods is specified by the importer at the time of reporting of the goods under the Customs Act, that use is not limited or restricted by regulation, and the goods are released for that specified use.(c) the goods are imported in no greater quantity than is reasonable, in the view of the Minister of Public Safety and Emergency Preparedness ora designated customs officer, for the use specified under paragraph (b).(d) the goods are accompanied, in prescribed circumstances, by prescribed documents and by security of a nature and in an amount satisfactory to the Minister of Public Safety and Emergency Preparedness or a designated customs officer, unless otherwise provided by regulation.(e) the goods are not diverted to a use that is limited or restricted by regulation, or to a use that would preclude the goods from being classified under this tariff item. and,(f) within eighteen months of the date of the reporting of the goods under the Customs Act or within any other period prescribed for those goods, the goods are:  (i) exported from Canada and evidence, satisfactory to the Minister of Public Safety and Emergency Preparedness or a designated customs officer, of the exportation is provided to the Minister of Public Safety and Emergency Preparedness or the designated customs officer,(ii) destroyed and the destruction is certified by a customs officer or by another person designated by the Minister of Public Safety and Emergency Preparedness, or (iii) consumed or expended under prescribed circumstances.The following definitions apply to this tariff item.""accredited organization"" means an organization accredited by the Standards Council of Canada to certify that goods tested or examined by that organization meet the standards set by the Council in respect of those goods.""emergency"" means an urgent and critical situation of a temporary nature that(a) is of such proportions or nature as to exceed the capacity or authority of a province or municipality to deal with it.(b) is caused by an actual or imminent(i) fire, flood, drought, storm, earthquake, or other natural phenomenon,(ii) disease in human beings, animals or plants,(iii) accident or pollution, or(iv) act of sabotage or terrorism. and(c) results or may result in(i) danger to the lives, health or safety of individuals,(ii) danger to property,(iii) social disruption, or(iv) a breakdown in the flow of essential goods, services or resources.""emergency response training exercise"" means an activity intended to educate or provide training related to emergency preparedness.""exhibition"" means a display of goods open to the general public.";;;;;;;ES;"Special classification provisions - commercial---Goods, not including conveyances, containers or baggage of tariff item No. 9801.10.10, 9801.10.20, 9801.10.30 or 9801.20.00, or of Chapter 89 (except when imported for the purpose of repair, overhaul, alteration, adjustment, storage, display at an exhibition of similar manufacturers, racing, testing, certification by an accredited organization, or to be employed in the production of films or commercials, or in response to an emergency or emergency response training exercise, or for in-transit movement through Canada, or as a commercial sample, or when imported by non-resident teams or athletes, or their support personnel, for their use in professional or organized amateur sports activities, or when imported by non-residents for their use in providing live entertainment such as aquatic displays), when imported on a temporary basis, on condition that (a) the goods are not sold or further manufactured or processed in Canada.(a.1) the goods are not leased except where imported for use(i) in an emergency or emergency response training exercise,(ii) on loan pending delivery of new machinery or equipment on order, or(iii) as temporary replacements for machines or other equipment previously accounted for and undergoing repairs.(b) the use of the goods is specified by the importer at the time of reporting of the goods under the Customs Act, that use is not limited or restricted by regulation, and the goods are released for that specified use.(c) the goods are imported in no greater quantity than is reasonable, in the view of the Minister of Public Safety and Emergency Preparedness ora designated customs officer, for the use specified under paragraph (b).(d) the goods are accompanied, in prescribed circumstances, by prescribed documents and by security of a nature and in an amount satisfactory to the Minister of Public Safety and Emergency Preparedness or a designated customs officer, unless otherwise provided by regulation.(e) the goods are not diverted to a use that is limited or restricted by regulation, or to a use that would preclude the goods from being classified under this tariff item. and,(f) within eighteen months of the date of the reporting of the goods under the Customs Act or within any other period prescribed for those goods, the goods are:  (i) exported from Canada and evidence, satisfactory to the Minister of Public Safety and Emergency Preparedness or a designated customs officer, of the exportation is provided to the Minister of Public Safety and Emergency Preparedness or the designated customs officer,(ii) destroyed and the destruction is certified by a customs officer or by another person designated by the Minister of Public Safety and Emergency Preparedness, or (iii) consumed or expended under prescribed circumstances.The following definitions apply to this tariff item.""accredited organization"" means an organization accredited by the Standards Council of Canada to certify that goods tested or examined by that organization meet the standards set by the Council in respect of those goods.""emergency"" means an urgent and critical situation of a temporary nature that(a) is of such proportions or nature as to exceed the capacity or authority of a province or municipality to deal with it.(b) is caused by an actual or imminent(i) fire, flood, drought, storm, earthquake, or other natural phenomenon,(ii) disease in human beings, animals or plants,(iii) accident or pollution, or(iv) act of sabotage or terrorism. and(c) results or may result in(i) danger to the lives, health or safety of individuals,(ii) danger to property,(iii) social disruption, or(iv) a breakdown in the flow of essential goods, services or resources.""emergency response training exercise"" means an activity intended to educate or provide training related to emergency preparedness.""exhibition"" means a display of goods open to the general public.";;;;;;;N/A;;_DCA22;20240101;99991231;0;0;;;;;;
CA;99930000;20240101;99991231;EN;"Special classification provisions - commercial---Goods, not including conveyances, containers or baggage of tariff item No. 9801.10.10, 9801.10.20, 9801.10.30 or 9801.20.00, or of Chapter 89 (except when imported for the purpose of repair, overhaul, alteration, adjustment, storage, display at an exhibition of similar manufacturers, racing, testing, certification by an accredited organization, or to be employed in the production of films or commercials, or in response to an emergency or emergency response training exercise, or for in-transit movement through Canada, or as a commercial sample, or when imported by non-resident teams or athletes, or their support personnel, for their use in professional or organized amateur sports activities, or when imported by non-residents for their use in providing live entertainment such as aquatic displays), when imported on a temporary basis, on condition that (a) the goods are not sold or further manufactured or processed in Canada.(a.1) the goods are not leased except where imported for use(i) in an emergency or emergency response training exercise,(ii) on loan pending delivery of new machinery or equipment on order, or(iii) as temporary replacements for machines or other equipment previously accounted for and undergoing repairs.(b) the use of the goods is specified by the importer at the time of reporting of the goods under the Customs Act, that use is not limited or restricted by regulation, and the goods are released for that specified use.(c) the goods are imported in no greater quantity than is reasonable, in the view of the Minister of Public Safety and Emergency Preparedness ora designated customs officer, for the use specified under paragraph (b).(d) the goods are accompanied, in prescribed circumstances, by prescribed documents and by security of a nature and in an amount satisfactory to the Minister of Public Safety and Emergency Preparedness or a designated customs officer, unless otherwise provided by regulation.(e) the goods are not diverted to a use that is limited or restricted by regulation, or to a use that would preclude the goods from being classified under this tariff item. and,(f) within eighteen months of the date of the reporting of the goods under the Customs Act or within any other period prescribed for those goods, the goods are:  (i) exported from Canada and evidence, satisfactory to the Minister of Public Safety and Emergency Preparedness or a designated customs officer, of the exportation is provided to the Minister of Public Safety and Emergency Preparedness or the designated customs officer,(ii) destroyed and the destruction is certified by a customs officer or by another person designated by the Minister of Public Safety and Emergency Preparedness, or (iii) consumed or expended under prescribed circumstances.The following definitions apply to this tariff item.""accredited organization"" means an organization accredited by the Standards Council of Canada to certify that goods tested or examined by that organization meet the standards set by the Council in respect of those goods.""emergency"" means an urgent and critical situation of a temporary nature that(a) is of such proportions or nature as to exceed the capacity or authority of a province or municipality to deal with it.(b) is caused by an actual or imminent(i) fire, flood, drought, storm, earthquake, or other natural phenomenon,(ii) disease in human beings, animals or plants,(iii) accident or pollution, or(iv) act of sabotage or terrorism. and(c) results or may result in(i) danger to the lives, health or safety of individuals,(ii) danger to property,(iii) social disruption, or(iv) a breakdown in the flow of essential goods, services or resources.""emergency response training exercise"" means an activity intended to educate or provide training related to emergency preparedness.""exhibition"" means a display of goods open to the general public.";;;;;;;ES;"Special classification provisions - commercial---Goods, not including conveyances, containers or baggage of tariff item No. 9801.10.10, 9801.10.20, 9801.10.30 or 9801.20.00, or of Chapter 89 (except when imported for the purpose of repair, overhaul, alteration, adjustment, storage, display at an exhibition of similar manufacturers, racing, testing, certification by an accredited organization, or to be employed in the production of films or commercials, or in response to an emergency or emergency response training exercise, or for in-transit movement through Canada, or as a commercial sample, or when imported by non-resident teams or athletes, or their support personnel, for their use in professional or organized amateur sports activities, or when imported by non-residents for their use in providing live entertainment such as aquatic displays), when imported on a temporary basis, on condition that (a) the goods are not sold or further manufactured or processed in Canada.(a.1) the goods are not leased except where imported for use(i) in an emergency or emergency response training exercise,(ii) on loan pending delivery of new machinery or equipment on order, or(iii) as temporary replacements for machines or other equipment previously accounted for and undergoing repairs.(b) the use of the goods is specified by the importer at the time of reporting of the goods under the Customs Act, that use is not limited or restricted by regulation, and the goods are released for that specified use.(c) the goods are imported in no greater quantity than is reasonable, in the view of the Minister of Public Safety and Emergency Preparedness ora designated customs officer, for the use specified under paragraph (b).(d) the goods are accompanied, in prescribed circumstances, by prescribed documents and by security of a nature and in an amount satisfactory to the Minister of Public Safety and Emergency Preparedness or a designated customs officer, unless otherwise provided by regulation.(e) the goods are not diverted to a use that is limited or restricted by regulation, or to a use that would preclude the goods from being classified under this tariff item. and,(f) within eighteen months of the date of the reporting of the goods under the Customs Act or within any other period prescribed for those goods, the goods are:  (i) exported from Canada and evidence, satisfactory to the Minister of Public Safety and Emergency Preparedness or a designated customs officer, of the exportation is provided to the Minister of Public Safety and Emergency Preparedness or the designated customs officer,(ii) destroyed and the destruction is certified by a customs officer or by another person designated by the Minister of Public Safety and Emergency Preparedness, or (iii) consumed or expended under prescribed circumstances.The following definitions apply to this tariff item.""accredited organization"" means an organization accredited by the Standards Council of Canada to certify that goods tested or examined by that organization meet the standards set by the Council in respect of those goods.""emergency"" means an urgent and critical situation of a temporary nature that(a) is of such proportions or nature as to exceed the capacity or authority of a province or municipality to deal with it.(b) is caused by an actual or imminent(i) fire, flood, drought, storm, earthquake, or other natural phenomenon,(ii) disease in human beings, animals or plants,(iii) accident or pollution, or(iv) act of sabotage or terrorism. and(c) results or may result in(i) danger to the lives, health or safety of individuals,(ii) danger to property,(iii) social disruption, or(iv) a breakdown in the flow of essential goods, services or resources.""emergency response training exercise"" means an activity intended to educate or provide training related to emergency preparedness.""exhibition"" means a display of goods open to the general public.";;;;;;;N/A;;_DCA23;20240101;99991231;0;0;;;;;;
CA;99930000;20240101;99991231;EN;"Special classification provisions - commercial---Goods, not including conveyances, containers or baggage of tariff item No. 9801.10.10, 9801.10.20, 9801.10.30 or 9801.20.00, or of Chapter 89 (except when imported for the purpose of repair, overhaul, alteration, adjustment, storage, display at an exhibition of similar manufacturers, racing, testing, certification by an accredited organization, or to be employed in the production of films or commercials, or in response to an emergency or emergency response training exercise, or for in-transit movement through Canada, or as a commercial sample, or when imported by non-resident teams or athletes, or their support personnel, for their use in professional or organized amateur sports activities, or when imported by non-residents for their use in providing live entertainment such as aquatic displays), when imported on a temporary basis, on condition that (a) the goods are not sold or further manufactured or processed in Canada.(a.1) the goods are not leased except where imported for use(i) in an emergency or emergency response training exercise,(ii) on loan pending delivery of new machinery or equipment on order, or(iii) as temporary replacements for machines or other equipment previously accounted for and undergoing repairs.(b) the use of the goods is specified by the importer at the time of reporting of the goods under the Customs Act, that use is not limited or restricted by regulation, and the goods are released for that specified use.(c) the goods are imported in no greater quantity than is reasonable, in the view of the Minister of Public Safety and Emergency Preparedness ora designated customs officer, for the use specified under paragraph (b).(d) the goods are accompanied, in prescribed circumstances, by prescribed documents and by security of a nature and in an amount satisfactory to the Minister of Public Safety and Emergency Preparedness or a designated customs officer, unless otherwise provided by regulation.(e) the goods are not diverted to a use that is limited or restricted by regulation, or to a use that would preclude the goods from being classified under this tariff item. and,(f) within eighteen months of the date of the reporting of the goods under the Customs Act or within any other period prescribed for those goods, the goods are:  (i) exported from Canada and evidence, satisfactory to the Minister of Public Safety and Emergency Preparedness or a designated customs officer, of the exportation is provided to the Minister of Public Safety and Emergency Preparedness or the designated customs officer,(ii) destroyed and the destruction is certified by a customs officer or by another person designated by the Minister of Public Safety and Emergency Preparedness, or (iii) consumed or expended under prescribed circumstances.The following definitions apply to this tariff item.""accredited organization"" means an organization accredited by the Standards Council of Canada to certify that goods tested or examined by that organization meet the standards set by the Council in respect of those goods.""emergency"" means an urgent and critical situation of a temporary nature that(a) is of such proportions or nature as to exceed the capacity or authority of a province or municipality to deal with it.(b) is caused by an actual or imminent(i) fire, flood, drought, storm, earthquake, or other natural phenomenon,(ii) disease in human beings, animals or plants,(iii) accident or pollution, or(iv) act of sabotage or terrorism. and(c) results or may result in(i) danger to the lives, health or safety of individuals,(ii) danger to property,(iii) social disruption, or(iv) a breakdown in the flow of essential goods, services or resources.""emergency response training exercise"" means an activity intended to educate or provide training related to emergency preparedness.""exhibition"" means a display of goods open to the general public.";;;;;;;ES;"Special classification provisions - commercial---Goods, not including conveyances, containers or baggage of tariff item No. 9801.10.10, 9801.10.20, 9801.10.30 or 9801.20.00, or of Chapter 89 (except when imported for the purpose of repair, overhaul, alteration, adjustment, storage, display at an exhibition of similar manufacturers, racing, testing, certification by an accredited organization, or to be employed in the production of films or commercials, or in response to an emergency or emergency response training exercise, or for in-transit movement through Canada, or as a commercial sample, or when imported by non-resident teams or athletes, or their support personnel, for their use in professional or organized amateur sports activities, or when imported by non-residents for their use in providing live entertainment such as aquatic displays), when imported on a temporary basis, on condition that (a) the goods are not sold or further manufactured or processed in Canada.(a.1) the goods are not leased except where imported for use(i) in an emergency or emergency response training exercise,(ii) on loan pending delivery of new machinery or equipment on order, or(iii) as temporary replacements for machines or other equipment previously accounted for and undergoing repairs.(b) the use of the goods is specified by the importer at the time of reporting of the goods under the Customs Act, that use is not limited or restricted by regulation, and the goods are released for that specified use.(c) the goods are imported in no greater quantity than is reasonable, in the view of the Minister of Public Safety and Emergency Preparedness ora designated customs officer, for the use specified under paragraph (b).(d) the goods are accompanied, in prescribed circumstances, by prescribed documents and by security of a nature and in an amount satisfactory to the Minister of Public Safety and Emergency Preparedness or a designated customs officer, unless otherwise provided by regulation.(e) the goods are not diverted to a use that is limited or restricted by regulation, or to a use that would preclude the goods from being classified under this tariff item. and,(f) within eighteen months of the date of the reporting of the goods under the Customs Act or within any other period prescribed for those goods, the goods are:  (i) exported from Canada and evidence, satisfactory to the Minister of Public Safety and Emergency Preparedness or a designated customs officer, of the exportation is provided to the Minister of Public Safety and Emergency Preparedness or the designated customs officer,(ii) destroyed and the destruction is certified by a customs officer or by another person designated by the Minister of Public Safety and Emergency Preparedness, or (iii) consumed or expended under prescribed circumstances.The following definitions apply to this tariff item.""accredited organization"" means an organization accredited by the Standards Council of Canada to certify that goods tested or examined by that organization meet the standards set by the Council in respect of those goods.""emergency"" means an urgent and critical situation of a temporary nature that(a) is of such proportions or nature as to exceed the capacity or authority of a province or municipality to deal with it.(b) is caused by an actual or imminent(i) fire, flood, drought, storm, earthquake, or other natural phenomenon,(ii) disease in human beings, animals or plants,(iii) accident or pollution, or(iv) act of sabotage or terrorism. and(c) results or may result in(i) danger to the lives, health or safety of individuals,(ii) danger to property,(iii) social disruption, or(iv) a breakdown in the flow of essential goods, services or resources.""emergency response training exercise"" means an activity intended to educate or provide training related to emergency preparedness.""exhibition"" means a display of goods open to the general public.";;;;;;;N/A;;_DCA25;20240101;99991231;0;0;;;;;;
CA;99930000;20240101;99991231;EN;"Special classification provisions - commercial---Goods, not including conveyances, containers or baggage of tariff item No. 9801.10.10, 9801.10.20, 9801.10.30 or 9801.20.00, or of Chapter 89 (except when imported for the purpose of repair, overhaul, alteration, adjustment, storage, display at an exhibition of similar manufacturers, racing, testing, certification by an accredited organization, or to be employed in the production of films or commercials, or in response to an emergency or emergency response training exercise, or for in-transit movement through Canada, or as a commercial sample, or when imported by non-resident teams or athletes, or their support personnel, for their use in professional or organized amateur sports activities, or when imported by non-residents for their use in providing live entertainment such as aquatic displays), when imported on a temporary basis, on condition that (a) the goods are not sold or further manufactured or processed in Canada.(a.1) the goods are not leased except where imported for use(i) in an emergency or emergency response training exercise,(ii) on loan pending delivery of new machinery or equipment on order, or(iii) as temporary replacements for machines or other equipment previously accounted for and undergoing repairs.(b) the use of the goods is specified by the importer at the time of reporting of the goods under the Customs Act, that use is not limited or restricted by regulation, and the goods are released for that specified use.(c) the goods are imported in no greater quantity than is reasonable, in the view of the Minister of Public Safety and Emergency Preparedness ora designated customs officer, for the use specified under paragraph (b).(d) the goods are accompanied, in prescribed circumstances, by prescribed documents and by security of a nature and in an amount satisfactory to the Minister of Public Safety and Emergency Preparedness or a designated customs officer, unless otherwise provided by regulation.(e) the goods are not diverted to a use that is limited or restricted by regulation, or to a use that would preclude the goods from being classified under this tariff item. and,(f) within eighteen months of the date of the reporting of the goods under the Customs Act or within any other period prescribed for those goods, the goods are:  (i) exported from Canada and evidence, satisfactory to the Minister of Public Safety and Emergency Preparedness or a designated customs officer, of the exportation is provided to the Minister of Public Safety and Emergency Preparedness or the designated customs officer,(ii) destroyed and the destruction is certified by a customs officer or by another person designated by the Minister of Public Safety and Emergency Preparedness, or (iii) consumed or expended under prescribed circumstances.The following definitions apply to this tariff item.""accredited organization"" means an organization accredited by the Standards Council of Canada to certify that goods tested or examined by that organization meet the standards set by the Council in respect of those goods.""emergency"" means an urgent and critical situation of a temporary nature that(a) is of such proportions or nature as to exceed the capacity or authority of a province or municipality to deal with it.(b) is caused by an actual or imminent(i) fire, flood, drought, storm, earthquake, or other natural phenomenon,(ii) disease in human beings, animals or plants,(iii) accident or pollution, or(iv) act of sabotage or terrorism. and(c) results or may result in(i) danger to the lives, health or safety of individuals,(ii) danger to property,(iii) social disruption, or(iv) a breakdown in the flow of essential goods, services or resources.""emergency response training exercise"" means an activity intended to educate or provide training related to emergency preparedness.""exhibition"" means a display of goods open to the general public.";;;;;;;ES;"Special classification provisions - commercial---Goods, not including conveyances, containers or baggage of tariff item No. 9801.10.10, 9801.10.20, 9801.10.30 or 9801.20.00, or of Chapter 89 (except when imported for the purpose of repair, overhaul, alteration, adjustment, storage, display at an exhibition of similar manufacturers, racing, testing, certification by an accredited organization, or to be employed in the production of films or commercials, or in response to an emergency or emergency response training exercise, or for in-transit movement through Canada, or as a commercial sample, or when imported by non-resident teams or athletes, or their support personnel, for their use in professional or organized amateur sports activities, or when imported by non-residents for their use in providing live entertainment such as aquatic displays), when imported on a temporary basis, on condition that (a) the goods are not sold or further manufactured or processed in Canada.(a.1) the goods are not leased except where imported for use(i) in an emergency or emergency response training exercise,(ii) on loan pending delivery of new machinery or equipment on order, or(iii) as temporary replacements for machines or other equipment previously accounted for and undergoing repairs.(b) the use of the goods is specified by the importer at the time of reporting of the goods under the Customs Act, that use is not limited or restricted by regulation, and the goods are released for that specified use.(c) the goods are imported in no greater quantity than is reasonable, in the view of the Minister of Public Safety and Emergency Preparedness ora designated customs officer, for the use specified under paragraph (b).(d) the goods are accompanied, in prescribed circumstances, by prescribed documents and by security of a nature and in an amount satisfactory to the Minister of Public Safety and Emergency Preparedness or a designated customs officer, unless otherwise provided by regulation.(e) the goods are not diverted to a use that is limited or restricted by regulation, or to a use that would preclude the goods from being classified under this tariff item. and,(f) within eighteen months of the date of the reporting of the goods under the Customs Act or within any other period prescribed for those goods, the goods are:  (i) exported from Canada and evidence, satisfactory to the Minister of Public Safety and Emergency Preparedness or a designated customs officer, of the exportation is provided to the Minister of Public Safety and Emergency Preparedness or the designated customs officer,(ii) destroyed and the destruction is certified by a customs officer or by another person designated by the Minister of Public Safety and Emergency Preparedness, or (iii) consumed or expended under prescribed circumstances.The following definitions apply to this tariff item.""accredited organization"" means an organization accredited by the Standards Council of Canada to certify that goods tested or examined by that organization meet the standards set by the Council in respect of those goods.""emergency"" means an urgent and critical situation of a temporary nature that(a) is of such proportions or nature as to exceed the capacity or authority of a province or municipality to deal with it.(b) is caused by an actual or imminent(i) fire, flood, drought, storm, earthquake, or other natural phenomenon,(ii) disease in human beings, animals or plants,(iii) accident or pollution, or(iv) act of sabotage or terrorism. and(c) results or may result in(i) danger to the lives, health or safety of individuals,(ii) danger to property,(iii) social disruption, or(iv) a breakdown in the flow of essential goods, services or resources.""emergency response training exercise"" means an activity intended to educate or provide training related to emergency preparedness.""exhibition"" means a display of goods open to the general public.";;;;;;;N/A;;_DCA26;20240101;99991231;0;0;;;;;;
CA;99930000;20240101;99991231;EN;"Special classification provisions - commercial---Goods, not including conveyances, containers or baggage of tariff item No. 9801.10.10, 9801.10.20, 9801.10.30 or 9801.20.00, or of Chapter 89 (except when imported for the purpose of repair, overhaul, alteration, adjustment, storage, display at an exhibition of similar manufacturers, racing, testing, certification by an accredited organization, or to be employed in the production of films or commercials, or in response to an emergency or emergency response training exercise, or for in-transit movement through Canada, or as a commercial sample, or when imported by non-resident teams or athletes, or their support personnel, for their use in professional or organized amateur sports activities, or when imported by non-residents for their use in providing live entertainment such as aquatic displays), when imported on a temporary basis, on condition that (a) the goods are not sold or further manufactured or processed in Canada.(a.1) the goods are not leased except where imported for use(i) in an emergency or emergency response training exercise,(ii) on loan pending delivery of new machinery or equipment on order, or(iii) as temporary replacements for machines or other equipment previously accounted for and undergoing repairs.(b) the use of the goods is specified by the importer at the time of reporting of the goods under the Customs Act, that use is not limited or restricted by regulation, and the goods are released for that specified use.(c) the goods are imported in no greater quantity than is reasonable, in the view of the Minister of Public Safety and Emergency Preparedness ora designated customs officer, for the use specified under paragraph (b).(d) the goods are accompanied, in prescribed circumstances, by prescribed documents and by security of a nature and in an amount satisfactory to the Minister of Public Safety and Emergency Preparedness or a designated customs officer, unless otherwise provided by regulation.(e) the goods are not diverted to a use that is limited or restricted by regulation, or to a use that would preclude the goods from being classified under this tariff item. and,(f) within eighteen months of the date of the reporting of the goods under the Customs Act or within any other period prescribed for those goods, the goods are:  (i) exported from Canada and evidence, satisfactory to the Minister of Public Safety and Emergency Preparedness or a designated customs officer, of the exportation is provided to the Minister of Public Safety and Emergency Preparedness or the designated customs officer,(ii) destroyed and the destruction is certified by a customs officer or by another person designated by the Minister of Public Safety and Emergency Preparedness, or (iii) consumed or expended under prescribed circumstances.The following definitions apply to this tariff item.""accredited organization"" means an organization accredited by the Standards Council of Canada to certify that goods tested or examined by that organization meet the standards set by the Council in respect of those goods.""emergency"" means an urgent and critical situation of a temporary nature that(a) is of such proportions or nature as to exceed the capacity or authority of a province or municipality to deal with it.(b) is caused by an actual or imminent(i) fire, flood, drought, storm, earthquake, or other natural phenomenon,(ii) disease in human beings, animals or plants,(iii) accident or pollution, or(iv) act of sabotage or terrorism. and(c) results or may result in(i) danger to the lives, health or safety of individuals,(ii) danger to property,(iii) social disruption, or(iv) a breakdown in the flow of essential goods, services or resources.""emergency response training exercise"" means an activity intended to educate or provide training related to emergency preparedness.""exhibition"" means a display of goods open to the general public.";;;;;;;ES;"Special classification provisions - commercial---Goods, not including conveyances, containers or baggage of tariff item No. 9801.10.10, 9801.10.20, 9801.10.30 or 9801.20.00, or of Chapter 89 (except when imported for the purpose of repair, overhaul, alteration, adjustment, storage, display at an exhibition of similar manufacturers, racing, testing, certification by an accredited organization, or to be employed in the production of films or commercials, or in response to an emergency or emergency response training exercise, or for in-transit movement through Canada, or as a commercial sample, or when imported by non-resident teams or athletes, or their support personnel, for their use in professional or organized amateur sports activities, or when imported by non-residents for their use in providing live entertainment such as aquatic displays), when imported on a temporary basis, on condition that (a) the goods are not sold or further manufactured or processed in Canada.(a.1) the goods are not leased except where imported for use(i) in an emergency or emergency response training exercise,(ii) on loan pending delivery of new machinery or equipment on order, or(iii) as temporary replacements for machines or other equipment previously accounted for and undergoing repairs.(b) the use of the goods is specified by the importer at the time of reporting of the goods under the Customs Act, that use is not limited or restricted by regulation, and the goods are released for that specified use.(c) the goods are imported in no greater quantity than is reasonable, in the view of the Minister of Public Safety and Emergency Preparedness ora designated customs officer, for the use specified under paragraph (b).(d) the goods are accompanied, in prescribed circumstances, by prescribed documents and by security of a nature and in an amount satisfactory to the Minister of Public Safety and Emergency Preparedness or a designated customs officer, unless otherwise provided by regulation.(e) the goods are not diverted to a use that is limited or restricted by regulation, or to a use that would preclude the goods from being classified under this tariff item. and,(f) within eighteen months of the date of the reporting of the goods under the Customs Act or within any other period prescribed for those goods, the goods are:  (i) exported from Canada and evidence, satisfactory to the Minister of Public Safety and Emergency Preparedness or a designated customs officer, of the exportation is provided to the Minister of Public Safety and Emergency Preparedness or the designated customs officer,(ii) destroyed and the destruction is certified by a customs officer or by another person designated by the Minister of Public Safety and Emergency Preparedness, or (iii) consumed or expended under prescribed circumstances.The following definitions apply to this tariff item.""accredited organization"" means an organization accredited by the Standards Council of Canada to certify that goods tested or examined by that organization meet the standards set by the Council in respect of those goods.""emergency"" means an urgent and critical situation of a temporary nature that(a) is of such proportions or nature as to exceed the capacity or authority of a province or municipality to deal with it.(b) is caused by an actual or imminent(i) fire, flood, drought, storm, earthquake, or other natural phenomenon,(ii) disease in human beings, animals or plants,(iii) accident or pollution, or(iv) act of sabotage or terrorism. and(c) results or may result in(i) danger to the lives, health or safety of individuals,(ii) danger to property,(iii) social disruption, or(iv) a breakdown in the flow of essential goods, services or resources.""emergency response training exercise"" means an activity intended to educate or provide training related to emergency preparedness.""exhibition"" means a display of goods open to the general public.";;;;;;;N/A;;_DCA27;20240101;99991231;0;0;;;;;;
CA;99930000;20240101;99991231;EN;"Special classification provisions - commercial---Goods, not including conveyances, containers or baggage of tariff item No. 9801.10.10, 9801.10.20, 9801.10.30 or 9801.20.00, or of Chapter 89 (except when imported for the purpose of repair, overhaul, alteration, adjustment, storage, display at an exhibition of similar manufacturers, racing, testing, certification by an accredited organization, or to be employed in the production of films or commercials, or in response to an emergency or emergency response training exercise, or for in-transit movement through Canada, or as a commercial sample, or when imported by non-resident teams or athletes, or their support personnel, for their use in professional or organized amateur sports activities, or when imported by non-residents for their use in providing live entertainment such as aquatic displays), when imported on a temporary basis, on condition that (a) the goods are not sold or further manufactured or processed in Canada.(a.1) the goods are not leased except where imported for use(i) in an emergency or emergency response training exercise,(ii) on loan pending delivery of new machinery or equipment on order, or(iii) as temporary replacements for machines or other equipment previously accounted for and undergoing repairs.(b) the use of the goods is specified by the importer at the time of reporting of the goods under the Customs Act, that use is not limited or restricted by regulation, and the goods are released for that specified use.(c) the goods are imported in no greater quantity than is reasonable, in the view of the Minister of Public Safety and Emergency Preparedness ora designated customs officer, for the use specified under paragraph (b).(d) the goods are accompanied, in prescribed circumstances, by prescribed documents and by security of a nature and in an amount satisfactory to the Minister of Public Safety and Emergency Preparedness or a designated customs officer, unless otherwise provided by regulation.(e) the goods are not diverted to a use that is limited or restricted by regulation, or to a use that would preclude the goods from being classified under this tariff item. and,(f) within eighteen months of the date of the reporting of the goods under the Customs Act or within any other period prescribed for those goods, the goods are:  (i) exported from Canada and evidence, satisfactory to the Minister of Public Safety and Emergency Preparedness or a designated customs officer, of the exportation is provided to the Minister of Public Safety and Emergency Preparedness or the designated customs officer,(ii) destroyed and the destruction is certified by a customs officer or by another person designated by the Minister of Public Safety and Emergency Preparedness, or (iii) consumed or expended under prescribed circumstances.The following definitions apply to this tariff item.""accredited organization"" means an organization accredited by the Standards Council of Canada to certify that goods tested or examined by that organization meet the standards set by the Council in respect of those goods.""emergency"" means an urgent and critical situation of a temporary nature that(a) is of such proportions or nature as to exceed the capacity or authority of a province or municipality to deal with it.(b) is caused by an actual or imminent(i) fire, flood, drought, storm, earthquake, or other natural phenomenon,(ii) disease in human beings, animals or plants,(iii) accident or pollution, or(iv) act of sabotage or terrorism. and(c) results or may result in(i) danger to the lives, health or safety of individuals,(ii) danger to property,(iii) social disruption, or(iv) a breakdown in the flow of essential goods, services or resources.""emergency response training exercise"" means an activity intended to educate or provide training related to emergency preparedness.""exhibition"" means a display of goods open to the general public.";;;;;;;ES;"Special classification provisions - commercial---Goods, not including conveyances, containers or baggage of tariff item No. 9801.10.10, 9801.10.20, 9801.10.30 or 9801.20.00, or of Chapter 89 (except when imported for the purpose of repair, overhaul, alteration, adjustment, storage, display at an exhibition of similar manufacturers, racing, testing, certification by an accredited organization, or to be employed in the production of films or commercials, or in response to an emergency or emergency response training exercise, or for in-transit movement through Canada, or as a commercial sample, or when imported by non-resident teams or athletes, or their support personnel, for their use in professional or organized amateur sports activities, or when imported by non-residents for their use in providing live entertainment such as aquatic displays), when imported on a temporary basis, on condition that (a) the goods are not sold or further manufactured or processed in Canada.(a.1) the goods are not leased except where imported for use(i) in an emergency or emergency response training exercise,(ii) on loan pending delivery of new machinery or equipment on order, or(iii) as temporary replacements for machines or other equipment previously accounted for and undergoing repairs.(b) the use of the goods is specified by the importer at the time of reporting of the goods under the Customs Act, that use is not limited or restricted by regulation, and the goods are released for that specified use.(c) the goods are imported in no greater quantity than is reasonable, in the view of the Minister of Public Safety and Emergency Preparedness ora designated customs officer, for the use specified under paragraph (b).(d) the goods are accompanied, in prescribed circumstances, by prescribed documents and by security of a nature and in an amount satisfactory to the Minister of Public Safety and Emergency Preparedness or a designated customs officer, unless otherwise provided by regulation.(e) the goods are not diverted to a use that is limited or restricted by regulation, or to a use that would preclude the goods from being classified under this tariff item. and,(f) within eighteen months of the date of the reporting of the goods under the Customs Act or within any other period prescribed for those goods, the goods are:  (i) exported from Canada and evidence, satisfactory to the Minister of Public Safety and Emergency Preparedness or a designated customs officer, of the exportation is provided to the Minister of Public Safety and Emergency Preparedness or the designated customs officer,(ii) destroyed and the destruction is certified by a customs officer or by another person designated by the Minister of Public Safety and Emergency Preparedness, or (iii) consumed or expended under prescribed circumstances.The following definitions apply to this tariff item.""accredited organization"" means an organization accredited by the Standards Council of Canada to certify that goods tested or examined by that organization meet the standards set by the Council in respect of those goods.""emergency"" means an urgent and critical situation of a temporary nature that(a) is of such proportions or nature as to exceed the capacity or authority of a province or municipality to deal with it.(b) is caused by an actual or imminent(i) fire, flood, drought, storm, earthquake, or other natural phenomenon,(ii) disease in human beings, animals or plants,(iii) accident or pollution, or(iv) act of sabotage or terrorism. and(c) results or may result in(i) danger to the lives, health or safety of individuals,(ii) danger to property,(iii) social disruption, or(iv) a breakdown in the flow of essential goods, services or resources.""emergency response training exercise"" means an activity intended to educate or provide training related to emergency preparedness.""exhibition"" means a display of goods open to the general public.";;;;;;;N/A;;_DCA28;20240101;99991231;0;0;;;;;;
CA;99930000;20240101;99991231;EN;"Special classification provisions - commercial---Goods, not including conveyances, containers or baggage of tariff item No. 9801.10.10, 9801.10.20, 9801.10.30 or 9801.20.00, or of Chapter 89 (except when imported for the purpose of repair, overhaul, alteration, adjustment, storage, display at an exhibition of similar manufacturers, racing, testing, certification by an accredited organization, or to be employed in the production of films or commercials, or in response to an emergency or emergency response training exercise, or for in-transit movement through Canada, or as a commercial sample, or when imported by non-resident teams or athletes, or their support personnel, for their use in professional or organized amateur sports activities, or when imported by non-residents for their use in providing live entertainment such as aquatic displays), when imported on a temporary basis, on condition that (a) the goods are not sold or further manufactured or processed in Canada.(a.1) the goods are not leased except where imported for use(i) in an emergency or emergency response training exercise,(ii) on loan pending delivery of new machinery or equipment on order, or(iii) as temporary replacements for machines or other equipment previously accounted for and undergoing repairs.(b) the use of the goods is specified by the importer at the time of reporting of the goods under the Customs Act, that use is not limited or restricted by regulation, and the goods are released for that specified use.(c) the goods are imported in no greater quantity than is reasonable, in the view of the Minister of Public Safety and Emergency Preparedness ora designated customs officer, for the use specified under paragraph (b).(d) the goods are accompanied, in prescribed circumstances, by prescribed documents and by security of a nature and in an amount satisfactory to the Minister of Public Safety and Emergency Preparedness or a designated customs officer, unless otherwise provided by regulation.(e) the goods are not diverted to a use that is limited or restricted by regulation, or to a use that would preclude the goods from being classified under this tariff item. and,(f) within eighteen months of the date of the reporting of the goods under the Customs Act or within any other period prescribed for those goods, the goods are:  (i) exported from Canada and evidence, satisfactory to the Minister of Public Safety and Emergency Preparedness or a designated customs officer, of the exportation is provided to the Minister of Public Safety and Emergency Preparedness or the designated customs officer,(ii) destroyed and the destruction is certified by a customs officer or by another person designated by the Minister of Public Safety and Emergency Preparedness, or (iii) consumed or expended under prescribed circumstances.The following definitions apply to this tariff item.""accredited organization"" means an organization accredited by the Standards Council of Canada to certify that goods tested or examined by that organization meet the standards set by the Council in respect of those goods.""emergency"" means an urgent and critical situation of a temporary nature that(a) is of such proportions or nature as to exceed the capacity or authority of a province or municipality to deal with it.(b) is caused by an actual or imminent(i) fire, flood, drought, storm, earthquake, or other natural phenomenon,(ii) disease in human beings, animals or plants,(iii) accident or pollution, or(iv) act of sabotage or terrorism. and(c) results or may result in(i) danger to the lives, health or safety of individuals,(ii) danger to property,(iii) social disruption, or(iv) a breakdown in the flow of essential goods, services or resources.""emergency response training exercise"" means an activity intended to educate or provide training related to emergency preparedness.""exhibition"" means a display of goods open to the general public.";;;;;;;ES;"Special classification provisions - commercial---Goods, not including conveyances, containers or baggage of tariff item No. 9801.10.10, 9801.10.20, 9801.10.30 or 9801.20.00, or of Chapter 89 (except when imported for the purpose of repair, overhaul, alteration, adjustment, storage, display at an exhibition of similar manufacturers, racing, testing, certification by an accredited organization, or to be employed in the production of films or commercials, or in response to an emergency or emergency response training exercise, or for in-transit movement through Canada, or as a commercial sample, or when imported by non-resident teams or athletes, or their support personnel, for their use in professional or organized amateur sports activities, or when imported by non-residents for their use in providing live entertainment such as aquatic displays), when imported on a temporary basis, on condition that (a) the goods are not sold or further manufactured or processed in Canada.(a.1) the goods are not leased except where imported for use(i) in an emergency or emergency response training exercise,(ii) on loan pending delivery of new machinery or equipment on order, or(iii) as temporary replacements for machines or other equipment previously accounted for and undergoing repairs.(b) the use of the goods is specified by the importer at the time of reporting of the goods under the Customs Act, that use is not limited or restricted by regulation, and the goods are released for that specified use.(c) the goods are imported in no greater quantity than is reasonable, in the view of the Minister of Public Safety and Emergency Preparedness ora designated customs officer, for the use specified under paragraph (b).(d) the goods are accompanied, in prescribed circumstances, by prescribed documents and by security of a nature and in an amount satisfactory to the Minister of Public Safety and Emergency Preparedness or a designated customs officer, unless otherwise provided by regulation.(e) the goods are not diverted to a use that is limited or restricted by regulation, or to a use that would preclude the goods from being classified under this tariff item. and,(f) within eighteen months of the date of the reporting of the goods under the Customs Act or within any other period prescribed for those goods, the goods are:  (i) exported from Canada and evidence, satisfactory to the Minister of Public Safety and Emergency Preparedness or a designated customs officer, of the exportation is provided to the Minister of Public Safety and Emergency Preparedness or the designated customs officer,(ii) destroyed and the destruction is certified by a customs officer or by another person designated by the Minister of Public Safety and Emergency Preparedness, or (iii) consumed or expended under prescribed circumstances.The following definitions apply to this tariff item.""accredited organization"" means an organization accredited by the Standards Council of Canada to certify that goods tested or examined by that organization meet the standards set by the Council in respect of those goods.""emergency"" means an urgent and critical situation of a temporary nature that(a) is of such proportions or nature as to exceed the capacity or authority of a province or municipality to deal with it.(b) is caused by an actual or imminent(i) fire, flood, drought, storm, earthquake, or other natural phenomenon,(ii) disease in human beings, animals or plants,(iii) accident or pollution, or(iv) act of sabotage or terrorism. and(c) results or may result in(i) danger to the lives, health or safety of individuals,(ii) danger to property,(iii) social disruption, or(iv) a breakdown in the flow of essential goods, services or resources.""emergency response training exercise"" means an activity intended to educate or provide training related to emergency preparedness.""exhibition"" means a display of goods open to the general public.";;;;;;;N/A;;_DCA3;20240101;99991231;0;0;;;;;;
CA;99930000;20240101;99991231;EN;"Special classification provisions - commercial---Goods, not including conveyances, containers or baggage of tariff item No. 9801.10.10, 9801.10.20, 9801.10.30 or 9801.20.00, or of Chapter 89 (except when imported for the purpose of repair, overhaul, alteration, adjustment, storage, display at an exhibition of similar manufacturers, racing, testing, certification by an accredited organization, or to be employed in the production of films or commercials, or in response to an emergency or emergency response training exercise, or for in-transit movement through Canada, or as a commercial sample, or when imported by non-resident teams or athletes, or their support personnel, for their use in professional or organized amateur sports activities, or when imported by non-residents for their use in providing live entertainment such as aquatic displays), when imported on a temporary basis, on condition that (a) the goods are not sold or further manufactured or processed in Canada.(a.1) the goods are not leased except where imported for use(i) in an emergency or emergency response training exercise,(ii) on loan pending delivery of new machinery or equipment on order, or(iii) as temporary replacements for machines or other equipment previously accounted for and undergoing repairs.(b) the use of the goods is specified by the importer at the time of reporting of the goods under the Customs Act, that use is not limited or restricted by regulation, and the goods are released for that specified use.(c) the goods are imported in no greater quantity than is reasonable, in the view of the Minister of Public Safety and Emergency Preparedness ora designated customs officer, for the use specified under paragraph (b).(d) the goods are accompanied, in prescribed circumstances, by prescribed documents and by security of a nature and in an amount satisfactory to the Minister of Public Safety and Emergency Preparedness or a designated customs officer, unless otherwise provided by regulation.(e) the goods are not diverted to a use that is limited or restricted by regulation, or to a use that would preclude the goods from being classified under this tariff item. and,(f) within eighteen months of the date of the reporting of the goods under the Customs Act or within any other period prescribed for those goods, the goods are:  (i) exported from Canada and evidence, satisfactory to the Minister of Public Safety and Emergency Preparedness or a designated customs officer, of the exportation is provided to the Minister of Public Safety and Emergency Preparedness or the designated customs officer,(ii) destroyed and the destruction is certified by a customs officer or by another person designated by the Minister of Public Safety and Emergency Preparedness, or (iii) consumed or expended under prescribed circumstances.The following definitions apply to this tariff item.""accredited organization"" means an organization accredited by the Standards Council of Canada to certify that goods tested or examined by that organization meet the standards set by the Council in respect of those goods.""emergency"" means an urgent and critical situation of a temporary nature that(a) is of such proportions or nature as to exceed the capacity or authority of a province or municipality to deal with it.(b) is caused by an actual or imminent(i) fire, flood, drought, storm, earthquake, or other natural phenomenon,(ii) disease in human beings, animals or plants,(iii) accident or pollution, or(iv) act of sabotage or terrorism. and(c) results or may result in(i) danger to the lives, health or safety of individuals,(ii) danger to property,(iii) social disruption, or(iv) a breakdown in the flow of essential goods, services or resources.""emergency response training exercise"" means an activity intended to educate or provide training related to emergency preparedness.""exhibition"" means a display of goods open to the general public.";;;;;;;ES;"Special classification provisions - commercial---Goods, not including conveyances, containers or baggage of tariff item No. 9801.10.10, 9801.10.20, 9801.10.30 or 9801.20.00, or of Chapter 89 (except when imported for the purpose of repair, overhaul, alteration, adjustment, storage, display at an exhibition of similar manufacturers, racing, testing, certification by an accredited organization, or to be employed in the production of films or commercials, or in response to an emergency or emergency response training exercise, or for in-transit movement through Canada, or as a commercial sample, or when imported by non-resident teams or athletes, or their support personnel, for their use in professional or organized amateur sports activities, or when imported by non-residents for their use in providing live entertainment such as aquatic displays), when imported on a temporary basis, on condition that (a) the goods are not sold or further manufactured or processed in Canada.(a.1) the goods are not leased except where imported for use(i) in an emergency or emergency response training exercise,(ii) on loan pending delivery of new machinery or equipment on order, or(iii) as temporary replacements for machines or other equipment previously accounted for and undergoing repairs.(b) the use of the goods is specified by the importer at the time of reporting of the goods under the Customs Act, that use is not limited or restricted by regulation, and the goods are released for that specified use.(c) the goods are imported in no greater quantity than is reasonable, in the view of the Minister of Public Safety and Emergency Preparedness ora designated customs officer, for the use specified under paragraph (b).(d) the goods are accompanied, in prescribed circumstances, by prescribed documents and by security of a nature and in an amount satisfactory to the Minister of Public Safety and Emergency Preparedness or a designated customs officer, unless otherwise provided by regulation.(e) the goods are not diverted to a use that is limited or restricted by regulation, or to a use that would preclude the goods from being classified under this tariff item. and,(f) within eighteen months of the date of the reporting of the goods under the Customs Act or within any other period prescribed for those goods, the goods are:  (i) exported from Canada and evidence, satisfactory to the Minister of Public Safety and Emergency Preparedness or a designated customs officer, of the exportation is provided to the Minister of Public Safety and Emergency Preparedness or the designated customs officer,(ii) destroyed and the destruction is certified by a customs officer or by another person designated by the Minister of Public Safety and Emergency Preparedness, or (iii) consumed or expended under prescribed circumstances.The following definitions apply to this tariff item.""accredited organization"" means an organization accredited by the Standards Council of Canada to certify that goods tested or examined by that organization meet the standards set by the Council in respect of those goods.""emergency"" means an urgent and critical situation of a temporary nature that(a) is of such proportions or nature as to exceed the capacity or authority of a province or municipality to deal with it.(b) is caused by an actual or imminent(i) fire, flood, drought, storm, earthquake, or other natural phenomenon,(ii) disease in human beings, animals or plants,(iii) accident or pollution, or(iv) act of sabotage or terrorism. and(c) results or may result in(i) danger to the lives, health or safety of individuals,(ii) danger to property,(iii) social disruption, or(iv) a breakdown in the flow of essential goods, services or resources.""emergency response training exercise"" means an activity intended to educate or provide training related to emergency preparedness.""exhibition"" means a display of goods open to the general public.";;;;;;;N/A;;_DCA33;20240101;99991231;0;0;;;;;;
CA;99930000;20240101;99991231;EN;"Special classification provisions - commercial---Goods, not including conveyances, containers or baggage of tariff item No. 9801.10.10, 9801.10.20, 9801.10.30 or 9801.20.00, or of Chapter 89 (except when imported for the purpose of repair, overhaul, alteration, adjustment, storage, display at an exhibition of similar manufacturers, racing, testing, certification by an accredited organization, or to be employed in the production of films or commercials, or in response to an emergency or emergency response training exercise, or for in-transit movement through Canada, or as a commercial sample, or when imported by non-resident teams or athletes, or their support personnel, for their use in professional or organized amateur sports activities, or when imported by non-residents for their use in providing live entertainment such as aquatic displays), when imported on a temporary basis, on condition that (a) the goods are not sold or further manufactured or processed in Canada.(a.1) the goods are not leased except where imported for use(i) in an emergency or emergency response training exercise,(ii) on loan pending delivery of new machinery or equipment on order, or(iii) as temporary replacements for machines or other equipment previously accounted for and undergoing repairs.(b) the use of the goods is specified by the importer at the time of reporting of the goods under the Customs Act, that use is not limited or restricted by regulation, and the goods are released for that specified use.(c) the goods are imported in no greater quantity than is reasonable, in the view of the Minister of Public Safety and Emergency Preparedness ora designated customs officer, for the use specified under paragraph (b).(d) the goods are accompanied, in prescribed circumstances, by prescribed documents and by security of a nature and in an amount satisfactory to the Minister of Public Safety and Emergency Preparedness or a designated customs officer, unless otherwise provided by regulation.(e) the goods are not diverted to a use that is limited or restricted by regulation, or to a use that would preclude the goods from being classified under this tariff item. and,(f) within eighteen months of the date of the reporting of the goods under the Customs Act or within any other period prescribed for those goods, the goods are:  (i) exported from Canada and evidence, satisfactory to the Minister of Public Safety and Emergency Preparedness or a designated customs officer, of the exportation is provided to the Minister of Public Safety and Emergency Preparedness or the designated customs officer,(ii) destroyed and the destruction is certified by a customs officer or by another person designated by the Minister of Public Safety and Emergency Preparedness, or (iii) consumed or expended under prescribed circumstances.The following definitions apply to this tariff item.""accredited organization"" means an organization accredited by the Standards Council of Canada to certify that goods tested or examined by that organization meet the standards set by the Council in respect of those goods.""emergency"" means an urgent and critical situation of a temporary nature that(a) is of such proportions or nature as to exceed the capacity or authority of a province or municipality to deal with it.(b) is caused by an actual or imminent(i) fire, flood, drought, storm, earthquake, or other natural phenomenon,(ii) disease in human beings, animals or plants,(iii) accident or pollution, or(iv) act of sabotage or terrorism. and(c) results or may result in(i) danger to the lives, health or safety of individuals,(ii) danger to property,(iii) social disruption, or(iv) a breakdown in the flow of essential goods, services or resources.""emergency response training exercise"" means an activity intended to educate or provide training related to emergency preparedness.""exhibition"" means a display of goods open to the general public.";;;;;;;ES;"Special classification provisions - commercial---Goods, not including conveyances, containers or baggage of tariff item No. 9801.10.10, 9801.10.20, 9801.10.30 or 9801.20.00, or of Chapter 89 (except when imported for the purpose of repair, overhaul, alteration, adjustment, storage, display at an exhibition of similar manufacturers, racing, testing, certification by an accredited organization, or to be employed in the production of films or commercials, or in response to an emergency or emergency response training exercise, or for in-transit movement through Canada, or as a commercial sample, or when imported by non-resident teams or athletes, or their support personnel, for their use in professional or organized amateur sports activities, or when imported by non-residents for their use in providing live entertainment such as aquatic displays), when imported on a temporary basis, on condition that (a) the goods are not sold or further manufactured or processed in Canada.(a.1) the goods are not leased except where imported for use(i) in an emergency or emergency response training exercise,(ii) on loan pending delivery of new machinery or equipment on order, or(iii) as temporary replacements for machines or other equipment previously accounted for and undergoing repairs.(b) the use of the goods is specified by the importer at the time of reporting of the goods under the Customs Act, that use is not limited or restricted by regulation, and the goods are released for that specified use.(c) the goods are imported in no greater quantity than is reasonable, in the view of the Minister of Public Safety and Emergency Preparedness ora designated customs officer, for the use specified under paragraph (b).(d) the goods are accompanied, in prescribed circumstances, by prescribed documents and by security of a nature and in an amount satisfactory to the Minister of Public Safety and Emergency Preparedness or a designated customs officer, unless otherwise provided by regulation.(e) the goods are not diverted to a use that is limited or restricted by regulation, or to a use that would preclude the goods from being classified under this tariff item. and,(f) within eighteen months of the date of the reporting of the goods under the Customs Act or within any other period prescribed for those goods, the goods are:  (i) exported from Canada and evidence, satisfactory to the Minister of Public Safety and Emergency Preparedness or a designated customs officer, of the exportation is provided to the Minister of Public Safety and Emergency Preparedness or the designated customs officer,(ii) destroyed and the destruction is certified by a customs officer or by another person designated by the Minister of Public Safety and Emergency Preparedness, or (iii) consumed or expended under prescribed circumstances.The following definitions apply to this tariff item.""accredited organization"" means an organization accredited by the Standards Council of Canada to certify that goods tested or examined by that organization meet the standards set by the Council in respect of those goods.""emergency"" means an urgent and critical situation of a temporary nature that(a) is of such proportions or nature as to exceed the capacity or authority of a province or municipality to deal with it.(b) is caused by an actual or imminent(i) fire, flood, drought, storm, earthquake, or other natural phenomenon,(ii) disease in human beings, animals or plants,(iii) accident or pollution, or(iv) act of sabotage or terrorism. and(c) results or may result in(i) danger to the lives, health or safety of individuals,(ii) danger to property,(iii) social disruption, or(iv) a breakdown in the flow of essential goods, services or resources.""emergency response training exercise"" means an activity intended to educate or provide training related to emergency preparedness.""exhibition"" means a display of goods open to the general public.";;;;;;;N/A;;_DCA34;20240101;99991231;0;0;;;;;;
CA;99930000;20240101;99991231;EN;"Special classification provisions - commercial---Goods, not including conveyances, containers or baggage of tariff item No. 9801.10.10, 9801.10.20, 9801.10.30 or 9801.20.00, or of Chapter 89 (except when imported for the purpose of repair, overhaul, alteration, adjustment, storage, display at an exhibition of similar manufacturers, racing, testing, certification by an accredited organization, or to be employed in the production of films or commercials, or in response to an emergency or emergency response training exercise, or for in-transit movement through Canada, or as a commercial sample, or when imported by non-resident teams or athletes, or their support personnel, for their use in professional or organized amateur sports activities, or when imported by non-residents for their use in providing live entertainment such as aquatic displays), when imported on a temporary basis, on condition that (a) the goods are not sold or further manufactured or processed in Canada.(a.1) the goods are not leased except where imported for use(i) in an emergency or emergency response training exercise,(ii) on loan pending delivery of new machinery or equipment on order, or(iii) as temporary replacements for machines or other equipment previously accounted for and undergoing repairs.(b) the use of the goods is specified by the importer at the time of reporting of the goods under the Customs Act, that use is not limited or restricted by regulation, and the goods are released for that specified use.(c) the goods are imported in no greater quantity than is reasonable, in the view of the Minister of Public Safety and Emergency Preparedness ora designated customs officer, for the use specified under paragraph (b).(d) the goods are accompanied, in prescribed circumstances, by prescribed documents and by security of a nature and in an amount satisfactory to the Minister of Public Safety and Emergency Preparedness or a designated customs officer, unless otherwise provided by regulation.(e) the goods are not diverted to a use that is limited or restricted by regulation, or to a use that would preclude the goods from being classified under this tariff item. and,(f) within eighteen months of the date of the reporting of the goods under the Customs Act or within any other period prescribed for those goods, the goods are:  (i) exported from Canada and evidence, satisfactory to the Minister of Public Safety and Emergency Preparedness or a designated customs officer, of the exportation is provided to the Minister of Public Safety and Emergency Preparedness or the designated customs officer,(ii) destroyed and the destruction is certified by a customs officer or by another person designated by the Minister of Public Safety and Emergency Preparedness, or (iii) consumed or expended under prescribed circumstances.The following definitions apply to this tariff item.""accredited organization"" means an organization accredited by the Standards Council of Canada to certify that goods tested or examined by that organization meet the standards set by the Council in respect of those goods.""emergency"" means an urgent and critical situation of a temporary nature that(a) is of such proportions or nature as to exceed the capacity or authority of a province or municipality to deal with it.(b) is caused by an actual or imminent(i) fire, flood, drought, storm, earthquake, or other natural phenomenon,(ii) disease in human beings, animals or plants,(iii) accident or pollution, or(iv) act of sabotage or terrorism. and(c) results or may result in(i) danger to the lives, health or safety of individuals,(ii) danger to property,(iii) social disruption, or(iv) a breakdown in the flow of essential goods, services or resources.""emergency response training exercise"" means an activity intended to educate or provide training related to emergency preparedness.""exhibition"" means a display of goods open to the general public.";;;;;;;ES;"Special classification provisions - commercial---Goods, not including conveyances, containers or baggage of tariff item No. 9801.10.10, 9801.10.20, 9801.10.30 or 9801.20.00, or of Chapter 89 (except when imported for the purpose of repair, overhaul, alteration, adjustment, storage, display at an exhibition of similar manufacturers, racing, testing, certification by an accredited organization, or to be employed in the production of films or commercials, or in response to an emergency or emergency response training exercise, or for in-transit movement through Canada, or as a commercial sample, or when imported by non-resident teams or athletes, or their support personnel, for their use in professional or organized amateur sports activities, or when imported by non-residents for their use in providing live entertainment such as aquatic displays), when imported on a temporary basis, on condition that (a) the goods are not sold or further manufactured or processed in Canada.(a.1) the goods are not leased except where imported for use(i) in an emergency or emergency response training exercise,(ii) on loan pending delivery of new machinery or equipment on order, or(iii) as temporary replacements for machines or other equipment previously accounted for and undergoing repairs.(b) the use of the goods is specified by the importer at the time of reporting of the goods under the Customs Act, that use is not limited or restricted by regulation, and the goods are released for that specified use.(c) the goods are imported in no greater quantity than is reasonable, in the view of the Minister of Public Safety and Emergency Preparedness ora designated customs officer, for the use specified under paragraph (b).(d) the goods are accompanied, in prescribed circumstances, by prescribed documents and by security of a nature and in an amount satisfactory to the Minister of Public Safety and Emergency Preparedness or a designated customs officer, unless otherwise provided by regulation.(e) the goods are not diverted to a use that is limited or restricted by regulation, or to a use that would preclude the goods from being classified under this tariff item. and,(f) within eighteen months of the date of the reporting of the goods under the Customs Act or within any other period prescribed for those goods, the goods are:  (i) exported from Canada and evidence, satisfactory to the Minister of Public Safety and Emergency Preparedness or a designated customs officer, of the exportation is provided to the Minister of Public Safety and Emergency Preparedness or the designated customs officer,(ii) destroyed and the destruction is certified by a customs officer or by another person designated by the Minister of Public Safety and Emergency Preparedness, or (iii) consumed or expended under prescribed circumstances.The following definitions apply to this tariff item.""accredited organization"" means an organization accredited by the Standards Council of Canada to certify that goods tested or examined by that organization meet the standards set by the Council in respect of those goods.""emergency"" means an urgent and critical situation of a temporary nature that(a) is of such proportions or nature as to exceed the capacity or authority of a province or municipality to deal with it.(b) is caused by an actual or imminent(i) fire, flood, drought, storm, earthquake, or other natural phenomenon,(ii) disease in human beings, animals or plants,(iii) accident or pollution, or(iv) act of sabotage or terrorism. and(c) results or may result in(i) danger to the lives, health or safety of individuals,(ii) danger to property,(iii) social disruption, or(iv) a breakdown in the flow of essential goods, services or resources.""emergency response training exercise"" means an activity intended to educate or provide training related to emergency preparedness.""exhibition"" means a display of goods open to the general public.";;;;;;;N/A;;_DCA35;20240101;99991231;0;0;;;;;;
CA;99930000;20240101;99991231;EN;"Special classification provisions - commercial---Goods, not including conveyances, containers or baggage of tariff item No. 9801.10.10, 9801.10.20, 9801.10.30 or 9801.20.00, or of Chapter 89 (except when imported for the purpose of repair, overhaul, alteration, adjustment, storage, display at an exhibition of similar manufacturers, racing, testing, certification by an accredited organization, or to be employed in the production of films or commercials, or in response to an emergency or emergency response training exercise, or for in-transit movement through Canada, or as a commercial sample, or when imported by non-resident teams or athletes, or their support personnel, for their use in professional or organized amateur sports activities, or when imported by non-residents for their use in providing live entertainment such as aquatic displays), when imported on a temporary basis, on condition that (a) the goods are not sold or further manufactured or processed in Canada.(a.1) the goods are not leased except where imported for use(i) in an emergency or emergency response training exercise,(ii) on loan pending delivery of new machinery or equipment on order, or(iii) as temporary replacements for machines or other equipment previously accounted for and undergoing repairs.(b) the use of the goods is specified by the importer at the time of reporting of the goods under the Customs Act, that use is not limited or restricted by regulation, and the goods are released for that specified use.(c) the goods are imported in no greater quantity than is reasonable, in the view of the Minister of Public Safety and Emergency Preparedness ora designated customs officer, for the use specified under paragraph (b).(d) the goods are accompanied, in prescribed circumstances, by prescribed documents and by security of a nature and in an amount satisfactory to the Minister of Public Safety and Emergency Preparedness or a designated customs officer, unless otherwise provided by regulation.(e) the goods are not diverted to a use that is limited or restricted by regulation, or to a use that would preclude the goods from being classified under this tariff item. and,(f) within eighteen months of the date of the reporting of the goods under the Customs Act or within any other period prescribed for those goods, the goods are:  (i) exported from Canada and evidence, satisfactory to the Minister of Public Safety and Emergency Preparedness or a designated customs officer, of the exportation is provided to the Minister of Public Safety and Emergency Preparedness or the designated customs officer,(ii) destroyed and the destruction is certified by a customs officer or by another person designated by the Minister of Public Safety and Emergency Preparedness, or (iii) consumed or expended under prescribed circumstances.The following definitions apply to this tariff item.""accredited organization"" means an organization accredited by the Standards Council of Canada to certify that goods tested or examined by that organization meet the standards set by the Council in respect of those goods.""emergency"" means an urgent and critical situation of a temporary nature that(a) is of such proportions or nature as to exceed the capacity or authority of a province or municipality to deal with it.(b) is caused by an actual or imminent(i) fire, flood, drought, storm, earthquake, or other natural phenomenon,(ii) disease in human beings, animals or plants,(iii) accident or pollution, or(iv) act of sabotage or terrorism. and(c) results or may result in(i) danger to the lives, health or safety of individuals,(ii) danger to property,(iii) social disruption, or(iv) a breakdown in the flow of essential goods, services or resources.""emergency response training exercise"" means an activity intended to educate or provide training related to emergency preparedness.""exhibition"" means a display of goods open to the general public.";;;;;;;ES;"Special classification provisions - commercial---Goods, not including conveyances, containers or baggage of tariff item No. 9801.10.10, 9801.10.20, 9801.10.30 or 9801.20.00, or of Chapter 89 (except when imported for the purpose of repair, overhaul, alteration, adjustment, storage, display at an exhibition of similar manufacturers, racing, testing, certification by an accredited organization, or to be employed in the production of films or commercials, or in response to an emergency or emergency response training exercise, or for in-transit movement through Canada, or as a commercial sample, or when imported by non-resident teams or athletes, or their support personnel, for their use in professional or organized amateur sports activities, or when imported by non-residents for their use in providing live entertainment such as aquatic displays), when imported on a temporary basis, on condition that (a) the goods are not sold or further manufactured or processed in Canada.(a.1) the goods are not leased except where imported for use(i) in an emergency or emergency response training exercise,(ii) on loan pending delivery of new machinery or equipment on order, or(iii) as temporary replacements for machines or other equipment previously accounted for and undergoing repairs.(b) the use of the goods is specified by the importer at the time of reporting of the goods under the Customs Act, that use is not limited or restricted by regulation, and the goods are released for that specified use.(c) the goods are imported in no greater quantity than is reasonable, in the view of the Minister of Public Safety and Emergency Preparedness ora designated customs officer, for the use specified under paragraph (b).(d) the goods are accompanied, in prescribed circumstances, by prescribed documents and by security of a nature and in an amount satisfactory to the Minister of Public Safety and Emergency Preparedness or a designated customs officer, unless otherwise provided by regulation.(e) the goods are not diverted to a use that is limited or restricted by regulation, or to a use that would preclude the goods from being classified under this tariff item. and,(f) within eighteen months of the date of the reporting of the goods under the Customs Act or within any other period prescribed for those goods, the goods are:  (i) exported from Canada and evidence, satisfactory to the Minister of Public Safety and Emergency Preparedness or a designated customs officer, of the exportation is provided to the Minister of Public Safety and Emergency Preparedness or the designated customs officer,(ii) destroyed and the destruction is certified by a customs officer or by another person designated by the Minister of Public Safety and Emergency Preparedness, or (iii) consumed or expended under prescribed circumstances.The following definitions apply to this tariff item.""accredited organization"" means an organization accredited by the Standards Council of Canada to certify that goods tested or examined by that organization meet the standards set by the Council in respect of those goods.""emergency"" means an urgent and critical situation of a temporary nature that(a) is of such proportions or nature as to exceed the capacity or authority of a province or municipality to deal with it.(b) is caused by an actual or imminent(i) fire, flood, drought, storm, earthquake, or other natural phenomenon,(ii) disease in human beings, animals or plants,(iii) accident or pollution, or(iv) act of sabotage or terrorism. and(c) results or may result in(i) danger to the lives, health or safety of individuals,(ii) danger to property,(iii) social disruption, or(iv) a breakdown in the flow of essential goods, services or resources.""emergency response training exercise"" means an activity intended to educate or provide training related to emergency preparedness.""exhibition"" means a display of goods open to the general public.";;;;;;;N/A;;_DCA36;20240101;99991231;0;0;;;;;;
CA;99930000;20240101;99991231;EN;"Special classification provisions - commercial---Goods, not including conveyances, containers or baggage of tariff item No. 9801.10.10, 9801.10.20, 9801.10.30 or 9801.20.00, or of Chapter 89 (except when imported for the purpose of repair, overhaul, alteration, adjustment, storage, display at an exhibition of similar manufacturers, racing, testing, certification by an accredited organization, or to be employed in the production of films or commercials, or in response to an emergency or emergency response training exercise, or for in-transit movement through Canada, or as a commercial sample, or when imported by non-resident teams or athletes, or their support personnel, for their use in professional or organized amateur sports activities, or when imported by non-residents for their use in providing live entertainment such as aquatic displays), when imported on a temporary basis, on condition that (a) the goods are not sold or further manufactured or processed in Canada.(a.1) the goods are not leased except where imported for use(i) in an emergency or emergency response training exercise,(ii) on loan pending delivery of new machinery or equipment on order, or(iii) as temporary replacements for machines or other equipment previously accounted for and undergoing repairs.(b) the use of the goods is specified by the importer at the time of reporting of the goods under the Customs Act, that use is not limited or restricted by regulation, and the goods are released for that specified use.(c) the goods are imported in no greater quantity than is reasonable, in the view of the Minister of Public Safety and Emergency Preparedness ora designated customs officer, for the use specified under paragraph (b).(d) the goods are accompanied, in prescribed circumstances, by prescribed documents and by security of a nature and in an amount satisfactory to the Minister of Public Safety and Emergency Preparedness or a designated customs officer, unless otherwise provided by regulation.(e) the goods are not diverted to a use that is limited or restricted by regulation, or to a use that would preclude the goods from being classified under this tariff item. and,(f) within eighteen months of the date of the reporting of the goods under the Customs Act or within any other period prescribed for those goods, the goods are:  (i) exported from Canada and evidence, satisfactory to the Minister of Public Safety and Emergency Preparedness or a designated customs officer, of the exportation is provided to the Minister of Public Safety and Emergency Preparedness or the designated customs officer,(ii) destroyed and the destruction is certified by a customs officer or by another person designated by the Minister of Public Safety and Emergency Preparedness, or (iii) consumed or expended under prescribed circumstances.The following definitions apply to this tariff item.""accredited organization"" means an organization accredited by the Standards Council of Canada to certify that goods tested or examined by that organization meet the standards set by the Council in respect of those goods.""emergency"" means an urgent and critical situation of a temporary nature that(a) is of such proportions or nature as to exceed the capacity or authority of a province or municipality to deal with it.(b) is caused by an actual or imminent(i) fire, flood, drought, storm, earthquake, or other natural phenomenon,(ii) disease in human beings, animals or plants,(iii) accident or pollution, or(iv) act of sabotage or terrorism. and(c) results or may result in(i) danger to the lives, health or safety of individuals,(ii) danger to property,(iii) social disruption, or(iv) a breakdown in the flow of essential goods, services or resources.""emergency response training exercise"" means an activity intended to educate or provide training related to emergency preparedness.""exhibition"" means a display of goods open to the general public.";;;;;;;ES;"Special classification provisions - commercial---Goods, not including conveyances, containers or baggage of tariff item No. 9801.10.10, 9801.10.20, 9801.10.30 or 9801.20.00, or of Chapter 89 (except when imported for the purpose of repair, overhaul, alteration, adjustment, storage, display at an exhibition of similar manufacturers, racing, testing, certification by an accredited organization, or to be employed in the production of films or commercials, or in response to an emergency or emergency response training exercise, or for in-transit movement through Canada, or as a commercial sample, or when imported by non-resident teams or athletes, or their support personnel, for their use in professional or organized amateur sports activities, or when imported by non-residents for their use in providing live entertainment such as aquatic displays), when imported on a temporary basis, on condition that (a) the goods are not sold or further manufactured or processed in Canada.(a.1) the goods are not leased except where imported for use(i) in an emergency or emergency response training exercise,(ii) on loan pending delivery of new machinery or equipment on order, or(iii) as temporary replacements for machines or other equipment previously accounted for and undergoing repairs.(b) the use of the goods is specified by the importer at the time of reporting of the goods under the Customs Act, that use is not limited or restricted by regulation, and the goods are released for that specified use.(c) the goods are imported in no greater quantity than is reasonable, in the view of the Minister of Public Safety and Emergency Preparedness ora designated customs officer, for the use specified under paragraph (b).(d) the goods are accompanied, in prescribed circumstances, by prescribed documents and by security of a nature and in an amount satisfactory to the Minister of Public Safety and Emergency Preparedness or a designated customs officer, unless otherwise provided by regulation.(e) the goods are not diverted to a use that is limited or restricted by regulation, or to a use that would preclude the goods from being classified under this tariff item. and,(f) within eighteen months of the date of the reporting of the goods under the Customs Act or within any other period prescribed for those goods, the goods are:  (i) exported from Canada and evidence, satisfactory to the Minister of Public Safety and Emergency Preparedness or a designated customs officer, of the exportation is provided to the Minister of Public Safety and Emergency Preparedness or the designated customs officer,(ii) destroyed and the destruction is certified by a customs officer or by another person designated by the Minister of Public Safety and Emergency Preparedness, or (iii) consumed or expended under prescribed circumstances.The following definitions apply to this tariff item.""accredited organization"" means an organization accredited by the Standards Council of Canada to certify that goods tested or examined by that organization meet the standards set by the Council in respect of those goods.""emergency"" means an urgent and critical situation of a temporary nature that(a) is of such proportions or nature as to exceed the capacity or authority of a province or municipality to deal with it.(b) is caused by an actual or imminent(i) fire, flood, drought, storm, earthquake, or other natural phenomenon,(ii) disease in human beings, animals or plants,(iii) accident or pollution, or(iv) act of sabotage or terrorism. and(c) results or may result in(i) danger to the lives, health or safety of individuals,(ii) danger to property,(iii) social disruption, or(iv) a breakdown in the flow of essential goods, services or resources.""emergency response training exercise"" means an activity intended to educate or provide training related to emergency preparedness.""exhibition"" means a display of goods open to the general public.";;;;;;;N/A;;_DCA8;20240101;99991231;0;0;;;;;;
CA;99930000;20240101;99991231;EN;"Special classification provisions - commercial---Goods, not including conveyances, containers or baggage of tariff item No. 9801.10.10, 9801.10.20, 9801.10.30 or 9801.20.00, or of Chapter 89 (except when imported for the purpose of repair, overhaul, alteration, adjustment, storage, display at an exhibition of similar manufacturers, racing, testing, certification by an accredited organization, or to be employed in the production of films or commercials, or in response to an emergency or emergency response training exercise, or for in-transit movement through Canada, or as a commercial sample, or when imported by non-resident teams or athletes, or their support personnel, for their use in professional or organized amateur sports activities, or when imported by non-residents for their use in providing live entertainment such as aquatic displays), when imported on a temporary basis, on condition that (a) the goods are not sold or further manufactured or processed in Canada.(a.1) the goods are not leased except where imported for use(i) in an emergency or emergency response training exercise,(ii) on loan pending delivery of new machinery or equipment on order, or(iii) as temporary replacements for machines or other equipment previously accounted for and undergoing repairs.(b) the use of the goods is specified by the importer at the time of reporting of the goods under the Customs Act, that use is not limited or restricted by regulation, and the goods are released for that specified use.(c) the goods are imported in no greater quantity than is reasonable, in the view of the Minister of Public Safety and Emergency Preparedness ora designated customs officer, for the use specified under paragraph (b).(d) the goods are accompanied, in prescribed circumstances, by prescribed documents and by security of a nature and in an amount satisfactory to the Minister of Public Safety and Emergency Preparedness or a designated customs officer, unless otherwise provided by regulation.(e) the goods are not diverted to a use that is limited or restricted by regulation, or to a use that would preclude the goods from being classified under this tariff item. and,(f) within eighteen months of the date of the reporting of the goods under the Customs Act or within any other period prescribed for those goods, the goods are:  (i) exported from Canada and evidence, satisfactory to the Minister of Public Safety and Emergency Preparedness or a designated customs officer, of the exportation is provided to the Minister of Public Safety and Emergency Preparedness or the designated customs officer,(ii) destroyed and the destruction is certified by a customs officer or by another person designated by the Minister of Public Safety and Emergency Preparedness, or (iii) consumed or expended under prescribed circumstances.The following definitions apply to this tariff item.""accredited organization"" means an organization accredited by the Standards Council of Canada to certify that goods tested or examined by that organization meet the standards set by the Council in respect of those goods.""emergency"" means an urgent and critical situation of a temporary nature that(a) is of such proportions or nature as to exceed the capacity or authority of a province or municipality to deal with it.(b) is caused by an actual or imminent(i) fire, flood, drought, storm, earthquake, or other natural phenomenon,(ii) disease in human beings, animals or plants,(iii) accident or pollution, or(iv) act of sabotage or terrorism. and(c) results or may result in(i) danger to the lives, health or safety of individuals,(ii) danger to property,(iii) social disruption, or(iv) a breakdown in the flow of essential goods, services or resources.""emergency response training exercise"" means an activity intended to educate or provide training related to emergency preparedness.""exhibition"" means a display of goods open to the general public.";;;;;;;ES;"Special classification provisions - commercial---Goods, not including conveyances, containers or baggage of tariff item No. 9801.10.10, 9801.10.20, 9801.10.30 or 9801.20.00, or of Chapter 89 (except when imported for the purpose of repair, overhaul, alteration, adjustment, storage, display at an exhibition of similar manufacturers, racing, testing, certification by an accredited organization, or to be employed in the production of films or commercials, or in response to an emergency or emergency response training exercise, or for in-transit movement through Canada, or as a commercial sample, or when imported by non-resident teams or athletes, or their support personnel, for their use in professional or organized amateur sports activities, or when imported by non-residents for their use in providing live entertainment such as aquatic displays), when imported on a temporary basis, on condition that (a) the goods are not sold or further manufactured or processed in Canada.(a.1) the goods are not leased except where imported for use(i) in an emergency or emergency response training exercise,(ii) on loan pending delivery of new machinery or equipment on order, or(iii) as temporary replacements for machines or other equipment previously accounted for and undergoing repairs.(b) the use of the goods is specified by the importer at the time of reporting of the goods under the Customs Act, that use is not limited or restricted by regulation, and the goods are released for that specified use.(c) the goods are imported in no greater quantity than is reasonable, in the view of the Minister of Public Safety and Emergency Preparedness ora designated customs officer, for the use specified under paragraph (b).(d) the goods are accompanied, in prescribed circumstances, by prescribed documents and by security of a nature and in an amount satisfactory to the Minister of Public Safety and Emergency Preparedness or a designated customs officer, unless otherwise provided by regulation.(e) the goods are not diverted to a use that is limited or restricted by regulation, or to a use that would preclude the goods from being classified under this tariff item. and,(f) within eighteen months of the date of the reporting of the goods under the Customs Act or within any other period prescribed for those goods, the goods are:  (i) exported from Canada and evidence, satisfactory to the Minister of Public Safety and Emergency Preparedness or a designated customs officer, of the exportation is provided to the Minister of Public Safety and Emergency Preparedness or the designated customs officer,(ii) destroyed and the destruction is certified by a customs officer or by another person designated by the Minister of Public Safety and Emergency Preparedness, or (iii) consumed or expended under prescribed circumstances.The following definitions apply to this tariff item.""accredited organization"" means an organization accredited by the Standards Council of Canada to certify that goods tested or examined by that organization meet the standards set by the Council in respect of those goods.""emergency"" means an urgent and critical situation of a temporary nature that(a) is of such proportions or nature as to exceed the capacity or authority of a province or municipality to deal with it.(b) is caused by an actual or imminent(i) fire, flood, drought, storm, earthquake, or other natural phenomenon,(ii) disease in human beings, animals or plants,(iii) accident or pollution, or(iv) act of sabotage or terrorism. and(c) results or may result in(i) danger to the lives, health or safety of individuals,(ii) danger to property,(iii) social disruption, or(iv) a breakdown in the flow of essential goods, services or resources.""emergency response training exercise"" means an activity intended to educate or provide training related to emergency preparedness.""exhibition"" means a display of goods open to the general public.";;;;;;;N/A;;_DCA9;20240101;99991231;0;0;;;;;;
CA;99940000;20240101;99991231;EN;Special classification provisions - commercial---Articles of heading 39.18, 39.20, 39.21, 39.25, 39.26, 40.08, 40.16, 44.21, 46.01, 48.14, 48.21, 51.11, 51.12, 52.08, 52.09, 52.10, 52.11, 52.12, 53.09, 53.10, 53.11, 54.01, 54.07, 54.08, 55.12, 55.13, 55.14, 55.15, 55.16, 56.03, 56.07, 57.02, 57.03, 57.05, 58.01, 58.02, 58.03, 58.04, 58.05, 58.06, 58.08, 58.09, 58.10, 58.11, 59.03, 59.04, 59.05, 59.06, 60.01, 60.02, 60.03, 60.04, 60.05, 60.06, 63.02, 63.07, 70.19, 73.15, 73.26 or 76.16, to be marked, torn, perforated or otherwise treated so as to be unsuitable for sale or for use except as commercial samples, specified or provided by a customer at arm's length, for use in the manufacture of sample books, sample cards, sample chain sets, sample boards, sample boxes, sample displays and sample stack sets.;;;;;;;ES;Special classification provisions - commercial---Articles of heading 39.18, 39.20, 39.21, 39.25, 39.26, 40.08, 40.16, 44.21, 46.01, 48.14, 48.21, 51.11, 51.12, 52.08, 52.09, 52.10, 52.11, 52.12, 53.09, 53.10, 53.11, 54.01, 54.07, 54.08, 55.12, 55.13, 55.14, 55.15, 55.16, 56.03, 56.07, 57.02, 57.03, 57.05, 58.01, 58.02, 58.03, 58.04, 58.05, 58.06, 58.08, 58.09, 58.10, 58.11, 59.03, 59.04, 59.05, 59.06, 60.01, 60.02, 60.03, 60.04, 60.05, 60.06, 63.02, 63.07, 70.19, 73.15, 73.26 or 76.16, to be marked, torn, perforated or otherwise treated so as to be unsuitable for sale or for use except as commercial samples, specified or provided by a customer at arm's length, for use in the manufacture of sample books, sample cards, sample chain sets, sample boards, sample boxes, sample displays and sample stack sets.;;;;;;;N/A;;_DCA1;20240101;99991231;0;0;;;;;;
CA;99940000;20240101;99991231;EN;Special classification provisions - commercial---Articles of heading 39.18, 39.20, 39.21, 39.25, 39.26, 40.08, 40.16, 44.21, 46.01, 48.14, 48.21, 51.11, 51.12, 52.08, 52.09, 52.10, 52.11, 52.12, 53.09, 53.10, 53.11, 54.01, 54.07, 54.08, 55.12, 55.13, 55.14, 55.15, 55.16, 56.03, 56.07, 57.02, 57.03, 57.05, 58.01, 58.02, 58.03, 58.04, 58.05, 58.06, 58.08, 58.09, 58.10, 58.11, 59.03, 59.04, 59.05, 59.06, 60.01, 60.02, 60.03, 60.04, 60.05, 60.06, 63.02, 63.07, 70.19, 73.15, 73.26 or 76.16, to be marked, torn, perforated or otherwise treated so as to be unsuitable for sale or for use except as commercial samples, specified or provided by a customer at arm's length, for use in the manufacture of sample books, sample cards, sample chain sets, sample boards, sample boxes, sample displays and sample stack sets.;;;;;;;ES;Special classification provisions - commercial---Articles of heading 39.18, 39.20, 39.21, 39.25, 39.26, 40.08, 40.16, 44.21, 46.01, 48.14, 48.21, 51.11, 51.12, 52.08, 52.09, 52.10, 52.11, 52.12, 53.09, 53.10, 53.11, 54.01, 54.07, 54.08, 55.12, 55.13, 55.14, 55.15, 55.16, 56.03, 56.07, 57.02, 57.03, 57.05, 58.01, 58.02, 58.03, 58.04, 58.05, 58.06, 58.08, 58.09, 58.10, 58.11, 59.03, 59.04, 59.05, 59.06, 60.01, 60.02, 60.03, 60.04, 60.05, 60.06, 63.02, 63.07, 70.19, 73.15, 73.26 or 76.16, to be marked, torn, perforated or otherwise treated so as to be unsuitable for sale or for use except as commercial samples, specified or provided by a customer at arm's length, for use in the manufacture of sample books, sample cards, sample chain sets, sample boards, sample boxes, sample displays and sample stack sets.;;;;;;;N/A;;_DCA10;20240101;99991231;0;0;;;;;;
CA;99940000;20240101;99991231;EN;Special classification provisions - commercial---Articles of heading 39.18, 39.20, 39.21, 39.25, 39.26, 40.08, 40.16, 44.21, 46.01, 48.14, 48.21, 51.11, 51.12, 52.08, 52.09, 52.10, 52.11, 52.12, 53.09, 53.10, 53.11, 54.01, 54.07, 54.08, 55.12, 55.13, 55.14, 55.15, 55.16, 56.03, 56.07, 57.02, 57.03, 57.05, 58.01, 58.02, 58.03, 58.04, 58.05, 58.06, 58.08, 58.09, 58.10, 58.11, 59.03, 59.04, 59.05, 59.06, 60.01, 60.02, 60.03, 60.04, 60.05, 60.06, 63.02, 63.07, 70.19, 73.15, 73.26 or 76.16, to be marked, torn, perforated or otherwise treated so as to be unsuitable for sale or for use except as commercial samples, specified or provided by a customer at arm's length, for use in the manufacture of sample books, sample cards, sample chain sets, sample boards, sample boxes, sample displays and sample stack sets.;;;;;;;ES;Special classification provisions - commercial---Articles of heading 39.18, 39.20, 39.21, 39.25, 39.26, 40.08, 40.16, 44.21, 46.01, 48.14, 48.21, 51.11, 51.12, 52.08, 52.09, 52.10, 52.11, 52.12, 53.09, 53.10, 53.11, 54.01, 54.07, 54.08, 55.12, 55.13, 55.14, 55.15, 55.16, 56.03, 56.07, 57.02, 57.03, 57.05, 58.01, 58.02, 58.03, 58.04, 58.05, 58.06, 58.08, 58.09, 58.10, 58.11, 59.03, 59.04, 59.05, 59.06, 60.01, 60.02, 60.03, 60.04, 60.05, 60.06, 63.02, 63.07, 70.19, 73.15, 73.26 or 76.16, to be marked, torn, perforated or otherwise treated so as to be unsuitable for sale or for use except as commercial samples, specified or provided by a customer at arm's length, for use in the manufacture of sample books, sample cards, sample chain sets, sample boards, sample boxes, sample displays and sample stack sets.;;;;;;;N/A;;_DCA12;20240101;99991231;35;0;;;;;;
CA;99940000;20240101;99991231;EN;Special classification provisions - commercial---Articles of heading 39.18, 39.20, 39.21, 39.25, 39.26, 40.08, 40.16, 44.21, 46.01, 48.14, 48.21, 51.11, 51.12, 52.08, 52.09, 52.10, 52.11, 52.12, 53.09, 53.10, 53.11, 54.01, 54.07, 54.08, 55.12, 55.13, 55.14, 55.15, 55.16, 56.03, 56.07, 57.02, 57.03, 57.05, 58.01, 58.02, 58.03, 58.04, 58.05, 58.06, 58.08, 58.09, 58.10, 58.11, 59.03, 59.04, 59.05, 59.06, 60.01, 60.02, 60.03, 60.04, 60.05, 60.06, 63.02, 63.07, 70.19, 73.15, 73.26 or 76.16, to be marked, torn, perforated or otherwise treated so as to be unsuitable for sale or for use except as commercial samples, specified or provided by a customer at arm's length, for use in the manufacture of sample books, sample cards, sample chain sets, sample boards, sample boxes, sample displays and sample stack sets.;;;;;;;ES;Special classification provisions - commercial---Articles of heading 39.18, 39.20, 39.21, 39.25, 39.26, 40.08, 40.16, 44.21, 46.01, 48.14, 48.21, 51.11, 51.12, 52.08, 52.09, 52.10, 52.11, 52.12, 53.09, 53.10, 53.11, 54.01, 54.07, 54.08, 55.12, 55.13, 55.14, 55.15, 55.16, 56.03, 56.07, 57.02, 57.03, 57.05, 58.01, 58.02, 58.03, 58.04, 58.05, 58.06, 58.08, 58.09, 58.10, 58.11, 59.03, 59.04, 59.05, 59.06, 60.01, 60.02, 60.03, 60.04, 60.05, 60.06, 63.02, 63.07, 70.19, 73.15, 73.26 or 76.16, to be marked, torn, perforated or otherwise treated so as to be unsuitable for sale or for use except as commercial samples, specified or provided by a customer at arm's length, for use in the manufacture of sample books, sample cards, sample chain sets, sample boards, sample boxes, sample displays and sample stack sets.;;;;;;;N/A;;_DCA14;20240101;99991231;0;0;;;;;;
CA;99940000;20240101;99991231;EN;Special classification provisions - commercial---Articles of heading 39.18, 39.20, 39.21, 39.25, 39.26, 40.08, 40.16, 44.21, 46.01, 48.14, 48.21, 51.11, 51.12, 52.08, 52.09, 52.10, 52.11, 52.12, 53.09, 53.10, 53.11, 54.01, 54.07, 54.08, 55.12, 55.13, 55.14, 55.15, 55.16, 56.03, 56.07, 57.02, 57.03, 57.05, 58.01, 58.02, 58.03, 58.04, 58.05, 58.06, 58.08, 58.09, 58.10, 58.11, 59.03, 59.04, 59.05, 59.06, 60.01, 60.02, 60.03, 60.04, 60.05, 60.06, 63.02, 63.07, 70.19, 73.15, 73.26 or 76.16, to be marked, torn, perforated or otherwise treated so as to be unsuitable for sale or for use except as commercial samples, specified or provided by a customer at arm's length, for use in the manufacture of sample books, sample cards, sample chain sets, sample boards, sample boxes, sample displays and sample stack sets.;;;;;;;ES;Special classification provisions - commercial---Articles of heading 39.18, 39.20, 39.21, 39.25, 39.26, 40.08, 40.16, 44.21, 46.01, 48.14, 48.21, 51.11, 51.12, 52.08, 52.09, 52.10, 52.11, 52.12, 53.09, 53.10, 53.11, 54.01, 54.07, 54.08, 55.12, 55.13, 55.14, 55.15, 55.16, 56.03, 56.07, 57.02, 57.03, 57.05, 58.01, 58.02, 58.03, 58.04, 58.05, 58.06, 58.08, 58.09, 58.10, 58.11, 59.03, 59.04, 59.05, 59.06, 60.01, 60.02, 60.03, 60.04, 60.05, 60.06, 63.02, 63.07, 70.19, 73.15, 73.26 or 76.16, to be marked, torn, perforated or otherwise treated so as to be unsuitable for sale or for use except as commercial samples, specified or provided by a customer at arm's length, for use in the manufacture of sample books, sample cards, sample chain sets, sample boards, sample boxes, sample displays and sample stack sets.;;;;;;;N/A;;_DCA17;20240101;99991231;0;0;;;;;;
CA;99940000;20240101;99991231;EN;Special classification provisions - commercial---Articles of heading 39.18, 39.20, 39.21, 39.25, 39.26, 40.08, 40.16, 44.21, 46.01, 48.14, 48.21, 51.11, 51.12, 52.08, 52.09, 52.10, 52.11, 52.12, 53.09, 53.10, 53.11, 54.01, 54.07, 54.08, 55.12, 55.13, 55.14, 55.15, 55.16, 56.03, 56.07, 57.02, 57.03, 57.05, 58.01, 58.02, 58.03, 58.04, 58.05, 58.06, 58.08, 58.09, 58.10, 58.11, 59.03, 59.04, 59.05, 59.06, 60.01, 60.02, 60.03, 60.04, 60.05, 60.06, 63.02, 63.07, 70.19, 73.15, 73.26 or 76.16, to be marked, torn, perforated or otherwise treated so as to be unsuitable for sale or for use except as commercial samples, specified or provided by a customer at arm's length, for use in the manufacture of sample books, sample cards, sample chain sets, sample boards, sample boxes, sample displays and sample stack sets.;;;;;;;ES;Special classification provisions - commercial---Articles of heading 39.18, 39.20, 39.21, 39.25, 39.26, 40.08, 40.16, 44.21, 46.01, 48.14, 48.21, 51.11, 51.12, 52.08, 52.09, 52.10, 52.11, 52.12, 53.09, 53.10, 53.11, 54.01, 54.07, 54.08, 55.12, 55.13, 55.14, 55.15, 55.16, 56.03, 56.07, 57.02, 57.03, 57.05, 58.01, 58.02, 58.03, 58.04, 58.05, 58.06, 58.08, 58.09, 58.10, 58.11, 59.03, 59.04, 59.05, 59.06, 60.01, 60.02, 60.03, 60.04, 60.05, 60.06, 63.02, 63.07, 70.19, 73.15, 73.26 or 76.16, to be marked, torn, perforated or otherwise treated so as to be unsuitable for sale or for use except as commercial samples, specified or provided by a customer at arm's length, for use in the manufacture of sample books, sample cards, sample chain sets, sample boards, sample boxes, sample displays and sample stack sets.;;;;;;;N/A;;_DCA18;20240101;99991231;0;0;;;;;;
CA;99940000;20240101;99991231;EN;Special classification provisions - commercial---Articles of heading 39.18, 39.20, 39.21, 39.25, 39.26, 40.08, 40.16, 44.21, 46.01, 48.14, 48.21, 51.11, 51.12, 52.08, 52.09, 52.10, 52.11, 52.12, 53.09, 53.10, 53.11, 54.01, 54.07, 54.08, 55.12, 55.13, 55.14, 55.15, 55.16, 56.03, 56.07, 57.02, 57.03, 57.05, 58.01, 58.02, 58.03, 58.04, 58.05, 58.06, 58.08, 58.09, 58.10, 58.11, 59.03, 59.04, 59.05, 59.06, 60.01, 60.02, 60.03, 60.04, 60.05, 60.06, 63.02, 63.07, 70.19, 73.15, 73.26 or 76.16, to be marked, torn, perforated or otherwise treated so as to be unsuitable for sale or for use except as commercial samples, specified or provided by a customer at arm's length, for use in the manufacture of sample books, sample cards, sample chain sets, sample boards, sample boxes, sample displays and sample stack sets.;;;;;;;ES;Special classification provisions - commercial---Articles of heading 39.18, 39.20, 39.21, 39.25, 39.26, 40.08, 40.16, 44.21, 46.01, 48.14, 48.21, 51.11, 51.12, 52.08, 52.09, 52.10, 52.11, 52.12, 53.09, 53.10, 53.11, 54.01, 54.07, 54.08, 55.12, 55.13, 55.14, 55.15, 55.16, 56.03, 56.07, 57.02, 57.03, 57.05, 58.01, 58.02, 58.03, 58.04, 58.05, 58.06, 58.08, 58.09, 58.10, 58.11, 59.03, 59.04, 59.05, 59.06, 60.01, 60.02, 60.03, 60.04, 60.05, 60.06, 63.02, 63.07, 70.19, 73.15, 73.26 or 76.16, to be marked, torn, perforated or otherwise treated so as to be unsuitable for sale or for use except as commercial samples, specified or provided by a customer at arm's length, for use in the manufacture of sample books, sample cards, sample chain sets, sample boards, sample boxes, sample displays and sample stack sets.;;;;;;;N/A;;_DCA19;20240101;99991231;0;0;;;;;;
CA;99940000;20240101;99991231;EN;Special classification provisions - commercial---Articles of heading 39.18, 39.20, 39.21, 39.25, 39.26, 40.08, 40.16, 44.21, 46.01, 48.14, 48.21, 51.11, 51.12, 52.08, 52.09, 52.10, 52.11, 52.12, 53.09, 53.10, 53.11, 54.01, 54.07, 54.08, 55.12, 55.13, 55.14, 55.15, 55.16, 56.03, 56.07, 57.02, 57.03, 57.05, 58.01, 58.02, 58.03, 58.04, 58.05, 58.06, 58.08, 58.09, 58.10, 58.11, 59.03, 59.04, 59.05, 59.06, 60.01, 60.02, 60.03, 60.04, 60.05, 60.06, 63.02, 63.07, 70.19, 73.15, 73.26 or 76.16, to be marked, torn, perforated or otherwise treated so as to be unsuitable for sale or for use except as commercial samples, specified or provided by a customer at arm's length, for use in the manufacture of sample books, sample cards, sample chain sets, sample boards, sample boxes, sample displays and sample stack sets.;;;;;;;ES;Special classification provisions - commercial---Articles of heading 39.18, 39.20, 39.21, 39.25, 39.26, 40.08, 40.16, 44.21, 46.01, 48.14, 48.21, 51.11, 51.12, 52.08, 52.09, 52.10, 52.11, 52.12, 53.09, 53.10, 53.11, 54.01, 54.07, 54.08, 55.12, 55.13, 55.14, 55.15, 55.16, 56.03, 56.07, 57.02, 57.03, 57.05, 58.01, 58.02, 58.03, 58.04, 58.05, 58.06, 58.08, 58.09, 58.10, 58.11, 59.03, 59.04, 59.05, 59.06, 60.01, 60.02, 60.03, 60.04, 60.05, 60.06, 63.02, 63.07, 70.19, 73.15, 73.26 or 76.16, to be marked, torn, perforated or otherwise treated so as to be unsuitable for sale or for use except as commercial samples, specified or provided by a customer at arm's length, for use in the manufacture of sample books, sample cards, sample chain sets, sample boards, sample boxes, sample displays and sample stack sets.;;;;;;;N/A;;_DCA2;20240101;99991231;0;0;;;;;;
CA;99940000;20240101;99991231;EN;Special classification provisions - commercial---Articles of heading 39.18, 39.20, 39.21, 39.25, 39.26, 40.08, 40.16, 44.21, 46.01, 48.14, 48.21, 51.11, 51.12, 52.08, 52.09, 52.10, 52.11, 52.12, 53.09, 53.10, 53.11, 54.01, 54.07, 54.08, 55.12, 55.13, 55.14, 55.15, 55.16, 56.03, 56.07, 57.02, 57.03, 57.05, 58.01, 58.02, 58.03, 58.04, 58.05, 58.06, 58.08, 58.09, 58.10, 58.11, 59.03, 59.04, 59.05, 59.06, 60.01, 60.02, 60.03, 60.04, 60.05, 60.06, 63.02, 63.07, 70.19, 73.15, 73.26 or 76.16, to be marked, torn, perforated or otherwise treated so as to be unsuitable for sale or for use except as commercial samples, specified or provided by a customer at arm's length, for use in the manufacture of sample books, sample cards, sample chain sets, sample boards, sample boxes, sample displays and sample stack sets.;;;;;;;ES;Special classification provisions - commercial---Articles of heading 39.18, 39.20, 39.21, 39.25, 39.26, 40.08, 40.16, 44.21, 46.01, 48.14, 48.21, 51.11, 51.12, 52.08, 52.09, 52.10, 52.11, 52.12, 53.09, 53.10, 53.11, 54.01, 54.07, 54.08, 55.12, 55.13, 55.14, 55.15, 55.16, 56.03, 56.07, 57.02, 57.03, 57.05, 58.01, 58.02, 58.03, 58.04, 58.05, 58.06, 58.08, 58.09, 58.10, 58.11, 59.03, 59.04, 59.05, 59.06, 60.01, 60.02, 60.03, 60.04, 60.05, 60.06, 63.02, 63.07, 70.19, 73.15, 73.26 or 76.16, to be marked, torn, perforated or otherwise treated so as to be unsuitable for sale or for use except as commercial samples, specified or provided by a customer at arm's length, for use in the manufacture of sample books, sample cards, sample chain sets, sample boards, sample boxes, sample displays and sample stack sets.;;;;;;;N/A;;_DCA20;20240101;99991231;0;0;;;;;;
CA;99940000;20240101;99991231;EN;Special classification provisions - commercial---Articles of heading 39.18, 39.20, 39.21, 39.25, 39.26, 40.08, 40.16, 44.21, 46.01, 48.14, 48.21, 51.11, 51.12, 52.08, 52.09, 52.10, 52.11, 52.12, 53.09, 53.10, 53.11, 54.01, 54.07, 54.08, 55.12, 55.13, 55.14, 55.15, 55.16, 56.03, 56.07, 57.02, 57.03, 57.05, 58.01, 58.02, 58.03, 58.04, 58.05, 58.06, 58.08, 58.09, 58.10, 58.11, 59.03, 59.04, 59.05, 59.06, 60.01, 60.02, 60.03, 60.04, 60.05, 60.06, 63.02, 63.07, 70.19, 73.15, 73.26 or 76.16, to be marked, torn, perforated or otherwise treated so as to be unsuitable for sale or for use except as commercial samples, specified or provided by a customer at arm's length, for use in the manufacture of sample books, sample cards, sample chain sets, sample boards, sample boxes, sample displays and sample stack sets.;;;;;;;ES;Special classification provisions - commercial---Articles of heading 39.18, 39.20, 39.21, 39.25, 39.26, 40.08, 40.16, 44.21, 46.01, 48.14, 48.21, 51.11, 51.12, 52.08, 52.09, 52.10, 52.11, 52.12, 53.09, 53.10, 53.11, 54.01, 54.07, 54.08, 55.12, 55.13, 55.14, 55.15, 55.16, 56.03, 56.07, 57.02, 57.03, 57.05, 58.01, 58.02, 58.03, 58.04, 58.05, 58.06, 58.08, 58.09, 58.10, 58.11, 59.03, 59.04, 59.05, 59.06, 60.01, 60.02, 60.03, 60.04, 60.05, 60.06, 63.02, 63.07, 70.19, 73.15, 73.26 or 76.16, to be marked, torn, perforated or otherwise treated so as to be unsuitable for sale or for use except as commercial samples, specified or provided by a customer at arm's length, for use in the manufacture of sample books, sample cards, sample chain sets, sample boards, sample boxes, sample displays and sample stack sets.;;;;;;;N/A;;_DCA21;20240101;99991231;0;0;;;;;;
CA;99940000;20240101;99991231;EN;Special classification provisions - commercial---Articles of heading 39.18, 39.20, 39.21, 39.25, 39.26, 40.08, 40.16, 44.21, 46.01, 48.14, 48.21, 51.11, 51.12, 52.08, 52.09, 52.10, 52.11, 52.12, 53.09, 53.10, 53.11, 54.01, 54.07, 54.08, 55.12, 55.13, 55.14, 55.15, 55.16, 56.03, 56.07, 57.02, 57.03, 57.05, 58.01, 58.02, 58.03, 58.04, 58.05, 58.06, 58.08, 58.09, 58.10, 58.11, 59.03, 59.04, 59.05, 59.06, 60.01, 60.02, 60.03, 60.04, 60.05, 60.06, 63.02, 63.07, 70.19, 73.15, 73.26 or 76.16, to be marked, torn, perforated or otherwise treated so as to be unsuitable for sale or for use except as commercial samples, specified or provided by a customer at arm's length, for use in the manufacture of sample books, sample cards, sample chain sets, sample boards, sample boxes, sample displays and sample stack sets.;;;;;;;ES;Special classification provisions - commercial---Articles of heading 39.18, 39.20, 39.21, 39.25, 39.26, 40.08, 40.16, 44.21, 46.01, 48.14, 48.21, 51.11, 51.12, 52.08, 52.09, 52.10, 52.11, 52.12, 53.09, 53.10, 53.11, 54.01, 54.07, 54.08, 55.12, 55.13, 55.14, 55.15, 55.16, 56.03, 56.07, 57.02, 57.03, 57.05, 58.01, 58.02, 58.03, 58.04, 58.05, 58.06, 58.08, 58.09, 58.10, 58.11, 59.03, 59.04, 59.05, 59.06, 60.01, 60.02, 60.03, 60.04, 60.05, 60.06, 63.02, 63.07, 70.19, 73.15, 73.26 or 76.16, to be marked, torn, perforated or otherwise treated so as to be unsuitable for sale or for use except as commercial samples, specified or provided by a customer at arm's length, for use in the manufacture of sample books, sample cards, sample chain sets, sample boards, sample boxes, sample displays and sample stack sets.;;;;;;;N/A;;_DCA22;20240101;99991231;0;0;;;;;;
CA;99940000;20240101;99991231;EN;Special classification provisions - commercial---Articles of heading 39.18, 39.20, 39.21, 39.25, 39.26, 40.08, 40.16, 44.21, 46.01, 48.14, 48.21, 51.11, 51.12, 52.08, 52.09, 52.10, 52.11, 52.12, 53.09, 53.10, 53.11, 54.01, 54.07, 54.08, 55.12, 55.13, 55.14, 55.15, 55.16, 56.03, 56.07, 57.02, 57.03, 57.05, 58.01, 58.02, 58.03, 58.04, 58.05, 58.06, 58.08, 58.09, 58.10, 58.11, 59.03, 59.04, 59.05, 59.06, 60.01, 60.02, 60.03, 60.04, 60.05, 60.06, 63.02, 63.07, 70.19, 73.15, 73.26 or 76.16, to be marked, torn, perforated or otherwise treated so as to be unsuitable for sale or for use except as commercial samples, specified or provided by a customer at arm's length, for use in the manufacture of sample books, sample cards, sample chain sets, sample boards, sample boxes, sample displays and sample stack sets.;;;;;;;ES;Special classification provisions - commercial---Articles of heading 39.18, 39.20, 39.21, 39.25, 39.26, 40.08, 40.16, 44.21, 46.01, 48.14, 48.21, 51.11, 51.12, 52.08, 52.09, 52.10, 52.11, 52.12, 53.09, 53.10, 53.11, 54.01, 54.07, 54.08, 55.12, 55.13, 55.14, 55.15, 55.16, 56.03, 56.07, 57.02, 57.03, 57.05, 58.01, 58.02, 58.03, 58.04, 58.05, 58.06, 58.08, 58.09, 58.10, 58.11, 59.03, 59.04, 59.05, 59.06, 60.01, 60.02, 60.03, 60.04, 60.05, 60.06, 63.02, 63.07, 70.19, 73.15, 73.26 or 76.16, to be marked, torn, perforated or otherwise treated so as to be unsuitable for sale or for use except as commercial samples, specified or provided by a customer at arm's length, for use in the manufacture of sample books, sample cards, sample chain sets, sample boards, sample boxes, sample displays and sample stack sets.;;;;;;;N/A;;_DCA23;20240101;99991231;0;0;;;;;;
CA;99940000;20240101;99991231;EN;Special classification provisions - commercial---Articles of heading 39.18, 39.20, 39.21, 39.25, 39.26, 40.08, 40.16, 44.21, 46.01, 48.14, 48.21, 51.11, 51.12, 52.08, 52.09, 52.10, 52.11, 52.12, 53.09, 53.10, 53.11, 54.01, 54.07, 54.08, 55.12, 55.13, 55.14, 55.15, 55.16, 56.03, 56.07, 57.02, 57.03, 57.05, 58.01, 58.02, 58.03, 58.04, 58.05, 58.06, 58.08, 58.09, 58.10, 58.11, 59.03, 59.04, 59.05, 59.06, 60.01, 60.02, 60.03, 60.04, 60.05, 60.06, 63.02, 63.07, 70.19, 73.15, 73.26 or 76.16, to be marked, torn, perforated or otherwise treated so as to be unsuitable for sale or for use except as commercial samples, specified or provided by a customer at arm's length, for use in the manufacture of sample books, sample cards, sample chain sets, sample boards, sample boxes, sample displays and sample stack sets.;;;;;;;ES;Special classification provisions - commercial---Articles of heading 39.18, 39.20, 39.21, 39.25, 39.26, 40.08, 40.16, 44.21, 46.01, 48.14, 48.21, 51.11, 51.12, 52.08, 52.09, 52.10, 52.11, 52.12, 53.09, 53.10, 53.11, 54.01, 54.07, 54.08, 55.12, 55.13, 55.14, 55.15, 55.16, 56.03, 56.07, 57.02, 57.03, 57.05, 58.01, 58.02, 58.03, 58.04, 58.05, 58.06, 58.08, 58.09, 58.10, 58.11, 59.03, 59.04, 59.05, 59.06, 60.01, 60.02, 60.03, 60.04, 60.05, 60.06, 63.02, 63.07, 70.19, 73.15, 73.26 or 76.16, to be marked, torn, perforated or otherwise treated so as to be unsuitable for sale or for use except as commercial samples, specified or provided by a customer at arm's length, for use in the manufacture of sample books, sample cards, sample chain sets, sample boards, sample boxes, sample displays and sample stack sets.;;;;;;;N/A;;_DCA25;20240101;99991231;0;0;;;;;;
CA;99940000;20240101;99991231;EN;Special classification provisions - commercial---Articles of heading 39.18, 39.20, 39.21, 39.25, 39.26, 40.08, 40.16, 44.21, 46.01, 48.14, 48.21, 51.11, 51.12, 52.08, 52.09, 52.10, 52.11, 52.12, 53.09, 53.10, 53.11, 54.01, 54.07, 54.08, 55.12, 55.13, 55.14, 55.15, 55.16, 56.03, 56.07, 57.02, 57.03, 57.05, 58.01, 58.02, 58.03, 58.04, 58.05, 58.06, 58.08, 58.09, 58.10, 58.11, 59.03, 59.04, 59.05, 59.06, 60.01, 60.02, 60.03, 60.04, 60.05, 60.06, 63.02, 63.07, 70.19, 73.15, 73.26 or 76.16, to be marked, torn, perforated or otherwise treated so as to be unsuitable for sale or for use except as commercial samples, specified or provided by a customer at arm's length, for use in the manufacture of sample books, sample cards, sample chain sets, sample boards, sample boxes, sample displays and sample stack sets.;;;;;;;ES;Special classification provisions - commercial---Articles of heading 39.18, 39.20, 39.21, 39.25, 39.26, 40.08, 40.16, 44.21, 46.01, 48.14, 48.21, 51.11, 51.12, 52.08, 52.09, 52.10, 52.11, 52.12, 53.09, 53.10, 53.11, 54.01, 54.07, 54.08, 55.12, 55.13, 55.14, 55.15, 55.16, 56.03, 56.07, 57.02, 57.03, 57.05, 58.01, 58.02, 58.03, 58.04, 58.05, 58.06, 58.08, 58.09, 58.10, 58.11, 59.03, 59.04, 59.05, 59.06, 60.01, 60.02, 60.03, 60.04, 60.05, 60.06, 63.02, 63.07, 70.19, 73.15, 73.26 or 76.16, to be marked, torn, perforated or otherwise treated so as to be unsuitable for sale or for use except as commercial samples, specified or provided by a customer at arm's length, for use in the manufacture of sample books, sample cards, sample chain sets, sample boards, sample boxes, sample displays and sample stack sets.;;;;;;;N/A;;_DCA26;20240101;99991231;0;0;;;;;;
CA;99940000;20240101;99991231;EN;Special classification provisions - commercial---Articles of heading 39.18, 39.20, 39.21, 39.25, 39.26, 40.08, 40.16, 44.21, 46.01, 48.14, 48.21, 51.11, 51.12, 52.08, 52.09, 52.10, 52.11, 52.12, 53.09, 53.10, 53.11, 54.01, 54.07, 54.08, 55.12, 55.13, 55.14, 55.15, 55.16, 56.03, 56.07, 57.02, 57.03, 57.05, 58.01, 58.02, 58.03, 58.04, 58.05, 58.06, 58.08, 58.09, 58.10, 58.11, 59.03, 59.04, 59.05, 59.06, 60.01, 60.02, 60.03, 60.04, 60.05, 60.06, 63.02, 63.07, 70.19, 73.15, 73.26 or 76.16, to be marked, torn, perforated or otherwise treated so as to be unsuitable for sale or for use except as commercial samples, specified or provided by a customer at arm's length, for use in the manufacture of sample books, sample cards, sample chain sets, sample boards, sample boxes, sample displays and sample stack sets.;;;;;;;ES;Special classification provisions - commercial---Articles of heading 39.18, 39.20, 39.21, 39.25, 39.26, 40.08, 40.16, 44.21, 46.01, 48.14, 48.21, 51.11, 51.12, 52.08, 52.09, 52.10, 52.11, 52.12, 53.09, 53.10, 53.11, 54.01, 54.07, 54.08, 55.12, 55.13, 55.14, 55.15, 55.16, 56.03, 56.07, 57.02, 57.03, 57.05, 58.01, 58.02, 58.03, 58.04, 58.05, 58.06, 58.08, 58.09, 58.10, 58.11, 59.03, 59.04, 59.05, 59.06, 60.01, 60.02, 60.03, 60.04, 60.05, 60.06, 63.02, 63.07, 70.19, 73.15, 73.26 or 76.16, to be marked, torn, perforated or otherwise treated so as to be unsuitable for sale or for use except as commercial samples, specified or provided by a customer at arm's length, for use in the manufacture of sample books, sample cards, sample chain sets, sample boards, sample boxes, sample displays and sample stack sets.;;;;;;;N/A;;_DCA27;20240101;99991231;0;0;;;;;;
CA;99940000;20240101;99991231;EN;Special classification provisions - commercial---Articles of heading 39.18, 39.20, 39.21, 39.25, 39.26, 40.08, 40.16, 44.21, 46.01, 48.14, 48.21, 51.11, 51.12, 52.08, 52.09, 52.10, 52.11, 52.12, 53.09, 53.10, 53.11, 54.01, 54.07, 54.08, 55.12, 55.13, 55.14, 55.15, 55.16, 56.03, 56.07, 57.02, 57.03, 57.05, 58.01, 58.02, 58.03, 58.04, 58.05, 58.06, 58.08, 58.09, 58.10, 58.11, 59.03, 59.04, 59.05, 59.06, 60.01, 60.02, 60.03, 60.04, 60.05, 60.06, 63.02, 63.07, 70.19, 73.15, 73.26 or 76.16, to be marked, torn, perforated or otherwise treated so as to be unsuitable for sale or for use except as commercial samples, specified or provided by a customer at arm's length, for use in the manufacture of sample books, sample cards, sample chain sets, sample boards, sample boxes, sample displays and sample stack sets.;;;;;;;ES;Special classification provisions - commercial---Articles of heading 39.18, 39.20, 39.21, 39.25, 39.26, 40.08, 40.16, 44.21, 46.01, 48.14, 48.21, 51.11, 51.12, 52.08, 52.09, 52.10, 52.11, 52.12, 53.09, 53.10, 53.11, 54.01, 54.07, 54.08, 55.12, 55.13, 55.14, 55.15, 55.16, 56.03, 56.07, 57.02, 57.03, 57.05, 58.01, 58.02, 58.03, 58.04, 58.05, 58.06, 58.08, 58.09, 58.10, 58.11, 59.03, 59.04, 59.05, 59.06, 60.01, 60.02, 60.03, 60.04, 60.05, 60.06, 63.02, 63.07, 70.19, 73.15, 73.26 or 76.16, to be marked, torn, perforated or otherwise treated so as to be unsuitable for sale or for use except as commercial samples, specified or provided by a customer at arm's length, for use in the manufacture of sample books, sample cards, sample chain sets, sample boards, sample boxes, sample displays and sample stack sets.;;;;;;;N/A;;_DCA28;20240101;99991231;0;0;;;;;;
CA;99940000;20240101;99991231;EN;Special classification provisions - commercial---Articles of heading 39.18, 39.20, 39.21, 39.25, 39.26, 40.08, 40.16, 44.21, 46.01, 48.14, 48.21, 51.11, 51.12, 52.08, 52.09, 52.10, 52.11, 52.12, 53.09, 53.10, 53.11, 54.01, 54.07, 54.08, 55.12, 55.13, 55.14, 55.15, 55.16, 56.03, 56.07, 57.02, 57.03, 57.05, 58.01, 58.02, 58.03, 58.04, 58.05, 58.06, 58.08, 58.09, 58.10, 58.11, 59.03, 59.04, 59.05, 59.06, 60.01, 60.02, 60.03, 60.04, 60.05, 60.06, 63.02, 63.07, 70.19, 73.15, 73.26 or 76.16, to be marked, torn, perforated or otherwise treated so as to be unsuitable for sale or for use except as commercial samples, specified or provided by a customer at arm's length, for use in the manufacture of sample books, sample cards, sample chain sets, sample boards, sample boxes, sample displays and sample stack sets.;;;;;;;ES;Special classification provisions - commercial---Articles of heading 39.18, 39.20, 39.21, 39.25, 39.26, 40.08, 40.16, 44.21, 46.01, 48.14, 48.21, 51.11, 51.12, 52.08, 52.09, 52.10, 52.11, 52.12, 53.09, 53.10, 53.11, 54.01, 54.07, 54.08, 55.12, 55.13, 55.14, 55.15, 55.16, 56.03, 56.07, 57.02, 57.03, 57.05, 58.01, 58.02, 58.03, 58.04, 58.05, 58.06, 58.08, 58.09, 58.10, 58.11, 59.03, 59.04, 59.05, 59.06, 60.01, 60.02, 60.03, 60.04, 60.05, 60.06, 63.02, 63.07, 70.19, 73.15, 73.26 or 76.16, to be marked, torn, perforated or otherwise treated so as to be unsuitable for sale or for use except as commercial samples, specified or provided by a customer at arm's length, for use in the manufacture of sample books, sample cards, sample chain sets, sample boards, sample boxes, sample displays and sample stack sets.;;;;;;;N/A;;_DCA3;20240101;99991231;0;0;;;;;;
CA;99940000;20240101;99991231;EN;Special classification provisions - commercial---Articles of heading 39.18, 39.20, 39.21, 39.25, 39.26, 40.08, 40.16, 44.21, 46.01, 48.14, 48.21, 51.11, 51.12, 52.08, 52.09, 52.10, 52.11, 52.12, 53.09, 53.10, 53.11, 54.01, 54.07, 54.08, 55.12, 55.13, 55.14, 55.15, 55.16, 56.03, 56.07, 57.02, 57.03, 57.05, 58.01, 58.02, 58.03, 58.04, 58.05, 58.06, 58.08, 58.09, 58.10, 58.11, 59.03, 59.04, 59.05, 59.06, 60.01, 60.02, 60.03, 60.04, 60.05, 60.06, 63.02, 63.07, 70.19, 73.15, 73.26 or 76.16, to be marked, torn, perforated or otherwise treated so as to be unsuitable for sale or for use except as commercial samples, specified or provided by a customer at arm's length, for use in the manufacture of sample books, sample cards, sample chain sets, sample boards, sample boxes, sample displays and sample stack sets.;;;;;;;ES;Special classification provisions - commercial---Articles of heading 39.18, 39.20, 39.21, 39.25, 39.26, 40.08, 40.16, 44.21, 46.01, 48.14, 48.21, 51.11, 51.12, 52.08, 52.09, 52.10, 52.11, 52.12, 53.09, 53.10, 53.11, 54.01, 54.07, 54.08, 55.12, 55.13, 55.14, 55.15, 55.16, 56.03, 56.07, 57.02, 57.03, 57.05, 58.01, 58.02, 58.03, 58.04, 58.05, 58.06, 58.08, 58.09, 58.10, 58.11, 59.03, 59.04, 59.05, 59.06, 60.01, 60.02, 60.03, 60.04, 60.05, 60.06, 63.02, 63.07, 70.19, 73.15, 73.26 or 76.16, to be marked, torn, perforated or otherwise treated so as to be unsuitable for sale or for use except as commercial samples, specified or provided by a customer at arm's length, for use in the manufacture of sample books, sample cards, sample chain sets, sample boards, sample boxes, sample displays and sample stack sets.;;;;;;;N/A;;_DCA33;20240101;99991231;0;0;;;;;;
CA;99940000;20240101;99991231;EN;Special classification provisions - commercial---Articles of heading 39.18, 39.20, 39.21, 39.25, 39.26, 40.08, 40.16, 44.21, 46.01, 48.14, 48.21, 51.11, 51.12, 52.08, 52.09, 52.10, 52.11, 52.12, 53.09, 53.10, 53.11, 54.01, 54.07, 54.08, 55.12, 55.13, 55.14, 55.15, 55.16, 56.03, 56.07, 57.02, 57.03, 57.05, 58.01, 58.02, 58.03, 58.04, 58.05, 58.06, 58.08, 58.09, 58.10, 58.11, 59.03, 59.04, 59.05, 59.06, 60.01, 60.02, 60.03, 60.04, 60.05, 60.06, 63.02, 63.07, 70.19, 73.15, 73.26 or 76.16, to be marked, torn, perforated or otherwise treated so as to be unsuitable for sale or for use except as commercial samples, specified or provided by a customer at arm's length, for use in the manufacture of sample books, sample cards, sample chain sets, sample boards, sample boxes, sample displays and sample stack sets.;;;;;;;ES;Special classification provisions - commercial---Articles of heading 39.18, 39.20, 39.21, 39.25, 39.26, 40.08, 40.16, 44.21, 46.01, 48.14, 48.21, 51.11, 51.12, 52.08, 52.09, 52.10, 52.11, 52.12, 53.09, 53.10, 53.11, 54.01, 54.07, 54.08, 55.12, 55.13, 55.14, 55.15, 55.16, 56.03, 56.07, 57.02, 57.03, 57.05, 58.01, 58.02, 58.03, 58.04, 58.05, 58.06, 58.08, 58.09, 58.10, 58.11, 59.03, 59.04, 59.05, 59.06, 60.01, 60.02, 60.03, 60.04, 60.05, 60.06, 63.02, 63.07, 70.19, 73.15, 73.26 or 76.16, to be marked, torn, perforated or otherwise treated so as to be unsuitable for sale or for use except as commercial samples, specified or provided by a customer at arm's length, for use in the manufacture of sample books, sample cards, sample chain sets, sample boards, sample boxes, sample displays and sample stack sets.;;;;;;;N/A;;_DCA34;20240101;99991231;0;0;;;;;;
CA;99940000;20240101;99991231;EN;Special classification provisions - commercial---Articles of heading 39.18, 39.20, 39.21, 39.25, 39.26, 40.08, 40.16, 44.21, 46.01, 48.14, 48.21, 51.11, 51.12, 52.08, 52.09, 52.10, 52.11, 52.12, 53.09, 53.10, 53.11, 54.01, 54.07, 54.08, 55.12, 55.13, 55.14, 55.15, 55.16, 56.03, 56.07, 57.02, 57.03, 57.05, 58.01, 58.02, 58.03, 58.04, 58.05, 58.06, 58.08, 58.09, 58.10, 58.11, 59.03, 59.04, 59.05, 59.06, 60.01, 60.02, 60.03, 60.04, 60.05, 60.06, 63.02, 63.07, 70.19, 73.15, 73.26 or 76.16, to be marked, torn, perforated or otherwise treated so as to be unsuitable for sale or for use except as commercial samples, specified or provided by a customer at arm's length, for use in the manufacture of sample books, sample cards, sample chain sets, sample boards, sample boxes, sample displays and sample stack sets.;;;;;;;ES;Special classification provisions - commercial---Articles of heading 39.18, 39.20, 39.21, 39.25, 39.26, 40.08, 40.16, 44.21, 46.01, 48.14, 48.21, 51.11, 51.12, 52.08, 52.09, 52.10, 52.11, 52.12, 53.09, 53.10, 53.11, 54.01, 54.07, 54.08, 55.12, 55.13, 55.14, 55.15, 55.16, 56.03, 56.07, 57.02, 57.03, 57.05, 58.01, 58.02, 58.03, 58.04, 58.05, 58.06, 58.08, 58.09, 58.10, 58.11, 59.03, 59.04, 59.05, 59.06, 60.01, 60.02, 60.03, 60.04, 60.05, 60.06, 63.02, 63.07, 70.19, 73.15, 73.26 or 76.16, to be marked, torn, perforated or otherwise treated so as to be unsuitable for sale or for use except as commercial samples, specified or provided by a customer at arm's length, for use in the manufacture of sample books, sample cards, sample chain sets, sample boards, sample boxes, sample displays and sample stack sets.;;;;;;;N/A;;_DCA35;20240101;99991231;0;0;;;;;;
CA;99940000;20240101;99991231;EN;Special classification provisions - commercial---Articles of heading 39.18, 39.20, 39.21, 39.25, 39.26, 40.08, 40.16, 44.21, 46.01, 48.14, 48.21, 51.11, 51.12, 52.08, 52.09, 52.10, 52.11, 52.12, 53.09, 53.10, 53.11, 54.01, 54.07, 54.08, 55.12, 55.13, 55.14, 55.15, 55.16, 56.03, 56.07, 57.02, 57.03, 57.05, 58.01, 58.02, 58.03, 58.04, 58.05, 58.06, 58.08, 58.09, 58.10, 58.11, 59.03, 59.04, 59.05, 59.06, 60.01, 60.02, 60.03, 60.04, 60.05, 60.06, 63.02, 63.07, 70.19, 73.15, 73.26 or 76.16, to be marked, torn, perforated or otherwise treated so as to be unsuitable for sale or for use except as commercial samples, specified or provided by a customer at arm's length, for use in the manufacture of sample books, sample cards, sample chain sets, sample boards, sample boxes, sample displays and sample stack sets.;;;;;;;ES;Special classification provisions - commercial---Articles of heading 39.18, 39.20, 39.21, 39.25, 39.26, 40.08, 40.16, 44.21, 46.01, 48.14, 48.21, 51.11, 51.12, 52.08, 52.09, 52.10, 52.11, 52.12, 53.09, 53.10, 53.11, 54.01, 54.07, 54.08, 55.12, 55.13, 55.14, 55.15, 55.16, 56.03, 56.07, 57.02, 57.03, 57.05, 58.01, 58.02, 58.03, 58.04, 58.05, 58.06, 58.08, 58.09, 58.10, 58.11, 59.03, 59.04, 59.05, 59.06, 60.01, 60.02, 60.03, 60.04, 60.05, 60.06, 63.02, 63.07, 70.19, 73.15, 73.26 or 76.16, to be marked, torn, perforated or otherwise treated so as to be unsuitable for sale or for use except as commercial samples, specified or provided by a customer at arm's length, for use in the manufacture of sample books, sample cards, sample chain sets, sample boards, sample boxes, sample displays and sample stack sets.;;;;;;;N/A;;_DCA36;20240101;99991231;0;0;;;;;;
CA;99940000;20240101;99991231;EN;Special classification provisions - commercial---Articles of heading 39.18, 39.20, 39.21, 39.25, 39.26, 40.08, 40.16, 44.21, 46.01, 48.14, 48.21, 51.11, 51.12, 52.08, 52.09, 52.10, 52.11, 52.12, 53.09, 53.10, 53.11, 54.01, 54.07, 54.08, 55.12, 55.13, 55.14, 55.15, 55.16, 56.03, 56.07, 57.02, 57.03, 57.05, 58.01, 58.02, 58.03, 58.04, 58.05, 58.06, 58.08, 58.09, 58.10, 58.11, 59.03, 59.04, 59.05, 59.06, 60.01, 60.02, 60.03, 60.04, 60.05, 60.06, 63.02, 63.07, 70.19, 73.15, 73.26 or 76.16, to be marked, torn, perforated or otherwise treated so as to be unsuitable for sale or for use except as commercial samples, specified or provided by a customer at arm's length, for use in the manufacture of sample books, sample cards, sample chain sets, sample boards, sample boxes, sample displays and sample stack sets.;;;;;;;ES;Special classification provisions - commercial---Articles of heading 39.18, 39.20, 39.21, 39.25, 39.26, 40.08, 40.16, 44.21, 46.01, 48.14, 48.21, 51.11, 51.12, 52.08, 52.09, 52.10, 52.11, 52.12, 53.09, 53.10, 53.11, 54.01, 54.07, 54.08, 55.12, 55.13, 55.14, 55.15, 55.16, 56.03, 56.07, 57.02, 57.03, 57.05, 58.01, 58.02, 58.03, 58.04, 58.05, 58.06, 58.08, 58.09, 58.10, 58.11, 59.03, 59.04, 59.05, 59.06, 60.01, 60.02, 60.03, 60.04, 60.05, 60.06, 63.02, 63.07, 70.19, 73.15, 73.26 or 76.16, to be marked, torn, perforated or otherwise treated so as to be unsuitable for sale or for use except as commercial samples, specified or provided by a customer at arm's length, for use in the manufacture of sample books, sample cards, sample chain sets, sample boards, sample boxes, sample displays and sample stack sets.;;;;;;;N/A;;_DCA8;20240101;99991231;0;0;;;;;;
CA;99940000;20240101;99991231;EN;Special classification provisions - commercial---Articles of heading 39.18, 39.20, 39.21, 39.25, 39.26, 40.08, 40.16, 44.21, 46.01, 48.14, 48.21, 51.11, 51.12, 52.08, 52.09, 52.10, 52.11, 52.12, 53.09, 53.10, 53.11, 54.01, 54.07, 54.08, 55.12, 55.13, 55.14, 55.15, 55.16, 56.03, 56.07, 57.02, 57.03, 57.05, 58.01, 58.02, 58.03, 58.04, 58.05, 58.06, 58.08, 58.09, 58.10, 58.11, 59.03, 59.04, 59.05, 59.06, 60.01, 60.02, 60.03, 60.04, 60.05, 60.06, 63.02, 63.07, 70.19, 73.15, 73.26 or 76.16, to be marked, torn, perforated or otherwise treated so as to be unsuitable for sale or for use except as commercial samples, specified or provided by a customer at arm's length, for use in the manufacture of sample books, sample cards, sample chain sets, sample boards, sample boxes, sample displays and sample stack sets.;;;;;;;ES;Special classification provisions - commercial---Articles of heading 39.18, 39.20, 39.21, 39.25, 39.26, 40.08, 40.16, 44.21, 46.01, 48.14, 48.21, 51.11, 51.12, 52.08, 52.09, 52.10, 52.11, 52.12, 53.09, 53.10, 53.11, 54.01, 54.07, 54.08, 55.12, 55.13, 55.14, 55.15, 55.16, 56.03, 56.07, 57.02, 57.03, 57.05, 58.01, 58.02, 58.03, 58.04, 58.05, 58.06, 58.08, 58.09, 58.10, 58.11, 59.03, 59.04, 59.05, 59.06, 60.01, 60.02, 60.03, 60.04, 60.05, 60.06, 63.02, 63.07, 70.19, 73.15, 73.26 or 76.16, to be marked, torn, perforated or otherwise treated so as to be unsuitable for sale or for use except as commercial samples, specified or provided by a customer at arm's length, for use in the manufacture of sample books, sample cards, sample chain sets, sample boards, sample boxes, sample displays and sample stack sets.;;;;;;;N/A;;_DCA9;20240101;99991231;0;0;;;;;;
CA;99950000;20240101;99991231;EN;"Special classification provisions - commercial---Woven fabrics, whether or not embroidered, solely of single cotton yarns, measuring 70 decitex or more but not exceeding 150 decitex, having a sum of yarns per 10 cm in the warp and the weft of 790 or more, with an air permeability not exceeding 5.0 cm³/cm²-s-1 as determined by CAN/CGSB-4.2 No. 36-M89, for use in the manufacture of shells for duvets, featherbeds and pillows filled solely with ""commercial landfowl feather"", ""commercial waterfowl feather"", or ""commercial down"" or any combination thereof, as defined in the Textile Labelling and Advertising Regulations, or synthetic staple fibres of Chapter 55.Shells, made of fabrics of Chapter 52,54, 55, 58 or 60, for use in the manufacture of duvets, featherbeds and pillows filled solely as described above.";;;;;;;ES;"Special classification provisions - commercial---Woven fabrics, whether or not embroidered, solely of single cotton yarns, measuring 70 decitex or more but not exceeding 150 decitex, having a sum of yarns per 10 cm in the warp and the weft of 790 or more, with an air permeability not exceeding 5.0 cm³/cm²-s-1 as determined by CAN/CGSB-4.2 No. 36-M89, for use in the manufacture of shells for duvets, featherbeds and pillows filled solely with ""commercial landfowl feather"", ""commercial waterfowl feather"", or ""commercial down"" or any combination thereof, as defined in the Textile Labelling and Advertising Regulations, or synthetic staple fibres of Chapter 55.Shells, made of fabrics of Chapter 52,54, 55, 58 or 60, for use in the manufacture of duvets, featherbeds and pillows filled solely as described above.";;;;;;;N/A;;_DCA1;20240101;99991231;0;0;;;;;;
CA;99950000;20240101;99991231;EN;"Special classification provisions - commercial---Woven fabrics, whether or not embroidered, solely of single cotton yarns, measuring 70 decitex or more but not exceeding 150 decitex, having a sum of yarns per 10 cm in the warp and the weft of 790 or more, with an air permeability not exceeding 5.0 cm³/cm²-s-1 as determined by CAN/CGSB-4.2 No. 36-M89, for use in the manufacture of shells for duvets, featherbeds and pillows filled solely with ""commercial landfowl feather"", ""commercial waterfowl feather"", or ""commercial down"" or any combination thereof, as defined in the Textile Labelling and Advertising Regulations, or synthetic staple fibres of Chapter 55.Shells, made of fabrics of Chapter 52,54, 55, 58 or 60, for use in the manufacture of duvets, featherbeds and pillows filled solely as described above.";;;;;;;ES;"Special classification provisions - commercial---Woven fabrics, whether or not embroidered, solely of single cotton yarns, measuring 70 decitex or more but not exceeding 150 decitex, having a sum of yarns per 10 cm in the warp and the weft of 790 or more, with an air permeability not exceeding 5.0 cm³/cm²-s-1 as determined by CAN/CGSB-4.2 No. 36-M89, for use in the manufacture of shells for duvets, featherbeds and pillows filled solely with ""commercial landfowl feather"", ""commercial waterfowl feather"", or ""commercial down"" or any combination thereof, as defined in the Textile Labelling and Advertising Regulations, or synthetic staple fibres of Chapter 55.Shells, made of fabrics of Chapter 52,54, 55, 58 or 60, for use in the manufacture of duvets, featherbeds and pillows filled solely as described above.";;;;;;;N/A;;_DCA12;20240101;99991231;35;0;;;;;;
CA;99950000;20240101;99991231;EN;"Special classification provisions - commercial---Woven fabrics, whether or not embroidered, solely of single cotton yarns, measuring 70 decitex or more but not exceeding 150 decitex, having a sum of yarns per 10 cm in the warp and the weft of 790 or more, with an air permeability not exceeding 5.0 cm³/cm²-s-1 as determined by CAN/CGSB-4.2 No. 36-M89, for use in the manufacture of shells for duvets, featherbeds and pillows filled solely with ""commercial landfowl feather"", ""commercial waterfowl feather"", or ""commercial down"" or any combination thereof, as defined in the Textile Labelling and Advertising Regulations, or synthetic staple fibres of Chapter 55.Shells, made of fabrics of Chapter 52,54, 55, 58 or 60, for use in the manufacture of duvets, featherbeds and pillows filled solely as described above.";;;;;;;ES;"Special classification provisions - commercial---Woven fabrics, whether or not embroidered, solely of single cotton yarns, measuring 70 decitex or more but not exceeding 150 decitex, having a sum of yarns per 10 cm in the warp and the weft of 790 or more, with an air permeability not exceeding 5.0 cm³/cm²-s-1 as determined by CAN/CGSB-4.2 No. 36-M89, for use in the manufacture of shells for duvets, featherbeds and pillows filled solely with ""commercial landfowl feather"", ""commercial waterfowl feather"", or ""commercial down"" or any combination thereof, as defined in the Textile Labelling and Advertising Regulations, or synthetic staple fibres of Chapter 55.Shells, made of fabrics of Chapter 52,54, 55, 58 or 60, for use in the manufacture of duvets, featherbeds and pillows filled solely as described above.";;;;;;;N/A;;_DCA14;20240101;99991231;0;0;;;;;;
CA;99950000;20240101;99991231;EN;"Special classification provisions - commercial---Woven fabrics, whether or not embroidered, solely of single cotton yarns, measuring 70 decitex or more but not exceeding 150 decitex, having a sum of yarns per 10 cm in the warp and the weft of 790 or more, with an air permeability not exceeding 5.0 cm³/cm²-s-1 as determined by CAN/CGSB-4.2 No. 36-M89, for use in the manufacture of shells for duvets, featherbeds and pillows filled solely with ""commercial landfowl feather"", ""commercial waterfowl feather"", or ""commercial down"" or any combination thereof, as defined in the Textile Labelling and Advertising Regulations, or synthetic staple fibres of Chapter 55.Shells, made of fabrics of Chapter 52,54, 55, 58 or 60, for use in the manufacture of duvets, featherbeds and pillows filled solely as described above.";;;;;;;ES;"Special classification provisions - commercial---Woven fabrics, whether or not embroidered, solely of single cotton yarns, measuring 70 decitex or more but not exceeding 150 decitex, having a sum of yarns per 10 cm in the warp and the weft of 790 or more, with an air permeability not exceeding 5.0 cm³/cm²-s-1 as determined by CAN/CGSB-4.2 No. 36-M89, for use in the manufacture of shells for duvets, featherbeds and pillows filled solely with ""commercial landfowl feather"", ""commercial waterfowl feather"", or ""commercial down"" or any combination thereof, as defined in the Textile Labelling and Advertising Regulations, or synthetic staple fibres of Chapter 55.Shells, made of fabrics of Chapter 52,54, 55, 58 or 60, for use in the manufacture of duvets, featherbeds and pillows filled solely as described above.";;;;;;;N/A;;_DCA17;20240101;99991231;0;0;;;;;;
CA;99950000;20240101;99991231;EN;"Special classification provisions - commercial---Woven fabrics, whether or not embroidered, solely of single cotton yarns, measuring 70 decitex or more but not exceeding 150 decitex, having a sum of yarns per 10 cm in the warp and the weft of 790 or more, with an air permeability not exceeding 5.0 cm³/cm²-s-1 as determined by CAN/CGSB-4.2 No. 36-M89, for use in the manufacture of shells for duvets, featherbeds and pillows filled solely with ""commercial landfowl feather"", ""commercial waterfowl feather"", or ""commercial down"" or any combination thereof, as defined in the Textile Labelling and Advertising Regulations, or synthetic staple fibres of Chapter 55.Shells, made of fabrics of Chapter 52,54, 55, 58 or 60, for use in the manufacture of duvets, featherbeds and pillows filled solely as described above.";;;;;;;ES;"Special classification provisions - commercial---Woven fabrics, whether or not embroidered, solely of single cotton yarns, measuring 70 decitex or more but not exceeding 150 decitex, having a sum of yarns per 10 cm in the warp and the weft of 790 or more, with an air permeability not exceeding 5.0 cm³/cm²-s-1 as determined by CAN/CGSB-4.2 No. 36-M89, for use in the manufacture of shells for duvets, featherbeds and pillows filled solely with ""commercial landfowl feather"", ""commercial waterfowl feather"", or ""commercial down"" or any combination thereof, as defined in the Textile Labelling and Advertising Regulations, or synthetic staple fibres of Chapter 55.Shells, made of fabrics of Chapter 52,54, 55, 58 or 60, for use in the manufacture of duvets, featherbeds and pillows filled solely as described above.";;;;;;;N/A;;_DCA18;20240101;99991231;0;0;;;;;;
CA;99950000;20240101;99991231;EN;"Special classification provisions - commercial---Woven fabrics, whether or not embroidered, solely of single cotton yarns, measuring 70 decitex or more but not exceeding 150 decitex, having a sum of yarns per 10 cm in the warp and the weft of 790 or more, with an air permeability not exceeding 5.0 cm³/cm²-s-1 as determined by CAN/CGSB-4.2 No. 36-M89, for use in the manufacture of shells for duvets, featherbeds and pillows filled solely with ""commercial landfowl feather"", ""commercial waterfowl feather"", or ""commercial down"" or any combination thereof, as defined in the Textile Labelling and Advertising Regulations, or synthetic staple fibres of Chapter 55.Shells, made of fabrics of Chapter 52,54, 55, 58 or 60, for use in the manufacture of duvets, featherbeds and pillows filled solely as described above.";;;;;;;ES;"Special classification provisions - commercial---Woven fabrics, whether or not embroidered, solely of single cotton yarns, measuring 70 decitex or more but not exceeding 150 decitex, having a sum of yarns per 10 cm in the warp and the weft of 790 or more, with an air permeability not exceeding 5.0 cm³/cm²-s-1 as determined by CAN/CGSB-4.2 No. 36-M89, for use in the manufacture of shells for duvets, featherbeds and pillows filled solely with ""commercial landfowl feather"", ""commercial waterfowl feather"", or ""commercial down"" or any combination thereof, as defined in the Textile Labelling and Advertising Regulations, or synthetic staple fibres of Chapter 55.Shells, made of fabrics of Chapter 52,54, 55, 58 or 60, for use in the manufacture of duvets, featherbeds and pillows filled solely as described above.";;;;;;;N/A;;_DCA19;20240101;99991231;0;0;;;;;;
CA;99950000;20240101;99991231;EN;"Special classification provisions - commercial---Woven fabrics, whether or not embroidered, solely of single cotton yarns, measuring 70 decitex or more but not exceeding 150 decitex, having a sum of yarns per 10 cm in the warp and the weft of 790 or more, with an air permeability not exceeding 5.0 cm³/cm²-s-1 as determined by CAN/CGSB-4.2 No. 36-M89, for use in the manufacture of shells for duvets, featherbeds and pillows filled solely with ""commercial landfowl feather"", ""commercial waterfowl feather"", or ""commercial down"" or any combination thereof, as defined in the Textile Labelling and Advertising Regulations, or synthetic staple fibres of Chapter 55.Shells, made of fabrics of Chapter 52,54, 55, 58 or 60, for use in the manufacture of duvets, featherbeds and pillows filled solely as described above.";;;;;;;ES;"Special classification provisions - commercial---Woven fabrics, whether or not embroidered, solely of single cotton yarns, measuring 70 decitex or more but not exceeding 150 decitex, having a sum of yarns per 10 cm in the warp and the weft of 790 or more, with an air permeability not exceeding 5.0 cm³/cm²-s-1 as determined by CAN/CGSB-4.2 No. 36-M89, for use in the manufacture of shells for duvets, featherbeds and pillows filled solely with ""commercial landfowl feather"", ""commercial waterfowl feather"", or ""commercial down"" or any combination thereof, as defined in the Textile Labelling and Advertising Regulations, or synthetic staple fibres of Chapter 55.Shells, made of fabrics of Chapter 52,54, 55, 58 or 60, for use in the manufacture of duvets, featherbeds and pillows filled solely as described above.";;;;;;;N/A;;_DCA20;20240101;99991231;0;0;;;;;;
CA;99950000;20240101;99991231;EN;"Special classification provisions - commercial---Woven fabrics, whether or not embroidered, solely of single cotton yarns, measuring 70 decitex or more but not exceeding 150 decitex, having a sum of yarns per 10 cm in the warp and the weft of 790 or more, with an air permeability not exceeding 5.0 cm³/cm²-s-1 as determined by CAN/CGSB-4.2 No. 36-M89, for use in the manufacture of shells for duvets, featherbeds and pillows filled solely with ""commercial landfowl feather"", ""commercial waterfowl feather"", or ""commercial down"" or any combination thereof, as defined in the Textile Labelling and Advertising Regulations, or synthetic staple fibres of Chapter 55.Shells, made of fabrics of Chapter 52,54, 55, 58 or 60, for use in the manufacture of duvets, featherbeds and pillows filled solely as described above.";;;;;;;ES;"Special classification provisions - commercial---Woven fabrics, whether or not embroidered, solely of single cotton yarns, measuring 70 decitex or more but not exceeding 150 decitex, having a sum of yarns per 10 cm in the warp and the weft of 790 or more, with an air permeability not exceeding 5.0 cm³/cm²-s-1 as determined by CAN/CGSB-4.2 No. 36-M89, for use in the manufacture of shells for duvets, featherbeds and pillows filled solely with ""commercial landfowl feather"", ""commercial waterfowl feather"", or ""commercial down"" or any combination thereof, as defined in the Textile Labelling and Advertising Regulations, or synthetic staple fibres of Chapter 55.Shells, made of fabrics of Chapter 52,54, 55, 58 or 60, for use in the manufacture of duvets, featherbeds and pillows filled solely as described above.";;;;;;;N/A;;_DCA21;20240101;99991231;0;0;;;;;;
CA;99950000;20240101;99991231;EN;"Special classification provisions - commercial---Woven fabrics, whether or not embroidered, solely of single cotton yarns, measuring 70 decitex or more but not exceeding 150 decitex, having a sum of yarns per 10 cm in the warp and the weft of 790 or more, with an air permeability not exceeding 5.0 cm³/cm²-s-1 as determined by CAN/CGSB-4.2 No. 36-M89, for use in the manufacture of shells for duvets, featherbeds and pillows filled solely with ""commercial landfowl feather"", ""commercial waterfowl feather"", or ""commercial down"" or any combination thereof, as defined in the Textile Labelling and Advertising Regulations, or synthetic staple fibres of Chapter 55.Shells, made of fabrics of Chapter 52,54, 55, 58 or 60, for use in the manufacture of duvets, featherbeds and pillows filled solely as described above.";;;;;;;ES;"Special classification provisions - commercial---Woven fabrics, whether or not embroidered, solely of single cotton yarns, measuring 70 decitex or more but not exceeding 150 decitex, having a sum of yarns per 10 cm in the warp and the weft of 790 or more, with an air permeability not exceeding 5.0 cm³/cm²-s-1 as determined by CAN/CGSB-4.2 No. 36-M89, for use in the manufacture of shells for duvets, featherbeds and pillows filled solely with ""commercial landfowl feather"", ""commercial waterfowl feather"", or ""commercial down"" or any combination thereof, as defined in the Textile Labelling and Advertising Regulations, or synthetic staple fibres of Chapter 55.Shells, made of fabrics of Chapter 52,54, 55, 58 or 60, for use in the manufacture of duvets, featherbeds and pillows filled solely as described above.";;;;;;;N/A;;_DCA22;20240101;99991231;0;0;;;;;;
CA;99950000;20240101;99991231;EN;"Special classification provisions - commercial---Woven fabrics, whether or not embroidered, solely of single cotton yarns, measuring 70 decitex or more but not exceeding 150 decitex, having a sum of yarns per 10 cm in the warp and the weft of 790 or more, with an air permeability not exceeding 5.0 cm³/cm²-s-1 as determined by CAN/CGSB-4.2 No. 36-M89, for use in the manufacture of shells for duvets, featherbeds and pillows filled solely with ""commercial landfowl feather"", ""commercial waterfowl feather"", or ""commercial down"" or any combination thereof, as defined in the Textile Labelling and Advertising Regulations, or synthetic staple fibres of Chapter 55.Shells, made of fabrics of Chapter 52,54, 55, 58 or 60, for use in the manufacture of duvets, featherbeds and pillows filled solely as described above.";;;;;;;ES;"Special classification provisions - commercial---Woven fabrics, whether or not embroidered, solely of single cotton yarns, measuring 70 decitex or more but not exceeding 150 decitex, having a sum of yarns per 10 cm in the warp and the weft of 790 or more, with an air permeability not exceeding 5.0 cm³/cm²-s-1 as determined by CAN/CGSB-4.2 No. 36-M89, for use in the manufacture of shells for duvets, featherbeds and pillows filled solely with ""commercial landfowl feather"", ""commercial waterfowl feather"", or ""commercial down"" or any combination thereof, as defined in the Textile Labelling and Advertising Regulations, or synthetic staple fibres of Chapter 55.Shells, made of fabrics of Chapter 52,54, 55, 58 or 60, for use in the manufacture of duvets, featherbeds and pillows filled solely as described above.";;;;;;;N/A;;_DCA23;20240101;99991231;0;0;;;;;;
CA;99950000;20240101;99991231;EN;"Special classification provisions - commercial---Woven fabrics, whether or not embroidered, solely of single cotton yarns, measuring 70 decitex or more but not exceeding 150 decitex, having a sum of yarns per 10 cm in the warp and the weft of 790 or more, with an air permeability not exceeding 5.0 cm³/cm²-s-1 as determined by CAN/CGSB-4.2 No. 36-M89, for use in the manufacture of shells for duvets, featherbeds and pillows filled solely with ""commercial landfowl feather"", ""commercial waterfowl feather"", or ""commercial down"" or any combination thereof, as defined in the Textile Labelling and Advertising Regulations, or synthetic staple fibres of Chapter 55.Shells, made of fabrics of Chapter 52,54, 55, 58 or 60, for use in the manufacture of duvets, featherbeds and pillows filled solely as described above.";;;;;;;ES;"Special classification provisions - commercial---Woven fabrics, whether or not embroidered, solely of single cotton yarns, measuring 70 decitex or more but not exceeding 150 decitex, having a sum of yarns per 10 cm in the warp and the weft of 790 or more, with an air permeability not exceeding 5.0 cm³/cm²-s-1 as determined by CAN/CGSB-4.2 No. 36-M89, for use in the manufacture of shells for duvets, featherbeds and pillows filled solely with ""commercial landfowl feather"", ""commercial waterfowl feather"", or ""commercial down"" or any combination thereof, as defined in the Textile Labelling and Advertising Regulations, or synthetic staple fibres of Chapter 55.Shells, made of fabrics of Chapter 52,54, 55, 58 or 60, for use in the manufacture of duvets, featherbeds and pillows filled solely as described above.";;;;;;;N/A;;_DCA25;20240101;99991231;0;0;;;;;;
CA;99950000;20240101;99991231;EN;"Special classification provisions - commercial---Woven fabrics, whether or not embroidered, solely of single cotton yarns, measuring 70 decitex or more but not exceeding 150 decitex, having a sum of yarns per 10 cm in the warp and the weft of 790 or more, with an air permeability not exceeding 5.0 cm³/cm²-s-1 as determined by CAN/CGSB-4.2 No. 36-M89, for use in the manufacture of shells for duvets, featherbeds and pillows filled solely with ""commercial landfowl feather"", ""commercial waterfowl feather"", or ""commercial down"" or any combination thereof, as defined in the Textile Labelling and Advertising Regulations, or synthetic staple fibres of Chapter 55.Shells, made of fabrics of Chapter 52,54, 55, 58 or 60, for use in the manufacture of duvets, featherbeds and pillows filled solely as described above.";;;;;;;ES;"Special classification provisions - commercial---Woven fabrics, whether or not embroidered, solely of single cotton yarns, measuring 70 decitex or more but not exceeding 150 decitex, having a sum of yarns per 10 cm in the warp and the weft of 790 or more, with an air permeability not exceeding 5.0 cm³/cm²-s-1 as determined by CAN/CGSB-4.2 No. 36-M89, for use in the manufacture of shells for duvets, featherbeds and pillows filled solely with ""commercial landfowl feather"", ""commercial waterfowl feather"", or ""commercial down"" or any combination thereof, as defined in the Textile Labelling and Advertising Regulations, or synthetic staple fibres of Chapter 55.Shells, made of fabrics of Chapter 52,54, 55, 58 or 60, for use in the manufacture of duvets, featherbeds and pillows filled solely as described above.";;;;;;;N/A;;_DCA26;20240101;99991231;0;0;;;;;;
CA;99950000;20240101;99991231;EN;"Special classification provisions - commercial---Woven fabrics, whether or not embroidered, solely of single cotton yarns, measuring 70 decitex or more but not exceeding 150 decitex, having a sum of yarns per 10 cm in the warp and the weft of 790 or more, with an air permeability not exceeding 5.0 cm³/cm²-s-1 as determined by CAN/CGSB-4.2 No. 36-M89, for use in the manufacture of shells for duvets, featherbeds and pillows filled solely with ""commercial landfowl feather"", ""commercial waterfowl feather"", or ""commercial down"" or any combination thereof, as defined in the Textile Labelling and Advertising Regulations, or synthetic staple fibres of Chapter 55.Shells, made of fabrics of Chapter 52,54, 55, 58 or 60, for use in the manufacture of duvets, featherbeds and pillows filled solely as described above.";;;;;;;ES;"Special classification provisions - commercial---Woven fabrics, whether or not embroidered, solely of single cotton yarns, measuring 70 decitex or more but not exceeding 150 decitex, having a sum of yarns per 10 cm in the warp and the weft of 790 or more, with an air permeability not exceeding 5.0 cm³/cm²-s-1 as determined by CAN/CGSB-4.2 No. 36-M89, for use in the manufacture of shells for duvets, featherbeds and pillows filled solely with ""commercial landfowl feather"", ""commercial waterfowl feather"", or ""commercial down"" or any combination thereof, as defined in the Textile Labelling and Advertising Regulations, or synthetic staple fibres of Chapter 55.Shells, made of fabrics of Chapter 52,54, 55, 58 or 60, for use in the manufacture of duvets, featherbeds and pillows filled solely as described above.";;;;;;;N/A;;_DCA27;20240101;99991231;0;0;;;;;;
CA;99950000;20240101;99991231;EN;"Special classification provisions - commercial---Woven fabrics, whether or not embroidered, solely of single cotton yarns, measuring 70 decitex or more but not exceeding 150 decitex, having a sum of yarns per 10 cm in the warp and the weft of 790 or more, with an air permeability not exceeding 5.0 cm³/cm²-s-1 as determined by CAN/CGSB-4.2 No. 36-M89, for use in the manufacture of shells for duvets, featherbeds and pillows filled solely with ""commercial landfowl feather"", ""commercial waterfowl feather"", or ""commercial down"" or any combination thereof, as defined in the Textile Labelling and Advertising Regulations, or synthetic staple fibres of Chapter 55.Shells, made of fabrics of Chapter 52,54, 55, 58 or 60, for use in the manufacture of duvets, featherbeds and pillows filled solely as described above.";;;;;;;ES;"Special classification provisions - commercial---Woven fabrics, whether or not embroidered, solely of single cotton yarns, measuring 70 decitex or more but not exceeding 150 decitex, having a sum of yarns per 10 cm in the warp and the weft of 790 or more, with an air permeability not exceeding 5.0 cm³/cm²-s-1 as determined by CAN/CGSB-4.2 No. 36-M89, for use in the manufacture of shells for duvets, featherbeds and pillows filled solely with ""commercial landfowl feather"", ""commercial waterfowl feather"", or ""commercial down"" or any combination thereof, as defined in the Textile Labelling and Advertising Regulations, or synthetic staple fibres of Chapter 55.Shells, made of fabrics of Chapter 52,54, 55, 58 or 60, for use in the manufacture of duvets, featherbeds and pillows filled solely as described above.";;;;;;;N/A;;_DCA28;20240101;99991231;0;0;;;;;;
CA;99950000;20240101;99991231;EN;"Special classification provisions - commercial---Woven fabrics, whether or not embroidered, solely of single cotton yarns, measuring 70 decitex or more but not exceeding 150 decitex, having a sum of yarns per 10 cm in the warp and the weft of 790 or more, with an air permeability not exceeding 5.0 cm³/cm²-s-1 as determined by CAN/CGSB-4.2 No. 36-M89, for use in the manufacture of shells for duvets, featherbeds and pillows filled solely with ""commercial landfowl feather"", ""commercial waterfowl feather"", or ""commercial down"" or any combination thereof, as defined in the Textile Labelling and Advertising Regulations, or synthetic staple fibres of Chapter 55.Shells, made of fabrics of Chapter 52,54, 55, 58 or 60, for use in the manufacture of duvets, featherbeds and pillows filled solely as described above.";;;;;;;ES;"Special classification provisions - commercial---Woven fabrics, whether or not embroidered, solely of single cotton yarns, measuring 70 decitex or more but not exceeding 150 decitex, having a sum of yarns per 10 cm in the warp and the weft of 790 or more, with an air permeability not exceeding 5.0 cm³/cm²-s-1 as determined by CAN/CGSB-4.2 No. 36-M89, for use in the manufacture of shells for duvets, featherbeds and pillows filled solely with ""commercial landfowl feather"", ""commercial waterfowl feather"", or ""commercial down"" or any combination thereof, as defined in the Textile Labelling and Advertising Regulations, or synthetic staple fibres of Chapter 55.Shells, made of fabrics of Chapter 52,54, 55, 58 or 60, for use in the manufacture of duvets, featherbeds and pillows filled solely as described above.";;;;;;;N/A;;_DCA3;20240101;99991231;0;0;;;;;;
CA;99950000;20240101;99991231;EN;"Special classification provisions - commercial---Woven fabrics, whether or not embroidered, solely of single cotton yarns, measuring 70 decitex or more but not exceeding 150 decitex, having a sum of yarns per 10 cm in the warp and the weft of 790 or more, with an air permeability not exceeding 5.0 cm³/cm²-s-1 as determined by CAN/CGSB-4.2 No. 36-M89, for use in the manufacture of shells for duvets, featherbeds and pillows filled solely with ""commercial landfowl feather"", ""commercial waterfowl feather"", or ""commercial down"" or any combination thereof, as defined in the Textile Labelling and Advertising Regulations, or synthetic staple fibres of Chapter 55.Shells, made of fabrics of Chapter 52,54, 55, 58 or 60, for use in the manufacture of duvets, featherbeds and pillows filled solely as described above.";;;;;;;ES;"Special classification provisions - commercial---Woven fabrics, whether or not embroidered, solely of single cotton yarns, measuring 70 decitex or more but not exceeding 150 decitex, having a sum of yarns per 10 cm in the warp and the weft of 790 or more, with an air permeability not exceeding 5.0 cm³/cm²-s-1 as determined by CAN/CGSB-4.2 No. 36-M89, for use in the manufacture of shells for duvets, featherbeds and pillows filled solely with ""commercial landfowl feather"", ""commercial waterfowl feather"", or ""commercial down"" or any combination thereof, as defined in the Textile Labelling and Advertising Regulations, or synthetic staple fibres of Chapter 55.Shells, made of fabrics of Chapter 52,54, 55, 58 or 60, for use in the manufacture of duvets, featherbeds and pillows filled solely as described above.";;;;;;;N/A;;_DCA33;20240101;99991231;0;0;;;;;;
CA;99950000;20240101;99991231;EN;"Special classification provisions - commercial---Woven fabrics, whether or not embroidered, solely of single cotton yarns, measuring 70 decitex or more but not exceeding 150 decitex, having a sum of yarns per 10 cm in the warp and the weft of 790 or more, with an air permeability not exceeding 5.0 cm³/cm²-s-1 as determined by CAN/CGSB-4.2 No. 36-M89, for use in the manufacture of shells for duvets, featherbeds and pillows filled solely with ""commercial landfowl feather"", ""commercial waterfowl feather"", or ""commercial down"" or any combination thereof, as defined in the Textile Labelling and Advertising Regulations, or synthetic staple fibres of Chapter 55.Shells, made of fabrics of Chapter 52,54, 55, 58 or 60, for use in the manufacture of duvets, featherbeds and pillows filled solely as described above.";;;;;;;ES;"Special classification provisions - commercial---Woven fabrics, whether or not embroidered, solely of single cotton yarns, measuring 70 decitex or more but not exceeding 150 decitex, having a sum of yarns per 10 cm in the warp and the weft of 790 or more, with an air permeability not exceeding 5.0 cm³/cm²-s-1 as determined by CAN/CGSB-4.2 No. 36-M89, for use in the manufacture of shells for duvets, featherbeds and pillows filled solely with ""commercial landfowl feather"", ""commercial waterfowl feather"", or ""commercial down"" or any combination thereof, as defined in the Textile Labelling and Advertising Regulations, or synthetic staple fibres of Chapter 55.Shells, made of fabrics of Chapter 52,54, 55, 58 or 60, for use in the manufacture of duvets, featherbeds and pillows filled solely as described above.";;;;;;;N/A;;_DCA34;20240101;99991231;0;0;;;;;;
CA;99950000;20240101;99991231;EN;"Special classification provisions - commercial---Woven fabrics, whether or not embroidered, solely of single cotton yarns, measuring 70 decitex or more but not exceeding 150 decitex, having a sum of yarns per 10 cm in the warp and the weft of 790 or more, with an air permeability not exceeding 5.0 cm³/cm²-s-1 as determined by CAN/CGSB-4.2 No. 36-M89, for use in the manufacture of shells for duvets, featherbeds and pillows filled solely with ""commercial landfowl feather"", ""commercial waterfowl feather"", or ""commercial down"" or any combination thereof, as defined in the Textile Labelling and Advertising Regulations, or synthetic staple fibres of Chapter 55.Shells, made of fabrics of Chapter 52,54, 55, 58 or 60, for use in the manufacture of duvets, featherbeds and pillows filled solely as described above.";;;;;;;ES;"Special classification provisions - commercial---Woven fabrics, whether or not embroidered, solely of single cotton yarns, measuring 70 decitex or more but not exceeding 150 decitex, having a sum of yarns per 10 cm in the warp and the weft of 790 or more, with an air permeability not exceeding 5.0 cm³/cm²-s-1 as determined by CAN/CGSB-4.2 No. 36-M89, for use in the manufacture of shells for duvets, featherbeds and pillows filled solely with ""commercial landfowl feather"", ""commercial waterfowl feather"", or ""commercial down"" or any combination thereof, as defined in the Textile Labelling and Advertising Regulations, or synthetic staple fibres of Chapter 55.Shells, made of fabrics of Chapter 52,54, 55, 58 or 60, for use in the manufacture of duvets, featherbeds and pillows filled solely as described above.";;;;;;;N/A;;_DCA35;20240101;99991231;0;0;;;;;;
CA;99950000;20240101;99991231;EN;"Special classification provisions - commercial---Woven fabrics, whether or not embroidered, solely of single cotton yarns, measuring 70 decitex or more but not exceeding 150 decitex, having a sum of yarns per 10 cm in the warp and the weft of 790 or more, with an air permeability not exceeding 5.0 cm³/cm²-s-1 as determined by CAN/CGSB-4.2 No. 36-M89, for use in the manufacture of shells for duvets, featherbeds and pillows filled solely with ""commercial landfowl feather"", ""commercial waterfowl feather"", or ""commercial down"" or any combination thereof, as defined in the Textile Labelling and Advertising Regulations, or synthetic staple fibres of Chapter 55.Shells, made of fabrics of Chapter 52,54, 55, 58 or 60, for use in the manufacture of duvets, featherbeds and pillows filled solely as described above.";;;;;;;ES;"Special classification provisions - commercial---Woven fabrics, whether or not embroidered, solely of single cotton yarns, measuring 70 decitex or more but not exceeding 150 decitex, having a sum of yarns per 10 cm in the warp and the weft of 790 or more, with an air permeability not exceeding 5.0 cm³/cm²-s-1 as determined by CAN/CGSB-4.2 No. 36-M89, for use in the manufacture of shells for duvets, featherbeds and pillows filled solely with ""commercial landfowl feather"", ""commercial waterfowl feather"", or ""commercial down"" or any combination thereof, as defined in the Textile Labelling and Advertising Regulations, or synthetic staple fibres of Chapter 55.Shells, made of fabrics of Chapter 52,54, 55, 58 or 60, for use in the manufacture of duvets, featherbeds and pillows filled solely as described above.";;;;;;;N/A;;_DCA36;20240101;99991231;0;0;;;;;;
CA;99950000;20240101;99991231;EN;"Special classification provisions - commercial---Woven fabrics, whether or not embroidered, solely of single cotton yarns, measuring 70 decitex or more but not exceeding 150 decitex, having a sum of yarns per 10 cm in the warp and the weft of 790 or more, with an air permeability not exceeding 5.0 cm³/cm²-s-1 as determined by CAN/CGSB-4.2 No. 36-M89, for use in the manufacture of shells for duvets, featherbeds and pillows filled solely with ""commercial landfowl feather"", ""commercial waterfowl feather"", or ""commercial down"" or any combination thereof, as defined in the Textile Labelling and Advertising Regulations, or synthetic staple fibres of Chapter 55.Shells, made of fabrics of Chapter 52,54, 55, 58 or 60, for use in the manufacture of duvets, featherbeds and pillows filled solely as described above.";;;;;;;ES;"Special classification provisions - commercial---Woven fabrics, whether or not embroidered, solely of single cotton yarns, measuring 70 decitex or more but not exceeding 150 decitex, having a sum of yarns per 10 cm in the warp and the weft of 790 or more, with an air permeability not exceeding 5.0 cm³/cm²-s-1 as determined by CAN/CGSB-4.2 No. 36-M89, for use in the manufacture of shells for duvets, featherbeds and pillows filled solely with ""commercial landfowl feather"", ""commercial waterfowl feather"", or ""commercial down"" or any combination thereof, as defined in the Textile Labelling and Advertising Regulations, or synthetic staple fibres of Chapter 55.Shells, made of fabrics of Chapter 52,54, 55, 58 or 60, for use in the manufacture of duvets, featherbeds and pillows filled solely as described above.";;;;;;;N/A;;_DCA8;20240101;99991231;0;0;;;;;;
CA;99950000;20240101;99991231;EN;"Special classification provisions - commercial---Woven fabrics, whether or not embroidered, solely of single cotton yarns, measuring 70 decitex or more but not exceeding 150 decitex, having a sum of yarns per 10 cm in the warp and the weft of 790 or more, with an air permeability not exceeding 5.0 cm³/cm²-s-1 as determined by CAN/CGSB-4.2 No. 36-M89, for use in the manufacture of shells for duvets, featherbeds and pillows filled solely with ""commercial landfowl feather"", ""commercial waterfowl feather"", or ""commercial down"" or any combination thereof, as defined in the Textile Labelling and Advertising Regulations, or synthetic staple fibres of Chapter 55.Shells, made of fabrics of Chapter 52,54, 55, 58 or 60, for use in the manufacture of duvets, featherbeds and pillows filled solely as described above.";;;;;;;ES;"Special classification provisions - commercial---Woven fabrics, whether or not embroidered, solely of single cotton yarns, measuring 70 decitex or more but not exceeding 150 decitex, having a sum of yarns per 10 cm in the warp and the weft of 790 or more, with an air permeability not exceeding 5.0 cm³/cm²-s-1 as determined by CAN/CGSB-4.2 No. 36-M89, for use in the manufacture of shells for duvets, featherbeds and pillows filled solely with ""commercial landfowl feather"", ""commercial waterfowl feather"", or ""commercial down"" or any combination thereof, as defined in the Textile Labelling and Advertising Regulations, or synthetic staple fibres of Chapter 55.Shells, made of fabrics of Chapter 52,54, 55, 58 or 60, for use in the manufacture of duvets, featherbeds and pillows filled solely as described above.";;;;;;;N/A;;_DCA9;20240101;99991231;0;0;;;;;;
CA;99960000;20240101;99991231;EN;"Special classification provisions - commercial---Woven fabrics, unbleached or bleached, solely of single cotton yarns, measuring 151 decitex or more but not exceeding 300 decitex, having a sum of yarns per 10 cm in the warp and the weft of 790 or more, with an air permeability not exceeding 5.0 cm³/cm²-s-1 as determined by CAN/CGSB-4.2 No. 36-M89, for use in the manufacture of shells for featherbeds and pillows filled solely with one of the following:(a) ""commercial landfowl feather"" or ""commercial waterfowl feather"", or any combination of the two, as defined in the Textile Labelling and Advertising Regulations.(b) 85% or more by weight of ""commercial waterfowl feather"" mixed solely with ""commercial down"", as defined in the Regulations.(c) 85% or more by weight of ""commercial landfowl feather"" mixed solely with ""commercial down"", as defined in the Regulations. (d) 85% of more by weight of a combination of ""commercial waterfowl feather"" and ""commercial landfowl feather"" mixed solely with ""commercial down"", as defined in the Regulations. or(e) synthetic staple fibres of Chapter 55.Shells, made of fabrics of Chapter 52, 54, 55, 58 or 60, for use in the manufacture of featherbeds and pillows filled solely as described above.";;;;;;;ES;"Special classification provisions - commercial---Woven fabrics, unbleached or bleached, solely of single cotton yarns, measuring 151 decitex or more but not exceeding 300 decitex, having a sum of yarns per 10 cm in the warp and the weft of 790 or more, with an air permeability not exceeding 5.0 cm³/cm²-s-1 as determined by CAN/CGSB-4.2 No. 36-M89, for use in the manufacture of shells for featherbeds and pillows filled solely with one of the following:(a) ""commercial landfowl feather"" or ""commercial waterfowl feather"", or any combination of the two, as defined in the Textile Labelling and Advertising Regulations.(b) 85% or more by weight of ""commercial waterfowl feather"" mixed solely with ""commercial down"", as defined in the Regulations.(c) 85% or more by weight of ""commercial landfowl feather"" mixed solely with ""commercial down"", as defined in the Regulations. (d) 85% of more by weight of a combination of ""commercial waterfowl feather"" and ""commercial landfowl feather"" mixed solely with ""commercial down"", as defined in the Regulations. or(e) synthetic staple fibres of Chapter 55.Shells, made of fabrics of Chapter 52, 54, 55, 58 or 60, for use in the manufacture of featherbeds and pillows filled solely as described above.";;;;;;;N/A;;_DCA1;20240101;99991231;0;0;;;;;;
CA;99960000;20240101;99991231;EN;"Special classification provisions - commercial---Woven fabrics, unbleached or bleached, solely of single cotton yarns, measuring 151 decitex or more but not exceeding 300 decitex, having a sum of yarns per 10 cm in the warp and the weft of 790 or more, with an air permeability not exceeding 5.0 cm³/cm²-s-1 as determined by CAN/CGSB-4.2 No. 36-M89, for use in the manufacture of shells for featherbeds and pillows filled solely with one of the following:(a) ""commercial landfowl feather"" or ""commercial waterfowl feather"", or any combination of the two, as defined in the Textile Labelling and Advertising Regulations.(b) 85% or more by weight of ""commercial waterfowl feather"" mixed solely with ""commercial down"", as defined in the Regulations.(c) 85% or more by weight of ""commercial landfowl feather"" mixed solely with ""commercial down"", as defined in the Regulations. (d) 85% of more by weight of a combination of ""commercial waterfowl feather"" and ""commercial landfowl feather"" mixed solely with ""commercial down"", as defined in the Regulations. or(e) synthetic staple fibres of Chapter 55.Shells, made of fabrics of Chapter 52, 54, 55, 58 or 60, for use in the manufacture of featherbeds and pillows filled solely as described above.";;;;;;;ES;"Special classification provisions - commercial---Woven fabrics, unbleached or bleached, solely of single cotton yarns, measuring 151 decitex or more but not exceeding 300 decitex, having a sum of yarns per 10 cm in the warp and the weft of 790 or more, with an air permeability not exceeding 5.0 cm³/cm²-s-1 as determined by CAN/CGSB-4.2 No. 36-M89, for use in the manufacture of shells for featherbeds and pillows filled solely with one of the following:(a) ""commercial landfowl feather"" or ""commercial waterfowl feather"", or any combination of the two, as defined in the Textile Labelling and Advertising Regulations.(b) 85% or more by weight of ""commercial waterfowl feather"" mixed solely with ""commercial down"", as defined in the Regulations.(c) 85% or more by weight of ""commercial landfowl feather"" mixed solely with ""commercial down"", as defined in the Regulations. (d) 85% of more by weight of a combination of ""commercial waterfowl feather"" and ""commercial landfowl feather"" mixed solely with ""commercial down"", as defined in the Regulations. or(e) synthetic staple fibres of Chapter 55.Shells, made of fabrics of Chapter 52, 54, 55, 58 or 60, for use in the manufacture of featherbeds and pillows filled solely as described above.";;;;;;;N/A;;_DCA12;20240101;99991231;35;0;;;;;;
CA;99960000;20240101;99991231;EN;"Special classification provisions - commercial---Woven fabrics, unbleached or bleached, solely of single cotton yarns, measuring 151 decitex or more but not exceeding 300 decitex, having a sum of yarns per 10 cm in the warp and the weft of 790 or more, with an air permeability not exceeding 5.0 cm³/cm²-s-1 as determined by CAN/CGSB-4.2 No. 36-M89, for use in the manufacture of shells for featherbeds and pillows filled solely with one of the following:(a) ""commercial landfowl feather"" or ""commercial waterfowl feather"", or any combination of the two, as defined in the Textile Labelling and Advertising Regulations.(b) 85% or more by weight of ""commercial waterfowl feather"" mixed solely with ""commercial down"", as defined in the Regulations.(c) 85% or more by weight of ""commercial landfowl feather"" mixed solely with ""commercial down"", as defined in the Regulations. (d) 85% of more by weight of a combination of ""commercial waterfowl feather"" and ""commercial landfowl feather"" mixed solely with ""commercial down"", as defined in the Regulations. or(e) synthetic staple fibres of Chapter 55.Shells, made of fabrics of Chapter 52, 54, 55, 58 or 60, for use in the manufacture of featherbeds and pillows filled solely as described above.";;;;;;;ES;"Special classification provisions - commercial---Woven fabrics, unbleached or bleached, solely of single cotton yarns, measuring 151 decitex or more but not exceeding 300 decitex, having a sum of yarns per 10 cm in the warp and the weft of 790 or more, with an air permeability not exceeding 5.0 cm³/cm²-s-1 as determined by CAN/CGSB-4.2 No. 36-M89, for use in the manufacture of shells for featherbeds and pillows filled solely with one of the following:(a) ""commercial landfowl feather"" or ""commercial waterfowl feather"", or any combination of the two, as defined in the Textile Labelling and Advertising Regulations.(b) 85% or more by weight of ""commercial waterfowl feather"" mixed solely with ""commercial down"", as defined in the Regulations.(c) 85% or more by weight of ""commercial landfowl feather"" mixed solely with ""commercial down"", as defined in the Regulations. (d) 85% of more by weight of a combination of ""commercial waterfowl feather"" and ""commercial landfowl feather"" mixed solely with ""commercial down"", as defined in the Regulations. or(e) synthetic staple fibres of Chapter 55.Shells, made of fabrics of Chapter 52, 54, 55, 58 or 60, for use in the manufacture of featherbeds and pillows filled solely as described above.";;;;;;;N/A;;_DCA14;20240101;99991231;0;0;;;;;;
CA;99960000;20240101;99991231;EN;"Special classification provisions - commercial---Woven fabrics, unbleached or bleached, solely of single cotton yarns, measuring 151 decitex or more but not exceeding 300 decitex, having a sum of yarns per 10 cm in the warp and the weft of 790 or more, with an air permeability not exceeding 5.0 cm³/cm²-s-1 as determined by CAN/CGSB-4.2 No. 36-M89, for use in the manufacture of shells for featherbeds and pillows filled solely with one of the following:(a) ""commercial landfowl feather"" or ""commercial waterfowl feather"", or any combination of the two, as defined in the Textile Labelling and Advertising Regulations.(b) 85% or more by weight of ""commercial waterfowl feather"" mixed solely with ""commercial down"", as defined in the Regulations.(c) 85% or more by weight of ""commercial landfowl feather"" mixed solely with ""commercial down"", as defined in the Regulations. (d) 85% of more by weight of a combination of ""commercial waterfowl feather"" and ""commercial landfowl feather"" mixed solely with ""commercial down"", as defined in the Regulations. or(e) synthetic staple fibres of Chapter 55.Shells, made of fabrics of Chapter 52, 54, 55, 58 or 60, for use in the manufacture of featherbeds and pillows filled solely as described above.";;;;;;;ES;"Special classification provisions - commercial---Woven fabrics, unbleached or bleached, solely of single cotton yarns, measuring 151 decitex or more but not exceeding 300 decitex, having a sum of yarns per 10 cm in the warp and the weft of 790 or more, with an air permeability not exceeding 5.0 cm³/cm²-s-1 as determined by CAN/CGSB-4.2 No. 36-M89, for use in the manufacture of shells for featherbeds and pillows filled solely with one of the following:(a) ""commercial landfowl feather"" or ""commercial waterfowl feather"", or any combination of the two, as defined in the Textile Labelling and Advertising Regulations.(b) 85% or more by weight of ""commercial waterfowl feather"" mixed solely with ""commercial down"", as defined in the Regulations.(c) 85% or more by weight of ""commercial landfowl feather"" mixed solely with ""commercial down"", as defined in the Regulations. (d) 85% of more by weight of a combination of ""commercial waterfowl feather"" and ""commercial landfowl feather"" mixed solely with ""commercial down"", as defined in the Regulations. or(e) synthetic staple fibres of Chapter 55.Shells, made of fabrics of Chapter 52, 54, 55, 58 or 60, for use in the manufacture of featherbeds and pillows filled solely as described above.";;;;;;;N/A;;_DCA17;20240101;99991231;0;0;;;;;;
CA;99960000;20240101;99991231;EN;"Special classification provisions - commercial---Woven fabrics, unbleached or bleached, solely of single cotton yarns, measuring 151 decitex or more but not exceeding 300 decitex, having a sum of yarns per 10 cm in the warp and the weft of 790 or more, with an air permeability not exceeding 5.0 cm³/cm²-s-1 as determined by CAN/CGSB-4.2 No. 36-M89, for use in the manufacture of shells for featherbeds and pillows filled solely with one of the following:(a) ""commercial landfowl feather"" or ""commercial waterfowl feather"", or any combination of the two, as defined in the Textile Labelling and Advertising Regulations.(b) 85% or more by weight of ""commercial waterfowl feather"" mixed solely with ""commercial down"", as defined in the Regulations.(c) 85% or more by weight of ""commercial landfowl feather"" mixed solely with ""commercial down"", as defined in the Regulations. (d) 85% of more by weight of a combination of ""commercial waterfowl feather"" and ""commercial landfowl feather"" mixed solely with ""commercial down"", as defined in the Regulations. or(e) synthetic staple fibres of Chapter 55.Shells, made of fabrics of Chapter 52, 54, 55, 58 or 60, for use in the manufacture of featherbeds and pillows filled solely as described above.";;;;;;;ES;"Special classification provisions - commercial---Woven fabrics, unbleached or bleached, solely of single cotton yarns, measuring 151 decitex or more but not exceeding 300 decitex, having a sum of yarns per 10 cm in the warp and the weft of 790 or more, with an air permeability not exceeding 5.0 cm³/cm²-s-1 as determined by CAN/CGSB-4.2 No. 36-M89, for use in the manufacture of shells for featherbeds and pillows filled solely with one of the following:(a) ""commercial landfowl feather"" or ""commercial waterfowl feather"", or any combination of the two, as defined in the Textile Labelling and Advertising Regulations.(b) 85% or more by weight of ""commercial waterfowl feather"" mixed solely with ""commercial down"", as defined in the Regulations.(c) 85% or more by weight of ""commercial landfowl feather"" mixed solely with ""commercial down"", as defined in the Regulations. (d) 85% of more by weight of a combination of ""commercial waterfowl feather"" and ""commercial landfowl feather"" mixed solely with ""commercial down"", as defined in the Regulations. or(e) synthetic staple fibres of Chapter 55.Shells, made of fabrics of Chapter 52, 54, 55, 58 or 60, for use in the manufacture of featherbeds and pillows filled solely as described above.";;;;;;;N/A;;_DCA18;20240101;99991231;0;0;;;;;;
CA;99960000;20240101;99991231;EN;"Special classification provisions - commercial---Woven fabrics, unbleached or bleached, solely of single cotton yarns, measuring 151 decitex or more but not exceeding 300 decitex, having a sum of yarns per 10 cm in the warp and the weft of 790 or more, with an air permeability not exceeding 5.0 cm³/cm²-s-1 as determined by CAN/CGSB-4.2 No. 36-M89, for use in the manufacture of shells for featherbeds and pillows filled solely with one of the following:(a) ""commercial landfowl feather"" or ""commercial waterfowl feather"", or any combination of the two, as defined in the Textile Labelling and Advertising Regulations.(b) 85% or more by weight of ""commercial waterfowl feather"" mixed solely with ""commercial down"", as defined in the Regulations.(c) 85% or more by weight of ""commercial landfowl feather"" mixed solely with ""commercial down"", as defined in the Regulations. (d) 85% of more by weight of a combination of ""commercial waterfowl feather"" and ""commercial landfowl feather"" mixed solely with ""commercial down"", as defined in the Regulations. or(e) synthetic staple fibres of Chapter 55.Shells, made of fabrics of Chapter 52, 54, 55, 58 or 60, for use in the manufacture of featherbeds and pillows filled solely as described above.";;;;;;;ES;"Special classification provisions - commercial---Woven fabrics, unbleached or bleached, solely of single cotton yarns, measuring 151 decitex or more but not exceeding 300 decitex, having a sum of yarns per 10 cm in the warp and the weft of 790 or more, with an air permeability not exceeding 5.0 cm³/cm²-s-1 as determined by CAN/CGSB-4.2 No. 36-M89, for use in the manufacture of shells for featherbeds and pillows filled solely with one of the following:(a) ""commercial landfowl feather"" or ""commercial waterfowl feather"", or any combination of the two, as defined in the Textile Labelling and Advertising Regulations.(b) 85% or more by weight of ""commercial waterfowl feather"" mixed solely with ""commercial down"", as defined in the Regulations.(c) 85% or more by weight of ""commercial landfowl feather"" mixed solely with ""commercial down"", as defined in the Regulations. (d) 85% of more by weight of a combination of ""commercial waterfowl feather"" and ""commercial landfowl feather"" mixed solely with ""commercial down"", as defined in the Regulations. or(e) synthetic staple fibres of Chapter 55.Shells, made of fabrics of Chapter 52, 54, 55, 58 or 60, for use in the manufacture of featherbeds and pillows filled solely as described above.";;;;;;;N/A;;_DCA19;20240101;99991231;0;0;;;;;;
CA;99960000;20240101;99991231;EN;"Special classification provisions - commercial---Woven fabrics, unbleached or bleached, solely of single cotton yarns, measuring 151 decitex or more but not exceeding 300 decitex, having a sum of yarns per 10 cm in the warp and the weft of 790 or more, with an air permeability not exceeding 5.0 cm³/cm²-s-1 as determined by CAN/CGSB-4.2 No. 36-M89, for use in the manufacture of shells for featherbeds and pillows filled solely with one of the following:(a) ""commercial landfowl feather"" or ""commercial waterfowl feather"", or any combination of the two, as defined in the Textile Labelling and Advertising Regulations.(b) 85% or more by weight of ""commercial waterfowl feather"" mixed solely with ""commercial down"", as defined in the Regulations.(c) 85% or more by weight of ""commercial landfowl feather"" mixed solely with ""commercial down"", as defined in the Regulations. (d) 85% of more by weight of a combination of ""commercial waterfowl feather"" and ""commercial landfowl feather"" mixed solely with ""commercial down"", as defined in the Regulations. or(e) synthetic staple fibres of Chapter 55.Shells, made of fabrics of Chapter 52, 54, 55, 58 or 60, for use in the manufacture of featherbeds and pillows filled solely as described above.";;;;;;;ES;"Special classification provisions - commercial---Woven fabrics, unbleached or bleached, solely of single cotton yarns, measuring 151 decitex or more but not exceeding 300 decitex, having a sum of yarns per 10 cm in the warp and the weft of 790 or more, with an air permeability not exceeding 5.0 cm³/cm²-s-1 as determined by CAN/CGSB-4.2 No. 36-M89, for use in the manufacture of shells for featherbeds and pillows filled solely with one of the following:(a) ""commercial landfowl feather"" or ""commercial waterfowl feather"", or any combination of the two, as defined in the Textile Labelling and Advertising Regulations.(b) 85% or more by weight of ""commercial waterfowl feather"" mixed solely with ""commercial down"", as defined in the Regulations.(c) 85% or more by weight of ""commercial landfowl feather"" mixed solely with ""commercial down"", as defined in the Regulations. (d) 85% of more by weight of a combination of ""commercial waterfowl feather"" and ""commercial landfowl feather"" mixed solely with ""commercial down"", as defined in the Regulations. or(e) synthetic staple fibres of Chapter 55.Shells, made of fabrics of Chapter 52, 54, 55, 58 or 60, for use in the manufacture of featherbeds and pillows filled solely as described above.";;;;;;;N/A;;_DCA20;20240101;99991231;0;0;;;;;;
CA;99960000;20240101;99991231;EN;"Special classification provisions - commercial---Woven fabrics, unbleached or bleached, solely of single cotton yarns, measuring 151 decitex or more but not exceeding 300 decitex, having a sum of yarns per 10 cm in the warp and the weft of 790 or more, with an air permeability not exceeding 5.0 cm³/cm²-s-1 as determined by CAN/CGSB-4.2 No. 36-M89, for use in the manufacture of shells for featherbeds and pillows filled solely with one of the following:(a) ""commercial landfowl feather"" or ""commercial waterfowl feather"", or any combination of the two, as defined in the Textile Labelling and Advertising Regulations.(b) 85% or more by weight of ""commercial waterfowl feather"" mixed solely with ""commercial down"", as defined in the Regulations.(c) 85% or more by weight of ""commercial landfowl feather"" mixed solely with ""commercial down"", as defined in the Regulations. (d) 85% of more by weight of a combination of ""commercial waterfowl feather"" and ""commercial landfowl feather"" mixed solely with ""commercial down"", as defined in the Regulations. or(e) synthetic staple fibres of Chapter 55.Shells, made of fabrics of Chapter 52, 54, 55, 58 or 60, for use in the manufacture of featherbeds and pillows filled solely as described above.";;;;;;;ES;"Special classification provisions - commercial---Woven fabrics, unbleached or bleached, solely of single cotton yarns, measuring 151 decitex or more but not exceeding 300 decitex, having a sum of yarns per 10 cm in the warp and the weft of 790 or more, with an air permeability not exceeding 5.0 cm³/cm²-s-1 as determined by CAN/CGSB-4.2 No. 36-M89, for use in the manufacture of shells for featherbeds and pillows filled solely with one of the following:(a) ""commercial landfowl feather"" or ""commercial waterfowl feather"", or any combination of the two, as defined in the Textile Labelling and Advertising Regulations.(b) 85% or more by weight of ""commercial waterfowl feather"" mixed solely with ""commercial down"", as defined in the Regulations.(c) 85% or more by weight of ""commercial landfowl feather"" mixed solely with ""commercial down"", as defined in the Regulations. (d) 85% of more by weight of a combination of ""commercial waterfowl feather"" and ""commercial landfowl feather"" mixed solely with ""commercial down"", as defined in the Regulations. or(e) synthetic staple fibres of Chapter 55.Shells, made of fabrics of Chapter 52, 54, 55, 58 or 60, for use in the manufacture of featherbeds and pillows filled solely as described above.";;;;;;;N/A;;_DCA21;20240101;99991231;0;0;;;;;;
CA;99960000;20240101;99991231;EN;"Special classification provisions - commercial---Woven fabrics, unbleached or bleached, solely of single cotton yarns, measuring 151 decitex or more but not exceeding 300 decitex, having a sum of yarns per 10 cm in the warp and the weft of 790 or more, with an air permeability not exceeding 5.0 cm³/cm²-s-1 as determined by CAN/CGSB-4.2 No. 36-M89, for use in the manufacture of shells for featherbeds and pillows filled solely with one of the following:(a) ""commercial landfowl feather"" or ""commercial waterfowl feather"", or any combination of the two, as defined in the Textile Labelling and Advertising Regulations.(b) 85% or more by weight of ""commercial waterfowl feather"" mixed solely with ""commercial down"", as defined in the Regulations.(c) 85% or more by weight of ""commercial landfowl feather"" mixed solely with ""commercial down"", as defined in the Regulations. (d) 85% of more by weight of a combination of ""commercial waterfowl feather"" and ""commercial landfowl feather"" mixed solely with ""commercial down"", as defined in the Regulations. or(e) synthetic staple fibres of Chapter 55.Shells, made of fabrics of Chapter 52, 54, 55, 58 or 60, for use in the manufacture of featherbeds and pillows filled solely as described above.";;;;;;;ES;"Special classification provisions - commercial---Woven fabrics, unbleached or bleached, solely of single cotton yarns, measuring 151 decitex or more but not exceeding 300 decitex, having a sum of yarns per 10 cm in the warp and the weft of 790 or more, with an air permeability not exceeding 5.0 cm³/cm²-s-1 as determined by CAN/CGSB-4.2 No. 36-M89, for use in the manufacture of shells for featherbeds and pillows filled solely with one of the following:(a) ""commercial landfowl feather"" or ""commercial waterfowl feather"", or any combination of the two, as defined in the Textile Labelling and Advertising Regulations.(b) 85% or more by weight of ""commercial waterfowl feather"" mixed solely with ""commercial down"", as defined in the Regulations.(c) 85% or more by weight of ""commercial landfowl feather"" mixed solely with ""commercial down"", as defined in the Regulations. (d) 85% of more by weight of a combination of ""commercial waterfowl feather"" and ""commercial landfowl feather"" mixed solely with ""commercial down"", as defined in the Regulations. or(e) synthetic staple fibres of Chapter 55.Shells, made of fabrics of Chapter 52, 54, 55, 58 or 60, for use in the manufacture of featherbeds and pillows filled solely as described above.";;;;;;;N/A;;_DCA22;20240101;99991231;0;0;;;;;;
CA;99960000;20240101;99991231;EN;"Special classification provisions - commercial---Woven fabrics, unbleached or bleached, solely of single cotton yarns, measuring 151 decitex or more but not exceeding 300 decitex, having a sum of yarns per 10 cm in the warp and the weft of 790 or more, with an air permeability not exceeding 5.0 cm³/cm²-s-1 as determined by CAN/CGSB-4.2 No. 36-M89, for use in the manufacture of shells for featherbeds and pillows filled solely with one of the following:(a) ""commercial landfowl feather"" or ""commercial waterfowl feather"", or any combination of the two, as defined in the Textile Labelling and Advertising Regulations.(b) 85% or more by weight of ""commercial waterfowl feather"" mixed solely with ""commercial down"", as defined in the Regulations.(c) 85% or more by weight of ""commercial landfowl feather"" mixed solely with ""commercial down"", as defined in the Regulations. (d) 85% of more by weight of a combination of ""commercial waterfowl feather"" and ""commercial landfowl feather"" mixed solely with ""commercial down"", as defined in the Regulations. or(e) synthetic staple fibres of Chapter 55.Shells, made of fabrics of Chapter 52, 54, 55, 58 or 60, for use in the manufacture of featherbeds and pillows filled solely as described above.";;;;;;;ES;"Special classification provisions - commercial---Woven fabrics, unbleached or bleached, solely of single cotton yarns, measuring 151 decitex or more but not exceeding 300 decitex, having a sum of yarns per 10 cm in the warp and the weft of 790 or more, with an air permeability not exceeding 5.0 cm³/cm²-s-1 as determined by CAN/CGSB-4.2 No. 36-M89, for use in the manufacture of shells for featherbeds and pillows filled solely with one of the following:(a) ""commercial landfowl feather"" or ""commercial waterfowl feather"", or any combination of the two, as defined in the Textile Labelling and Advertising Regulations.(b) 85% or more by weight of ""commercial waterfowl feather"" mixed solely with ""commercial down"", as defined in the Regulations.(c) 85% or more by weight of ""commercial landfowl feather"" mixed solely with ""commercial down"", as defined in the Regulations. (d) 85% of more by weight of a combination of ""commercial waterfowl feather"" and ""commercial landfowl feather"" mixed solely with ""commercial down"", as defined in the Regulations. or(e) synthetic staple fibres of Chapter 55.Shells, made of fabrics of Chapter 52, 54, 55, 58 or 60, for use in the manufacture of featherbeds and pillows filled solely as described above.";;;;;;;N/A;;_DCA23;20240101;99991231;0;0;;;;;;
CA;99960000;20240101;99991231;EN;"Special classification provisions - commercial---Woven fabrics, unbleached or bleached, solely of single cotton yarns, measuring 151 decitex or more but not exceeding 300 decitex, having a sum of yarns per 10 cm in the warp and the weft of 790 or more, with an air permeability not exceeding 5.0 cm³/cm²-s-1 as determined by CAN/CGSB-4.2 No. 36-M89, for use in the manufacture of shells for featherbeds and pillows filled solely with one of the following:(a) ""commercial landfowl feather"" or ""commercial waterfowl feather"", or any combination of the two, as defined in the Textile Labelling and Advertising Regulations.(b) 85% or more by weight of ""commercial waterfowl feather"" mixed solely with ""commercial down"", as defined in the Regulations.(c) 85% or more by weight of ""commercial landfowl feather"" mixed solely with ""commercial down"", as defined in the Regulations. (d) 85% of more by weight of a combination of ""commercial waterfowl feather"" and ""commercial landfowl feather"" mixed solely with ""commercial down"", as defined in the Regulations. or(e) synthetic staple fibres of Chapter 55.Shells, made of fabrics of Chapter 52, 54, 55, 58 or 60, for use in the manufacture of featherbeds and pillows filled solely as described above.";;;;;;;ES;"Special classification provisions - commercial---Woven fabrics, unbleached or bleached, solely of single cotton yarns, measuring 151 decitex or more but not exceeding 300 decitex, having a sum of yarns per 10 cm in the warp and the weft of 790 or more, with an air permeability not exceeding 5.0 cm³/cm²-s-1 as determined by CAN/CGSB-4.2 No. 36-M89, for use in the manufacture of shells for featherbeds and pillows filled solely with one of the following:(a) ""commercial landfowl feather"" or ""commercial waterfowl feather"", or any combination of the two, as defined in the Textile Labelling and Advertising Regulations.(b) 85% or more by weight of ""commercial waterfowl feather"" mixed solely with ""commercial down"", as defined in the Regulations.(c) 85% or more by weight of ""commercial landfowl feather"" mixed solely with ""commercial down"", as defined in the Regulations. (d) 85% of more by weight of a combination of ""commercial waterfowl feather"" and ""commercial landfowl feather"" mixed solely with ""commercial down"", as defined in the Regulations. or(e) synthetic staple fibres of Chapter 55.Shells, made of fabrics of Chapter 52, 54, 55, 58 or 60, for use in the manufacture of featherbeds and pillows filled solely as described above.";;;;;;;N/A;;_DCA25;20240101;99991231;0;0;;;;;;
CA;99960000;20240101;99991231;EN;"Special classification provisions - commercial---Woven fabrics, unbleached or bleached, solely of single cotton yarns, measuring 151 decitex or more but not exceeding 300 decitex, having a sum of yarns per 10 cm in the warp and the weft of 790 or more, with an air permeability not exceeding 5.0 cm³/cm²-s-1 as determined by CAN/CGSB-4.2 No. 36-M89, for use in the manufacture of shells for featherbeds and pillows filled solely with one of the following:(a) ""commercial landfowl feather"" or ""commercial waterfowl feather"", or any combination of the two, as defined in the Textile Labelling and Advertising Regulations.(b) 85% or more by weight of ""commercial waterfowl feather"" mixed solely with ""commercial down"", as defined in the Regulations.(c) 85% or more by weight of ""commercial landfowl feather"" mixed solely with ""commercial down"", as defined in the Regulations. (d) 85% of more by weight of a combination of ""commercial waterfowl feather"" and ""commercial landfowl feather"" mixed solely with ""commercial down"", as defined in the Regulations. or(e) synthetic staple fibres of Chapter 55.Shells, made of fabrics of Chapter 52, 54, 55, 58 or 60, for use in the manufacture of featherbeds and pillows filled solely as described above.";;;;;;;ES;"Special classification provisions - commercial---Woven fabrics, unbleached or bleached, solely of single cotton yarns, measuring 151 decitex or more but not exceeding 300 decitex, having a sum of yarns per 10 cm in the warp and the weft of 790 or more, with an air permeability not exceeding 5.0 cm³/cm²-s-1 as determined by CAN/CGSB-4.2 No. 36-M89, for use in the manufacture of shells for featherbeds and pillows filled solely with one of the following:(a) ""commercial landfowl feather"" or ""commercial waterfowl feather"", or any combination of the two, as defined in the Textile Labelling and Advertising Regulations.(b) 85% or more by weight of ""commercial waterfowl feather"" mixed solely with ""commercial down"", as defined in the Regulations.(c) 85% or more by weight of ""commercial landfowl feather"" mixed solely with ""commercial down"", as defined in the Regulations. (d) 85% of more by weight of a combination of ""commercial waterfowl feather"" and ""commercial landfowl feather"" mixed solely with ""commercial down"", as defined in the Regulations. or(e) synthetic staple fibres of Chapter 55.Shells, made of fabrics of Chapter 52, 54, 55, 58 or 60, for use in the manufacture of featherbeds and pillows filled solely as described above.";;;;;;;N/A;;_DCA26;20240101;99991231;0;0;;;;;;
CA;99960000;20240101;99991231;EN;"Special classification provisions - commercial---Woven fabrics, unbleached or bleached, solely of single cotton yarns, measuring 151 decitex or more but not exceeding 300 decitex, having a sum of yarns per 10 cm in the warp and the weft of 790 or more, with an air permeability not exceeding 5.0 cm³/cm²-s-1 as determined by CAN/CGSB-4.2 No. 36-M89, for use in the manufacture of shells for featherbeds and pillows filled solely with one of the following:(a) ""commercial landfowl feather"" or ""commercial waterfowl feather"", or any combination of the two, as defined in the Textile Labelling and Advertising Regulations.(b) 85% or more by weight of ""commercial waterfowl feather"" mixed solely with ""commercial down"", as defined in the Regulations.(c) 85% or more by weight of ""commercial landfowl feather"" mixed solely with ""commercial down"", as defined in the Regulations. (d) 85% of more by weight of a combination of ""commercial waterfowl feather"" and ""commercial landfowl feather"" mixed solely with ""commercial down"", as defined in the Regulations. or(e) synthetic staple fibres of Chapter 55.Shells, made of fabrics of Chapter 52, 54, 55, 58 or 60, for use in the manufacture of featherbeds and pillows filled solely as described above.";;;;;;;ES;"Special classification provisions - commercial---Woven fabrics, unbleached or bleached, solely of single cotton yarns, measuring 151 decitex or more but not exceeding 300 decitex, having a sum of yarns per 10 cm in the warp and the weft of 790 or more, with an air permeability not exceeding 5.0 cm³/cm²-s-1 as determined by CAN/CGSB-4.2 No. 36-M89, for use in the manufacture of shells for featherbeds and pillows filled solely with one of the following:(a) ""commercial landfowl feather"" or ""commercial waterfowl feather"", or any combination of the two, as defined in the Textile Labelling and Advertising Regulations.(b) 85% or more by weight of ""commercial waterfowl feather"" mixed solely with ""commercial down"", as defined in the Regulations.(c) 85% or more by weight of ""commercial landfowl feather"" mixed solely with ""commercial down"", as defined in the Regulations. (d) 85% of more by weight of a combination of ""commercial waterfowl feather"" and ""commercial landfowl feather"" mixed solely with ""commercial down"", as defined in the Regulations. or(e) synthetic staple fibres of Chapter 55.Shells, made of fabrics of Chapter 52, 54, 55, 58 or 60, for use in the manufacture of featherbeds and pillows filled solely as described above.";;;;;;;N/A;;_DCA27;20240101;99991231;0;0;;;;;;
CA;99960000;20240101;99991231;EN;"Special classification provisions - commercial---Woven fabrics, unbleached or bleached, solely of single cotton yarns, measuring 151 decitex or more but not exceeding 300 decitex, having a sum of yarns per 10 cm in the warp and the weft of 790 or more, with an air permeability not exceeding 5.0 cm³/cm²-s-1 as determined by CAN/CGSB-4.2 No. 36-M89, for use in the manufacture of shells for featherbeds and pillows filled solely with one of the following:(a) ""commercial landfowl feather"" or ""commercial waterfowl feather"", or any combination of the two, as defined in the Textile Labelling and Advertising Regulations.(b) 85% or more by weight of ""commercial waterfowl feather"" mixed solely with ""commercial down"", as defined in the Regulations.(c) 85% or more by weight of ""commercial landfowl feather"" mixed solely with ""commercial down"", as defined in the Regulations. (d) 85% of more by weight of a combination of ""commercial waterfowl feather"" and ""commercial landfowl feather"" mixed solely with ""commercial down"", as defined in the Regulations. or(e) synthetic staple fibres of Chapter 55.Shells, made of fabrics of Chapter 52, 54, 55, 58 or 60, for use in the manufacture of featherbeds and pillows filled solely as described above.";;;;;;;ES;"Special classification provisions - commercial---Woven fabrics, unbleached or bleached, solely of single cotton yarns, measuring 151 decitex or more but not exceeding 300 decitex, having a sum of yarns per 10 cm in the warp and the weft of 790 or more, with an air permeability not exceeding 5.0 cm³/cm²-s-1 as determined by CAN/CGSB-4.2 No. 36-M89, for use in the manufacture of shells for featherbeds and pillows filled solely with one of the following:(a) ""commercial landfowl feather"" or ""commercial waterfowl feather"", or any combination of the two, as defined in the Textile Labelling and Advertising Regulations.(b) 85% or more by weight of ""commercial waterfowl feather"" mixed solely with ""commercial down"", as defined in the Regulations.(c) 85% or more by weight of ""commercial landfowl feather"" mixed solely with ""commercial down"", as defined in the Regulations. (d) 85% of more by weight of a combination of ""commercial waterfowl feather"" and ""commercial landfowl feather"" mixed solely with ""commercial down"", as defined in the Regulations. or(e) synthetic staple fibres of Chapter 55.Shells, made of fabrics of Chapter 52, 54, 55, 58 or 60, for use in the manufacture of featherbeds and pillows filled solely as described above.";;;;;;;N/A;;_DCA28;20240101;99991231;0;0;;;;;;
CA;99960000;20240101;99991231;EN;"Special classification provisions - commercial---Woven fabrics, unbleached or bleached, solely of single cotton yarns, measuring 151 decitex or more but not exceeding 300 decitex, having a sum of yarns per 10 cm in the warp and the weft of 790 or more, with an air permeability not exceeding 5.0 cm³/cm²-s-1 as determined by CAN/CGSB-4.2 No. 36-M89, for use in the manufacture of shells for featherbeds and pillows filled solely with one of the following:(a) ""commercial landfowl feather"" or ""commercial waterfowl feather"", or any combination of the two, as defined in the Textile Labelling and Advertising Regulations.(b) 85% or more by weight of ""commercial waterfowl feather"" mixed solely with ""commercial down"", as defined in the Regulations.(c) 85% or more by weight of ""commercial landfowl feather"" mixed solely with ""commercial down"", as defined in the Regulations. (d) 85% of more by weight of a combination of ""commercial waterfowl feather"" and ""commercial landfowl feather"" mixed solely with ""commercial down"", as defined in the Regulations. or(e) synthetic staple fibres of Chapter 55.Shells, made of fabrics of Chapter 52, 54, 55, 58 or 60, for use in the manufacture of featherbeds and pillows filled solely as described above.";;;;;;;ES;"Special classification provisions - commercial---Woven fabrics, unbleached or bleached, solely of single cotton yarns, measuring 151 decitex or more but not exceeding 300 decitex, having a sum of yarns per 10 cm in the warp and the weft of 790 or more, with an air permeability not exceeding 5.0 cm³/cm²-s-1 as determined by CAN/CGSB-4.2 No. 36-M89, for use in the manufacture of shells for featherbeds and pillows filled solely with one of the following:(a) ""commercial landfowl feather"" or ""commercial waterfowl feather"", or any combination of the two, as defined in the Textile Labelling and Advertising Regulations.(b) 85% or more by weight of ""commercial waterfowl feather"" mixed solely with ""commercial down"", as defined in the Regulations.(c) 85% or more by weight of ""commercial landfowl feather"" mixed solely with ""commercial down"", as defined in the Regulations. (d) 85% of more by weight of a combination of ""commercial waterfowl feather"" and ""commercial landfowl feather"" mixed solely with ""commercial down"", as defined in the Regulations. or(e) synthetic staple fibres of Chapter 55.Shells, made of fabrics of Chapter 52, 54, 55, 58 or 60, for use in the manufacture of featherbeds and pillows filled solely as described above.";;;;;;;N/A;;_DCA3;20240101;99991231;0;0;;;;;;
CA;99960000;20240101;99991231;EN;"Special classification provisions - commercial---Woven fabrics, unbleached or bleached, solely of single cotton yarns, measuring 151 decitex or more but not exceeding 300 decitex, having a sum of yarns per 10 cm in the warp and the weft of 790 or more, with an air permeability not exceeding 5.0 cm³/cm²-s-1 as determined by CAN/CGSB-4.2 No. 36-M89, for use in the manufacture of shells for featherbeds and pillows filled solely with one of the following:(a) ""commercial landfowl feather"" or ""commercial waterfowl feather"", or any combination of the two, as defined in the Textile Labelling and Advertising Regulations.(b) 85% or more by weight of ""commercial waterfowl feather"" mixed solely with ""commercial down"", as defined in the Regulations.(c) 85% or more by weight of ""commercial landfowl feather"" mixed solely with ""commercial down"", as defined in the Regulations. (d) 85% of more by weight of a combination of ""commercial waterfowl feather"" and ""commercial landfowl feather"" mixed solely with ""commercial down"", as defined in the Regulations. or(e) synthetic staple fibres of Chapter 55.Shells, made of fabrics of Chapter 52, 54, 55, 58 or 60, for use in the manufacture of featherbeds and pillows filled solely as described above.";;;;;;;ES;"Special classification provisions - commercial---Woven fabrics, unbleached or bleached, solely of single cotton yarns, measuring 151 decitex or more but not exceeding 300 decitex, having a sum of yarns per 10 cm in the warp and the weft of 790 or more, with an air permeability not exceeding 5.0 cm³/cm²-s-1 as determined by CAN/CGSB-4.2 No. 36-M89, for use in the manufacture of shells for featherbeds and pillows filled solely with one of the following:(a) ""commercial landfowl feather"" or ""commercial waterfowl feather"", or any combination of the two, as defined in the Textile Labelling and Advertising Regulations.(b) 85% or more by weight of ""commercial waterfowl feather"" mixed solely with ""commercial down"", as defined in the Regulations.(c) 85% or more by weight of ""commercial landfowl feather"" mixed solely with ""commercial down"", as defined in the Regulations. (d) 85% of more by weight of a combination of ""commercial waterfowl feather"" and ""commercial landfowl feather"" mixed solely with ""commercial down"", as defined in the Regulations. or(e) synthetic staple fibres of Chapter 55.Shells, made of fabrics of Chapter 52, 54, 55, 58 or 60, for use in the manufacture of featherbeds and pillows filled solely as described above.";;;;;;;N/A;;_DCA33;20240101;99991231;0;0;;;;;;
CA;99960000;20240101;99991231;EN;"Special classification provisions - commercial---Woven fabrics, unbleached or bleached, solely of single cotton yarns, measuring 151 decitex or more but not exceeding 300 decitex, having a sum of yarns per 10 cm in the warp and the weft of 790 or more, with an air permeability not exceeding 5.0 cm³/cm²-s-1 as determined by CAN/CGSB-4.2 No. 36-M89, for use in the manufacture of shells for featherbeds and pillows filled solely with one of the following:(a) ""commercial landfowl feather"" or ""commercial waterfowl feather"", or any combination of the two, as defined in the Textile Labelling and Advertising Regulations.(b) 85% or more by weight of ""commercial waterfowl feather"" mixed solely with ""commercial down"", as defined in the Regulations.(c) 85% or more by weight of ""commercial landfowl feather"" mixed solely with ""commercial down"", as defined in the Regulations. (d) 85% of more by weight of a combination of ""commercial waterfowl feather"" and ""commercial landfowl feather"" mixed solely with ""commercial down"", as defined in the Regulations. or(e) synthetic staple fibres of Chapter 55.Shells, made of fabrics of Chapter 52, 54, 55, 58 or 60, for use in the manufacture of featherbeds and pillows filled solely as described above.";;;;;;;ES;"Special classification provisions - commercial---Woven fabrics, unbleached or bleached, solely of single cotton yarns, measuring 151 decitex or more but not exceeding 300 decitex, having a sum of yarns per 10 cm in the warp and the weft of 790 or more, with an air permeability not exceeding 5.0 cm³/cm²-s-1 as determined by CAN/CGSB-4.2 No. 36-M89, for use in the manufacture of shells for featherbeds and pillows filled solely with one of the following:(a) ""commercial landfowl feather"" or ""commercial waterfowl feather"", or any combination of the two, as defined in the Textile Labelling and Advertising Regulations.(b) 85% or more by weight of ""commercial waterfowl feather"" mixed solely with ""commercial down"", as defined in the Regulations.(c) 85% or more by weight of ""commercial landfowl feather"" mixed solely with ""commercial down"", as defined in the Regulations. (d) 85% of more by weight of a combination of ""commercial waterfowl feather"" and ""commercial landfowl feather"" mixed solely with ""commercial down"", as defined in the Regulations. or(e) synthetic staple fibres of Chapter 55.Shells, made of fabrics of Chapter 52, 54, 55, 58 or 60, for use in the manufacture of featherbeds and pillows filled solely as described above.";;;;;;;N/A;;_DCA34;20240101;99991231;0;0;;;;;;
CA;99960000;20240101;99991231;EN;"Special classification provisions - commercial---Woven fabrics, unbleached or bleached, solely of single cotton yarns, measuring 151 decitex or more but not exceeding 300 decitex, having a sum of yarns per 10 cm in the warp and the weft of 790 or more, with an air permeability not exceeding 5.0 cm³/cm²-s-1 as determined by CAN/CGSB-4.2 No. 36-M89, for use in the manufacture of shells for featherbeds and pillows filled solely with one of the following:(a) ""commercial landfowl feather"" or ""commercial waterfowl feather"", or any combination of the two, as defined in the Textile Labelling and Advertising Regulations.(b) 85% or more by weight of ""commercial waterfowl feather"" mixed solely with ""commercial down"", as defined in the Regulations.(c) 85% or more by weight of ""commercial landfowl feather"" mixed solely with ""commercial down"", as defined in the Regulations. (d) 85% of more by weight of a combination of ""commercial waterfowl feather"" and ""commercial landfowl feather"" mixed solely with ""commercial down"", as defined in the Regulations. or(e) synthetic staple fibres of Chapter 55.Shells, made of fabrics of Chapter 52, 54, 55, 58 or 60, for use in the manufacture of featherbeds and pillows filled solely as described above.";;;;;;;ES;"Special classification provisions - commercial---Woven fabrics, unbleached or bleached, solely of single cotton yarns, measuring 151 decitex or more but not exceeding 300 decitex, having a sum of yarns per 10 cm in the warp and the weft of 790 or more, with an air permeability not exceeding 5.0 cm³/cm²-s-1 as determined by CAN/CGSB-4.2 No. 36-M89, for use in the manufacture of shells for featherbeds and pillows filled solely with one of the following:(a) ""commercial landfowl feather"" or ""commercial waterfowl feather"", or any combination of the two, as defined in the Textile Labelling and Advertising Regulations.(b) 85% or more by weight of ""commercial waterfowl feather"" mixed solely with ""commercial down"", as defined in the Regulations.(c) 85% or more by weight of ""commercial landfowl feather"" mixed solely with ""commercial down"", as defined in the Regulations. (d) 85% of more by weight of a combination of ""commercial waterfowl feather"" and ""commercial landfowl feather"" mixed solely with ""commercial down"", as defined in the Regulations. or(e) synthetic staple fibres of Chapter 55.Shells, made of fabrics of Chapter 52, 54, 55, 58 or 60, for use in the manufacture of featherbeds and pillows filled solely as described above.";;;;;;;N/A;;_DCA35;20240101;99991231;0;0;;;;;;
CA;99960000;20240101;99991231;EN;"Special classification provisions - commercial---Woven fabrics, unbleached or bleached, solely of single cotton yarns, measuring 151 decitex or more but not exceeding 300 decitex, having a sum of yarns per 10 cm in the warp and the weft of 790 or more, with an air permeability not exceeding 5.0 cm³/cm²-s-1 as determined by CAN/CGSB-4.2 No. 36-M89, for use in the manufacture of shells for featherbeds and pillows filled solely with one of the following:(a) ""commercial landfowl feather"" or ""commercial waterfowl feather"", or any combination of the two, as defined in the Textile Labelling and Advertising Regulations.(b) 85% or more by weight of ""commercial waterfowl feather"" mixed solely with ""commercial down"", as defined in the Regulations.(c) 85% or more by weight of ""commercial landfowl feather"" mixed solely with ""commercial down"", as defined in the Regulations. (d) 85% of more by weight of a combination of ""commercial waterfowl feather"" and ""commercial landfowl feather"" mixed solely with ""commercial down"", as defined in the Regulations. or(e) synthetic staple fibres of Chapter 55.Shells, made of fabrics of Chapter 52, 54, 55, 58 or 60, for use in the manufacture of featherbeds and pillows filled solely as described above.";;;;;;;ES;"Special classification provisions - commercial---Woven fabrics, unbleached or bleached, solely of single cotton yarns, measuring 151 decitex or more but not exceeding 300 decitex, having a sum of yarns per 10 cm in the warp and the weft of 790 or more, with an air permeability not exceeding 5.0 cm³/cm²-s-1 as determined by CAN/CGSB-4.2 No. 36-M89, for use in the manufacture of shells for featherbeds and pillows filled solely with one of the following:(a) ""commercial landfowl feather"" or ""commercial waterfowl feather"", or any combination of the two, as defined in the Textile Labelling and Advertising Regulations.(b) 85% or more by weight of ""commercial waterfowl feather"" mixed solely with ""commercial down"", as defined in the Regulations.(c) 85% or more by weight of ""commercial landfowl feather"" mixed solely with ""commercial down"", as defined in the Regulations. (d) 85% of more by weight of a combination of ""commercial waterfowl feather"" and ""commercial landfowl feather"" mixed solely with ""commercial down"", as defined in the Regulations. or(e) synthetic staple fibres of Chapter 55.Shells, made of fabrics of Chapter 52, 54, 55, 58 or 60, for use in the manufacture of featherbeds and pillows filled solely as described above.";;;;;;;N/A;;_DCA36;20240101;99991231;0;0;;;;;;
CA;99960000;20240101;99991231;EN;"Special classification provisions - commercial---Woven fabrics, unbleached or bleached, solely of single cotton yarns, measuring 151 decitex or more but not exceeding 300 decitex, having a sum of yarns per 10 cm in the warp and the weft of 790 or more, with an air permeability not exceeding 5.0 cm³/cm²-s-1 as determined by CAN/CGSB-4.2 No. 36-M89, for use in the manufacture of shells for featherbeds and pillows filled solely with one of the following:(a) ""commercial landfowl feather"" or ""commercial waterfowl feather"", or any combination of the two, as defined in the Textile Labelling and Advertising Regulations.(b) 85% or more by weight of ""commercial waterfowl feather"" mixed solely with ""commercial down"", as defined in the Regulations.(c) 85% or more by weight of ""commercial landfowl feather"" mixed solely with ""commercial down"", as defined in the Regulations. (d) 85% of more by weight of a combination of ""commercial waterfowl feather"" and ""commercial landfowl feather"" mixed solely with ""commercial down"", as defined in the Regulations. or(e) synthetic staple fibres of Chapter 55.Shells, made of fabrics of Chapter 52, 54, 55, 58 or 60, for use in the manufacture of featherbeds and pillows filled solely as described above.";;;;;;;ES;"Special classification provisions - commercial---Woven fabrics, unbleached or bleached, solely of single cotton yarns, measuring 151 decitex or more but not exceeding 300 decitex, having a sum of yarns per 10 cm in the warp and the weft of 790 or more, with an air permeability not exceeding 5.0 cm³/cm²-s-1 as determined by CAN/CGSB-4.2 No. 36-M89, for use in the manufacture of shells for featherbeds and pillows filled solely with one of the following:(a) ""commercial landfowl feather"" or ""commercial waterfowl feather"", or any combination of the two, as defined in the Textile Labelling and Advertising Regulations.(b) 85% or more by weight of ""commercial waterfowl feather"" mixed solely with ""commercial down"", as defined in the Regulations.(c) 85% or more by weight of ""commercial landfowl feather"" mixed solely with ""commercial down"", as defined in the Regulations. (d) 85% of more by weight of a combination of ""commercial waterfowl feather"" and ""commercial landfowl feather"" mixed solely with ""commercial down"", as defined in the Regulations. or(e) synthetic staple fibres of Chapter 55.Shells, made of fabrics of Chapter 52, 54, 55, 58 or 60, for use in the manufacture of featherbeds and pillows filled solely as described above.";;;;;;;N/A;;_DCA8;20240101;99991231;0;0;;;;;;
CA;99960000;20240101;99991231;EN;"Special classification provisions - commercial---Woven fabrics, unbleached or bleached, solely of single cotton yarns, measuring 151 decitex or more but not exceeding 300 decitex, having a sum of yarns per 10 cm in the warp and the weft of 790 or more, with an air permeability not exceeding 5.0 cm³/cm²-s-1 as determined by CAN/CGSB-4.2 No. 36-M89, for use in the manufacture of shells for featherbeds and pillows filled solely with one of the following:(a) ""commercial landfowl feather"" or ""commercial waterfowl feather"", or any combination of the two, as defined in the Textile Labelling and Advertising Regulations.(b) 85% or more by weight of ""commercial waterfowl feather"" mixed solely with ""commercial down"", as defined in the Regulations.(c) 85% or more by weight of ""commercial landfowl feather"" mixed solely with ""commercial down"", as defined in the Regulations. (d) 85% of more by weight of a combination of ""commercial waterfowl feather"" and ""commercial landfowl feather"" mixed solely with ""commercial down"", as defined in the Regulations. or(e) synthetic staple fibres of Chapter 55.Shells, made of fabrics of Chapter 52, 54, 55, 58 or 60, for use in the manufacture of featherbeds and pillows filled solely as described above.";;;;;;;ES;"Special classification provisions - commercial---Woven fabrics, unbleached or bleached, solely of single cotton yarns, measuring 151 decitex or more but not exceeding 300 decitex, having a sum of yarns per 10 cm in the warp and the weft of 790 or more, with an air permeability not exceeding 5.0 cm³/cm²-s-1 as determined by CAN/CGSB-4.2 No. 36-M89, for use in the manufacture of shells for featherbeds and pillows filled solely with one of the following:(a) ""commercial landfowl feather"" or ""commercial waterfowl feather"", or any combination of the two, as defined in the Textile Labelling and Advertising Regulations.(b) 85% or more by weight of ""commercial waterfowl feather"" mixed solely with ""commercial down"", as defined in the Regulations.(c) 85% or more by weight of ""commercial landfowl feather"" mixed solely with ""commercial down"", as defined in the Regulations. (d) 85% of more by weight of a combination of ""commercial waterfowl feather"" and ""commercial landfowl feather"" mixed solely with ""commercial down"", as defined in the Regulations. or(e) synthetic staple fibres of Chapter 55.Shells, made of fabrics of Chapter 52, 54, 55, 58 or 60, for use in the manufacture of featherbeds and pillows filled solely as described above.";;;;;;;N/A;;_DCA9;20240101;99991231;0;0;;;;;;
